lat_cell,lon_cell,cell_max_mag,cell_count,cell_avg_depth
-84.5,41.5,4.4,1,7.0
-84.0,132.5,4.6,2,19.4
-83.0,112.0,4.2,1,10.0
-82.0,-44.0,4.7,1,10.0
-81.0,158.5,4.3,1,10.0
-80.5,158.0,4.2,1,10.0
-80.0,42.0,4.6,1,10.0
-77.5,-148.5,4.7,1,10.0
-77.0,-150.0,4.4,1,10.0
-77.0,-149.5,4.8,1,10.2
-77.0,-149.0,5.5,1,12.0
-76.5,164.0,5.1,1,10.0
-75.5,163.5,2.5,1,10.0
-73.5,-136.0,4.8,1,10.0
-73.5,-135.5,4.7,1,10.0
-73.5,168.0,4.0,1,10.0
-71.5,-126.5,5.0,1,10.0
-71.5,-116.5,4.5,1,10.0
-71.5,168.0,4.5,1,10.0
-71.0,-96.0,4.5,1,29.7
-70.5,64.5,4.1,1,14.89
-70.0,165.5,6.3,1,14.0
-69.5,-110.5,5.2,1,10.0
-69.5,-87.0,4.2,1,10.0
-68.5,164.0,4.9,1,10.0
-68.5,170.5,5.0,1,16.67
-68.0,154.0,4.1,1,10.0
-67.5,111.5,4.2,1,10.0
-67.5,112.0,4.3,1,5.0
-67.5,112.5,4.7,3,8.333333333333334
-67.5,113.0,4.0,1,10.0
-67.0,108.0,4.4,1,15.05
-67.0,111.0,5.7,1,10.0
-67.0,111.5,4.1,2,10.0
-67.0,112.0,5.3,3,10.0
-67.0,112.5,4.4,5,9.0
-67.0,113.0,4.1,1,10.0
-66.5,167.0,4.3,1,10.0
-66.0,-175.5,5.8,2,10.0
-66.0,133.5,4.9,4,10.0
-66.0,134.0,4.6,1,10.0
-66.0,135.0,4.2,1,10.0
-66.0,179.5,4.8,1,10.0
-65.5,-180.0,5.8,6,10.0
-65.5,-179.5,6.2,5,10.0
-65.5,-178.5,4.7,1,10.0
-65.5,-178.0,5.3,1,10.0
-65.5,-177.0,5.8,2,10.0
-65.5,-176.5,5.8,2,10.0
-65.5,-176.0,5.3,4,10.0
-65.5,-175.5,4.8,1,10.0
-65.5,-175.0,4.7,1,10.0
-65.5,-174.5,4.2,1,10.0
-65.5,-174.0,4.5,1,10.0
-65.5,-74.0,4.7,1,10.0
-65.5,-71.5,5.7,1,10.0
-65.5,44.5,4.6,1,10.0
-65.5,133.5,5.4,2,10.0
-65.5,171.0,5.1,1,10.0
-65.5,176.5,4.5,1,10.0
-65.5,178.0,4.6,5,10.0
-65.5,178.5,5.6,7,10.001428571428573
-65.5,179.0,5.8,6,10.0
-65.5,179.5,5.6,8,10.0
-65.5,180.0,5.5,4,10.0
-65.0,-177.5,4.0,1,10.0
-65.0,-177.0,4.8,1,10.0
-65.0,-175.5,4.5,1,10.0
-65.0,-174.0,4.7,1,10.0
-65.0,-173.5,4.7,2,10.0
-65.0,-171.0,4.9,1,10.0
-65.0,-170.5,4.5,1,10.0
-65.0,81.0,4.9,1,9.7
-65.0,174.0,4.7,2,10.0
-65.0,176.0,4.7,2,10.0
-65.0,176.5,5.0,6,10.033333333333333
-65.0,177.0,4.9,3,17.666666666666668
-65.0,177.5,5.4,9,12.555555555555555
-65.0,178.0,5.5,14,11.005714285714287
-65.0,178.5,5.3,8,9.95875
-65.0,179.0,5.0,10,9.995000000000001
-65.0,179.5,5.9,11,10.001363636363637
-65.0,180.0,4.8,2,9.815000000000001
-64.5,-178.0,4.6,1,10.0
-64.5,-171.5,4.3,1,10.0
-64.5,-69.5,4.7,1,21.6
-64.5,172.5,5.4,1,10.0
-64.5,173.0,4.8,2,10.0
-64.5,173.5,4.7,1,10.0
-64.5,174.0,4.7,3,10.0
-64.5,174.5,4.3,2,10.0
-64.5,175.0,5.5,11,9.954545454545455
-64.5,175.5,5.2,14,11.612857142857143
-64.5,176.0,5.4,9,10.0
-64.5,176.5,5.2,3,10.0
-64.5,177.0,5.1,5,9.968
-64.5,177.5,5.4,2,10.0
-64.5,178.0,4.3,1,10.0
-64.5,179.0,4.9,2,10.0
-64.0,-169.0,5.3,2,10.0
-64.0,-168.0,5.6,1,10.0
-64.0,-159.0,5.6,1,10.0
-64.0,154.5,4.8,1,10.0
-64.0,166.5,4.9,1,10.0
-64.0,169.5,4.2,1,10.0
-64.0,171.0,4.5,1,14.66
-64.0,172.0,5.0,3,10.0
-64.0,172.5,4.6,3,10.0
-64.0,173.0,4.7,3,10.0
-64.0,173.5,4.6,1,10.0
-64.0,174.0,4.5,1,10.0
-64.0,175.0,4.6,1,10.0
-64.0,175.5,4.2,1,10.0
-64.0,176.0,4.2,1,10.0
-64.0,177.5,4.4,1,10.26
-63.5,-176.0,4.8,1,10.0
-63.5,-168.0,4.2,1,10.0
-63.5,-167.5,5.9,3,8.0
-63.5,-167.0,5.6,8,10.0
-63.5,-166.5,6.0,7,10.0
-63.5,-165.0,5.7,1,10.13
-63.5,-164.5,4.8,1,16.01
-63.5,-159.5,5.2,1,10.0
-63.5,-156.5,5.4,1,10.0
-63.5,-63.0,5.0,1,10.0
-63.5,-62.5,5.7,2,9.4
-63.5,-62.0,5.4,2,10.0
-63.5,-33.5,4.7,1,10.0
-63.5,145.0,5.0,1,10.0
-63.5,145.5,4.3,1,10.0
-63.5,147.5,5.5,2,10.0
-63.5,148.0,6.4,6,10.0
-63.5,148.5,4.5,3,10.0
-63.5,149.0,4.6,3,10.0
-63.5,149.5,4.4,2,10.0
-63.5,168.0,4.9,1,10.0
-63.5,168.5,4.9,3,10.0
-63.5,169.5,5.6,2,10.0
-63.5,170.0,5.8,4,10.0
-63.5,170.5,5.3,5,10.0
-63.5,171.0,5.4,7,11.42
-63.5,171.5,5.5,8,10.81
-63.5,172.0,5.4,3,10.0
-63.5,172.5,5.9,8,10.0
-63.5,173.0,4.6,2,10.0
-63.5,173.5,5.2,2,10.0
-63.5,174.5,4.5,2,10.0
-63.0,-166.0,4.3,1,10.0
-63.0,-165.0,5.3,4,11.23
-63.0,-164.5,5.9,8,10.682500000000001
-63.0,-164.0,5.5,6,10.0
-63.0,-163.5,5.6,1,10.0
-63.0,-163.0,4.9,1,10.0
-63.0,-162.5,4.6,1,10.0
-63.0,-162.0,5.2,2,10.0
-63.0,-161.5,4.6,1,10.0
-63.0,-161.0,4.5,1,10.0
-63.0,-160.5,5.4,1,10.0
-63.0,-159.5,5.5,4,10.0
-63.0,-158.5,5.5,7,10.0
-63.0,-158.0,5.3,10,10.0
-63.0,-157.5,5.5,6,10.0
-63.0,-157.0,4.1,1,10.0
-63.0,-63.5,4.4,1,10.0
-63.0,-62.5,4.5,2,21.5
-63.0,144.5,4.8,7,10.0
-63.0,145.0,5.8,5,10.0
-63.0,145.5,6.1,8,9.5
-63.0,146.0,5.3,9,10.0
-63.0,146.5,4.3,2,10.0
-63.0,147.0,4.6,3,10.0
-63.0,147.5,4.4,5,10.0
-63.0,148.0,4.2,2,10.0
-63.0,148.5,4.5,4,10.9975
-63.0,149.0,4.4,2,10.0
-63.0,149.5,8.1,3,10.0
-63.0,150.0,5.4,3,10.0
-63.0,150.5,4.5,5,10.0
-63.0,151.0,3.8,1,33.0
-63.0,151.5,4.8,3,10.0
-63.0,152.0,4.4,2,10.0
-63.0,152.5,4.7,2,10.0
-63.0,153.0,4.5,1,10.0
-63.0,154.5,4.6,1,10.0
-63.0,155.5,6.2,5,12.319999999999999
-63.0,156.0,5.6,3,11.683333333333332
-63.0,162.5,4.6,1,10.0
-63.0,163.0,5.9,1,10.0
-63.0,164.5,4.3,1,10.0
-63.0,166.0,5.3,2,10.0
-63.0,166.5,4.9,1,10.0
-63.0,167.0,4.9,1,10.0
-63.0,167.5,4.6,1,10.0
-63.0,168.0,5.4,1,10.0
-63.0,168.5,4.6,1,10.0
-63.0,169.0,4.9,3,10.0
-63.0,169.5,5.1,3,10.0
-63.0,170.0,4.5,2,10.0
-63.0,170.5,5.8,17,10.90470588235294
-63.0,171.0,5.1,8,10.0
-63.0,171.5,5.4,2,10.0
-63.0,172.0,4.6,1,10.0
-63.0,173.0,4.4,1,10.0
-62.5,-164.5,5.0,1,10.0
-62.5,-162.5,4.6,1,10.0
-62.5,-162.0,5.4,4,11.2125
-62.5,-161.5,6.1,11,10.0
-62.5,-161.0,5.7,8,10.0
-62.5,-160.5,5.4,5,10.0
-62.5,-160.0,4.6,2,10.01
-62.5,-159.5,5.3,3,10.0
-62.5,-159.0,5.4,7,10.028571428571428
-62.5,-158.5,5.4,17,10.0
-62.5,-158.0,5.3,9,10.0
-62.5,-153.5,4.3,1,10.0
-62.5,-62.5,4.2,1,55.3
-62.5,-61.5,4.8,1,10.0
-62.5,-61.0,5.0,1,10.0
-62.5,-60.5,4.2,1,38.25
-62.5,-60.0,4.9,7,19.704285714285714
-62.5,-59.5,4.9,4,13.93
-62.5,-59.0,4.8,1,10.0
-62.5,-58.5,5.7,74,9.435
-62.5,-58.0,5.4,55,10.705818181818183
-62.5,-57.5,4.9,3,12.366666666666667
-62.5,-57.0,4.6,2,10.0
-62.5,-55.5,4.3,2,10.0
-62.5,144.5,4.2,1,10.0
-62.5,145.0,4.6,2,10.0
-62.5,145.5,4.0,1,10.0
-62.5,146.0,4.6,2,10.0
-62.5,147.0,4.6,1,10.0
-62.5,147.5,4.2,2,10.0
-62.5,148.0,4.7,2,10.0
-62.5,148.5,4.7,1,10.0
-62.5,149.0,4.3,3,10.0
-62.5,149.5,4.5,3,10.0
-62.5,151.5,4.6,1,10.0
-62.5,154.0,5.4,3,10.0
-62.5,154.5,5.3,3,10.0
-62.5,155.0,6.3,7,10.0
-62.5,155.5,6.4,9,10.0
-62.5,156.0,5.9,1,10.0
-62.5,156.5,5.2,2,10.0
-62.5,157.0,5.2,1,10.0
-62.5,157.5,4.7,2,10.0
-62.5,158.5,5.2,2,10.0
-62.5,162.0,4.9,2,21.5
-62.5,163.5,4.6,1,10.0
-62.5,164.0,4.8,3,10.0
-62.5,164.5,6.0,8,10.0
-62.5,165.0,5.8,14,10.735714285714286
-62.5,165.5,5.5,8,10.0
-62.5,166.5,5.7,1,10.0
-62.5,167.0,4.3,2,10.0
-62.5,170.0,4.8,1,10.0
-62.0,-162.0,5.1,5,10.0
-62.0,-161.5,5.1,2,10.0
-62.0,-161.0,3.9,1,10.0
-62.0,-160.0,4.7,1,10.0
-62.0,-158.5,4.8,2,10.0
-62.0,-158.0,5.4,1,10.0
-62.0,-155.5,5.7,5,10.0
-62.0,-155.0,5.4,1,10.0
-62.0,-66.0,5.9,1,10.0
-62.0,-62.0,4.5,1,35.0
-62.0,-59.5,5.0,1,10.0
-62.0,-58.5,4.7,6,10.0
-62.0,-58.0,5.9,18,12.09388888888889
-62.0,-57.5,5.0,2,10.0
-62.0,-57.0,4.8,4,10.695
-62.0,-56.5,5.0,10,12.3
-62.0,-56.0,5.3,5,14.6
-62.0,-55.5,6.9,14,10.357142857142858
-62.0,-55.0,4.7,6,10.0
-62.0,-54.0,4.9,1,10.0
-62.0,-29.0,4.2,1,54.5
-62.0,-26.5,5.2,1,10.0
-62.0,46.5,5.0,1,10.0
-62.0,47.0,4.9,1,10.0
-62.0,142.5,4.0,1,10.0
-62.0,151.0,5.2,1,33.0
-62.0,151.5,4.7,1,10.0
-62.0,153.5,5.4,1,10.0
-62.0,154.0,5.0,3,10.0
-62.0,154.5,6.0,7,10.0
-62.0,155.0,5.9,11,9.272727272727273
-62.0,155.5,5.7,9,10.304444444444444
-62.0,156.0,5.1,2,10.0
-62.0,156.5,4.8,1,14.99
-62.0,159.5,4.6,1,10.0
-62.0,160.0,5.6,2,10.0
-62.0,160.5,5.0,2,10.0
-62.0,161.0,6.0,6,10.0
-62.0,161.5,5.9,8,10.605
-62.0,162.0,4.7,2,10.0
-62.0,162.5,4.9,2,10.0
-62.0,163.0,5.0,2,10.0
-62.0,163.5,5.2,1,10.0
-62.0,164.5,5.1,4,10.0
-62.0,165.0,5.8,6,10.0
-62.0,165.5,5.2,4,10.0
-62.0,166.0,4.7,2,10.0
-62.0,166.5,4.5,1,10.0
-61.5,-156.0,4.2,1,10.0
-61.5,-155.5,4.9,1,10.0
-61.5,-65.5,4.7,1,10.0
-61.5,-58.5,5.2,2,11.75
-61.5,-58.0,4.7,1,10.0
-61.5,-57.0,5.1,2,10.0
-61.5,-56.0,4.9,4,15.75
-61.5,-55.5,5.4,13,10.892307692307693
-61.5,-55.0,5.0,14,10.665714285714285
-61.5,-54.5,4.8,4,15.725
-61.5,-54.0,5.0,3,10.0
-61.5,-53.5,5.1,2,10.0
-61.5,-38.0,4.4,1,10.0
-61.5,-37.0,5.1,2,10.0
-61.5,-36.0,5.1,3,20.099999999999998
-61.5,-35.5,4.3,1,10.0
-61.5,-35.0,4.0,1,10.0
-61.5,-34.5,4.3,1,10.0
-61.5,-34.0,5.0,1,10.0
-61.5,-28.0,4.4,2,23.185
-61.5,-24.0,4.6,1,111.4
-61.5,148.5,3.9,1,10.0
-61.5,153.5,5.1,7,10.0
-61.5,154.0,6.0,15,9.84
-61.5,154.5,6.4,13,10.307692307692308
-61.5,155.0,6.7,9,10.0
-61.5,155.5,4.7,5,12.308
-61.5,156.0,4.6,2,10.0
-61.5,156.5,4.6,1,14.94
-61.5,157.0,4.4,1,10.0
-61.5,159.5,5.0,1,10.0
-61.5,160.0,4.7,1,10.0
-61.5,160.5,5.4,3,15.4
-61.5,161.0,5.3,4,10.7825
-61.5,161.5,5.7,6,10.0
-61.5,162.0,4.8,3,10.0
-61.5,162.5,4.8,1,10.0
-61.5,165.5,4.4,1,10.0
-61.0,-153.5,4.5,1,10.0
-61.0,-149.0,4.9,1,10.0
-61.0,-67.5,4.6,1,23.5
-61.0,-63.0,5.0,1,10.0
-61.0,-58.5,4.6,1,30.6
-61.0,-57.5,4.7,2,10.0
-61.0,-57.0,4.7,2,10.0
-61.0,-56.5,4.8,2,10.0
-61.0,-56.0,6.6,4,11.344999999999999
-61.0,-54.5,4.2,2,21.5
-61.0,-54.0,5.0,4,22.5
-61.0,-53.5,4.3,2,15.21
-61.0,-52.0,4.8,1,10.0
-61.0,-51.5,5.1,5,10.0
-61.0,-51.0,5.5,9,10.130555555555555
-61.0,-46.5,4.9,1,10.0
-61.0,-45.5,4.6,2,10.0
-61.0,-45.0,4.6,2,12.3
-61.0,-43.5,4.1,1,10.0
-61.0,-43.0,4.7,1,12.33
-61.0,-42.5,4.6,3,11.693333333333333
-61.0,-42.0,4.9,3,11.726666666666667
-61.0,-41.5,4.3,1,14.88
-61.0,-41.0,4.7,1,10.0
-61.0,-40.5,4.6,2,10.0
-61.0,-39.0,4.8,2,21.5
-61.0,-37.5,5.2,4,10.0
-61.0,-37.0,5.2,1,10.0
-61.0,-36.5,4.8,2,10.0
-61.0,-36.0,5.1,4,10.0
-61.0,-35.0,4.3,1,10.0
-61.0,-34.5,7.0,2,11.5
-61.0,-34.0,5.9,13,11.123076923076923
-61.0,-33.5,5.0,2,12.594999999999999
-61.0,-33.0,4.0,1,33.0
-61.0,-32.0,4.1,1,33.0
-61.0,-28.0,4.8,1,10.0
-61.0,-27.5,4.6,4,33.75
-61.0,-27.0,4.6,9,21.642222222222223
-61.0,-26.5,5.0,10,19.6
-61.0,-26.0,6.1,9,21.326666666666668
-61.0,-25.5,6.6,10,16.9
-61.0,-25.0,7.3,12,23.691666666666666
-61.0,-24.5,4.9,6,21.083333333333332
-61.0,-24.0,5.5,9,27.684444444444445
-61.0,-23.5,6.1,10,24.31
-61.0,-23.0,5.3,6,22.55
-61.0,-22.5,4.7,3,18.333333333333332
-61.0,-22.0,4.9,4,24.675
-61.0,-21.5,7.4,2,36.05
-61.0,-21.0,5.2,2,21.5
-61.0,-20.0,6.5,11,10.305454545454545
-61.0,-19.5,5.3,8,18.83875
-61.0,-19.0,4.6,2,22.5
-61.0,-18.0,4.4,1,10.0
-61.0,152.0,4.6,1,10.0
-61.0,152.5,4.6,1,10.0
-61.0,153.0,4.6,2,10.0
-61.0,153.5,5.3,7,10.0
-61.0,154.0,6.6,13,11.76923076923077
-61.0,154.5,6.1,5,14.6
-61.0,155.0,4.9,4,10.0
-61.0,156.0,4.1,1,10.0
-61.0,158.5,4.2,1,10.0
-61.0,160.0,5.8,4,10.0
-61.0,160.5,5.0,4,10.0
-61.0,161.0,5.3,4,10.0
-61.0,161.5,5.2,1,10.0
-61.0,162.0,4.4,1,14.94
-61.0,163.0,4.6,1,12.52
-60.5,-66.0,4.8,2,21.5
-60.5,-65.0,5.8,1,10.0
-60.5,-57.5,4.9,3,12.156666666666666
-60.5,-57.0,6.2,5,14.6
-60.5,-56.5,5.8,3,15.1
-60.5,-52.5,5.8,3,39.300000000000004
-60.5,-52.0,5.2,4,15.0
-60.5,-51.5,5.4,5,15.52
-60.5,-51.0,5.9,3,17.666666666666668
-60.5,-50.5,5.0,7,19.457142857142856
-60.5,-50.0,5.1,11,25.745454545454546
-60.5,-49.5,4.2,1,10.0
-60.5,-49.0,4.8,7,12.508571428571429
-60.5,-48.5,5.0,4,11.2525
-60.5,-48.0,4.8,2,14.365
-60.5,-47.5,5.5,17,16.646470588235296
-60.5,-47.0,6.9,28,10.046785714285715
-60.5,-46.5,7.7,41,10.020731707317074
-60.5,-46.0,5.3,14,11.32642857142857
-60.5,-45.5,5.3,16,13.101875
-60.5,-45.0,5.8,33,13.558939393939394
-60.5,-44.5,5.7,22,10.885909090909092
-60.5,-44.0,5.8,32,10.8734375
-60.5,-43.5,7.6,39,12.596410256410255
-60.5,-43.0,5.5,29,11.989310344827587
-60.5,-42.5,5.6,27,11.591481481481482
-60.5,-42.0,4.6,5,13.040000000000001
-60.5,-41.5,5.0,3,11.146666666666667
-60.5,-41.0,4.5,1,15.87
-60.5,-35.5,5.3,1,13.76
-60.5,-34.5,4.9,4,10.0
-60.5,-34.0,4.6,3,28.03333333333333
-60.5,-33.5,6.0,1,10.0
-60.5,-33.0,5.4,4,10.0
-60.5,-32.5,4.7,3,13.666666666666666
-60.5,-32.0,5.2,2,18.2
-60.5,-31.5,5.2,3,17.666666666666668
-60.5,-31.0,5.7,3,17.666666666666668
-60.5,-30.5,4.5,1,10.0
-60.5,-29.5,4.6,2,10.0
-60.5,-29.0,4.6,4,15.75
-60.5,-28.5,5.1,8,22.25
-60.5,-28.0,5.4,20,22.425
-60.5,-27.5,6.2,17,36.966647058823526
-60.5,-27.0,6.1,88,21.786045454545455
-60.5,-26.5,5.8,83,17.42822891566265
-60.5,-26.0,6.2,40,16.0945
-60.5,-25.5,6.0,38,18.320263157894736
-60.5,-25.0,7.1,55,15.539636363636363
-60.5,-24.5,5.7,16,13.0
-60.5,-24.0,4.4,7,14.057142857142859
-60.5,-23.5,4.7,4,27.0
-60.5,-23.0,6.0,2,33.0
-60.5,-22.5,5.0,1,33.0
-60.5,-22.0,6.5,1,11.8
-60.5,-21.5,4.0,1,33.0
-60.5,-21.0,5.5,3,10.156666666666666
-60.5,-20.5,5.5,3,10.0
-60.5,-20.0,5.8,5,10.0
-60.5,-19.5,5.0,5,17.044
-60.5,-19.0,5.4,5,12.028
-60.5,-18.5,4.5,1,10.0
-60.5,150.5,4.8,1,10.0
-60.5,151.0,4.7,2,10.0
-60.5,151.5,4.5,1,10.0
-60.5,152.0,4.1,1,10.0
-60.5,153.0,6.4,7,10.0
-60.5,153.5,6.6,5,10.0
-60.5,154.0,6.5,7,10.0
-60.5,154.5,5.6,2,10.0
-60.5,155.5,4.9,3,25.333333333333332
-60.5,159.5,4.8,3,10.0
-60.5,160.0,5.2,2,10.0
-60.5,160.5,5.9,1,10.0
-60.5,162.5,4.7,1,15.01
-60.0,-152.0,4.2,1,10.0
-60.0,-151.5,4.6,1,15.0
-60.0,-151.0,5.0,2,10.0
-60.0,-65.5,4.6,1,10.0
-60.0,-65.0,6.0,1,10.0
-60.0,-58.5,5.2,5,11.52
-60.0,-58.0,5.3,2,10.0
-60.0,-57.0,4.4,1,10.4
-60.0,-56.5,4.3,1,10.0
-60.0,-50.5,4.5,1,10.0
-60.0,-49.5,4.0,1,10.0
-60.0,-49.0,4.6,2,10.0
-60.0,-47.5,5.5,8,12.875
-60.0,-47.0,5.2,20,10.234
-60.0,-46.5,4.9,15,13.766
-60.0,-46.0,4.7,4,10.0
-60.0,-45.5,4.6,8,17.025
-60.0,-45.0,4.9,7,13.094285714285714
-60.0,-44.5,4.3,3,10.0
-60.0,-44.0,4.7,7,11.952857142857143
-60.0,-43.5,4.6,5,10.937999999999999
-60.0,-42.5,4.7,1,15.02
-60.0,-42.0,4.2,1,10.0
-60.0,-34.0,4.6,1,30.1
-60.0,-33.0,4.8,3,11.299999999999999
-60.0,-32.5,4.1,1,10.0
-60.0,-31.5,5.6,4,17.475
-60.0,-31.0,5.3,2,21.5
-60.0,-30.5,4.7,4,16.259999999999998
-60.0,-30.0,4.6,2,10.0
-60.0,-29.5,6.0,6,13.033333333333333
-60.0,-29.0,5.0,10,21.130000000000003
-60.0,-28.5,4.9,10,78.086
-60.0,-28.0,5.7,18,101.92722222222223
-60.0,-27.5,5.3,33,75.06393939393939
-60.0,-27.0,6.7,55,50.10790909090909
-60.0,-26.5,6.7,146,41.56789726027397
-60.0,-26.0,5.7,73,32.5838904109589
-60.0,-25.5,6.0,28,16.177857142857142
-60.0,-25.0,5.5,28,15.669642857142858
-60.0,-24.5,5.0,12,10.0
-60.0,-24.0,6.6,11,10.181818181818182
-60.0,-23.5,5.1,3,24.14
-60.0,-23.0,5.0,1,33.0
-60.0,-19.0,5.5,12,12.1275
-60.0,-18.5,5.8,14,12.362857142857141
-60.0,-18.0,4.7,1,33.0
-60.0,82.0,4.6,1,10.0
-60.0,149.0,4.7,1,10.0
-60.0,149.5,4.9,1,10.0
-60.0,150.0,6.4,5,10.0
-60.0,150.5,5.9,6,13.833333333333334
-60.0,151.0,6.1,1,10.0
-60.0,151.5,4.5,1,10.0
-60.0,152.5,4.5,1,10.0
-60.0,153.0,4.4,1,10.0
-60.0,153.5,5.0,2,10.0
-60.0,159.5,5.5,3,10.0
-60.0,160.0,4.5,1,10.0
-60.0,161.0,4.3,1,10.0
-59.5,-152.0,4.6,2,10.0
-59.5,-151.5,5.7,6,10.0
-59.5,-151.0,5.7,10,10.0
-59.5,-150.5,5.9,5,11.2
-59.5,-148.0,4.6,1,10.0
-59.5,-66.0,4.7,1,33.0
-59.5,-60.0,5.5,4,11.2525
-59.5,-40.5,4.7,1,10.0
-59.5,-38.5,4.4,1,10.0
-59.5,-33.0,4.7,1,33.0
-59.5,-32.5,4.3,1,10.0
-59.5,-30.0,5.1,5,23.94
-59.5,-29.5,5.9,17,17.935294117647057
-59.5,-29.0,6.3,9,43.15
-59.5,-28.5,4.9,8,258.00874999999996
-59.5,-28.0,5.7,7,155.19
-59.5,-27.5,5.5,5,130.07999999999998
-59.5,-27.0,5.5,28,44.638928571428565
-59.5,-26.5,6.0,103,57.13267961165049
-59.5,-26.0,5.9,201,38.13788059701493
-59.5,-25.5,6.5,101,26.958316831683167
-59.5,-25.0,5.5,57,18.687719298245614
-59.5,-24.5,5.6,20,19.0995
-59.5,-24.0,5.1,9,15.333333333333334
-59.5,-23.5,5.2,10,14.388
-59.5,-21.0,5.1,1,15.4
-59.5,-20.5,4.9,1,10.0
-59.5,-20.0,4.8,1,10.0
-59.5,-19.5,4.5,1,10.0
-59.5,-19.0,5.0,1,10.0
-59.5,-18.0,5.9,6,9.768333333333333
-59.5,-17.5,4.7,1,9.11
-59.5,-17.0,5.8,1,10.0
-59.5,148.5,4.5,1,10.0
-59.5,149.0,5.3,5,14.6
-59.5,149.5,6.5,14,9.964285714285714
-59.5,150.5,6.0,3,10.0
-59.5,151.5,4.2,1,13.56
-59.5,158.5,4.4,1,12.83
-59.5,159.0,4.4,1,10.0
-59.5,159.5,5.1,3,10.0
-59.5,160.0,4.6,1,10.0
-59.0,-160.0,5.0,1,10.0
-59.0,-159.5,5.4,4,10.0
-59.0,-151.5,5.0,1,10.0
-59.0,-151.0,4.6,3,10.0
-59.0,-150.5,4.2,1,10.0
-59.0,-149.5,4.9,3,10.0
-59.0,-77.0,4.9,1,14.4
-59.0,-65.5,4.0,1,33.0
-59.0,-61.0,5.2,2,10.0
-59.0,-60.5,4.7,1,10.0
-59.0,-58.5,4.0,1,10.0
-59.0,-30.5,5.2,1,10.0
-59.0,-30.0,4.6,2,22.5
-59.0,-29.5,4.5,2,50.58
-59.0,-29.0,4.3,1,33.0
-59.0,-28.0,4.7,3,237.26666666666665
-59.0,-27.0,5.1,5,46.8
-59.0,-26.5,6.1,20,111.99100000000001
-59.0,-26.0,5.4,69,75.00853623188405
-59.0,-25.5,5.8,205,39.46171219512195
-59.0,-25.0,5.6,134,25.995514925373133
-59.0,-24.5,5.9,30,19.61
-59.0,-24.0,5.9,32,11.4253125
-59.0,-23.5,5.6,21,12.550952380952381
-59.0,-23.0,4.5,6,24.936666666666667
-59.0,-18.0,5.9,3,25.333333333333332
-59.0,-17.5,5.3,3,10.0
-59.0,-17.0,5.6,11,9.766363636363637
-59.0,-16.5,6.2,5,9.76
-59.0,-16.0,4.4,1,15.09
-59.0,-14.0,5.0,1,33.0
-59.0,147.5,4.2,1,10.0
-59.0,148.0,4.6,1,10.0
-59.0,148.5,4.8,5,9.620000000000001
-59.0,149.0,5.9,12,10.0
-59.0,149.5,4.8,5,10.059999999999999
-59.0,150.0,4.7,4,10.0
-59.0,158.0,5.4,1,10.0
-59.0,158.5,6.1,4,16.85
-59.0,159.0,4.9,3,10.0
-59.0,159.5,4.9,2,10.0
-58.5,-150.0,4.6,1,10.0
-58.5,-149.0,5.3,6,10.0
-58.5,-145.0,4.9,1,10.0
-58.5,-143.5,5.5,1,10.0
-58.5,-140.0,5.4,9,10.0
-58.5,-139.5,5.5,5,10.0
-58.5,-66.0,4.3,1,33.0
-58.5,-65.5,4.2,1,33.0
-58.5,-63.0,5.3,1,10.0
-58.5,-62.5,4.6,1,10.0
-58.5,-62.0,4.1,1,10.0
-58.5,-61.5,4.8,1,10.0
-58.5,-53.5,4.4,1,10.0
-58.5,-30.0,5.2,6,20.900000000000002
-58.5,-29.5,5.5,7,15.885714285714286
-58.5,-28.0,4.9,1,100.0
-58.5,-27.5,4.2,1,101.0
-58.5,-27.0,4.7,5,171.274
-58.5,-26.5,7.1,26,147.95461538461538
-58.5,-26.0,5.7,34,92.91485294117648
-58.5,-25.5,8.1,120,40.60236666666666
-58.5,-25.0,5.8,241,28.888730290456433
-58.5,-24.5,6.1,33,16.39666666666667
-58.5,-24.0,6.6,23,11.81304347826087
-58.5,-23.5,6.9,69,11.897101449275363
-58.5,-23.0,5.2,27,12.148148148148149
-58.5,-22.0,5.3,5,19.6
-58.5,-21.5,4.6,1,10.0
-58.5,-16.0,5.0,2,10.0
-58.5,-15.0,6.6,3,10.0
-58.5,-14.5,5.1,6,11.883333333333333
-58.5,-14.0,5.4,1,10.0
-58.5,-13.5,4.3,1,10.0
-58.5,-13.0,6.2,2,10.0
-58.5,-11.5,4.3,1,10.0
-58.5,-9.0,4.9,1,35.0
-58.5,147.5,4.3,1,10.0
-58.5,148.5,5.0,2,10.0
-58.5,149.0,5.6,8,9.775
-58.5,149.5,5.5,2,8.335
-58.5,150.5,4.5,1,10.0
-58.5,158.0,5.9,9,10.2
-58.5,158.5,4.8,2,10.0
-58.5,159.0,4.3,1,10.0
-58.5,162.0,4.3,1,33.0
-58.5,164.0,4.4,1,10.0
-58.0,-149.0,5.1,1,10.0
-58.0,-148.5,4.5,1,14.72
-58.0,-148.0,4.9,2,10.0
-58.0,-147.5,4.8,5,10.940000000000001
-58.0,-147.0,4.6,1,10.0
-58.0,-146.5,4.6,1,10.0
-58.0,-142.5,4.6,1,10.0
-58.0,-140.0,5.3,12,10.435833333333333
-58.0,-139.5,5.3,5,10.0
-58.0,-139.0,5.5,1,10.0
-58.0,-122.0,4.3,1,10.0
-58.0,-121.5,4.6,1,10.0
-58.0,-66.0,5.1,2,10.0
-58.0,-65.5,4.9,3,12.966666666666667
-58.0,-65.0,5.4,1,10.0
-58.0,-64.5,5.6,2,8.0
-58.0,-64.0,5.5,1,10.0
-58.0,-59.5,4.7,1,10.0
-58.0,-30.0,4.5,1,10.0
-58.0,-29.5,5.0,3,28.3
-58.0,-29.0,4.5,1,35.0
-58.0,-28.0,4.9,3,216.85999999999999
-58.0,-27.5,5.0,2,228.765
-58.0,-27.0,4.6,5,196.26
-58.0,-26.5,5.6,17,136.32823529411763
-58.0,-26.0,5.6,44,72.00425
-58.0,-25.5,6.1,255,44.960854901960786
-58.0,-25.0,5.8,133,36.62508270676692
-58.0,-24.5,5.1,26,27.220769230769232
-58.0,-24.0,6.3,44,12.86909090909091
-58.0,-23.5,5.3,42,12.785714285714286
-58.0,-23.0,6.2,10,17.1
-58.0,-22.0,7.0,7,21.32857142857143
-58.0,-21.5,5.1,3,17.599999999999998
-58.0,-16.0,4.6,1,10.0
-58.0,-15.0,5.0,1,10.0
-58.0,-14.5,6.8,2,25.15
-58.0,-13.0,6.7,2,16.435000000000002
-58.0,-11.5,4.8,1,10.0
-58.0,-11.0,5.8,2,10.0
-58.0,-10.5,5.4,2,10.0
-58.0,-10.0,5.5,1,10.0
-58.0,-9.5,6.3,7,15.155714285714286
-58.0,-9.0,6.0,4,16.25
-58.0,-8.5,5.1,2,10.0
-58.0,-8.0,6.6,3,10.0
-58.0,-7.5,6.2,4,10.0
-58.0,-7.0,5.1,2,17.8
-58.0,-6.5,5.6,1,10.0
-58.0,148.0,6.4,5,10.0
-58.0,148.5,5.9,8,10.0
-58.0,149.0,4.7,3,10.0
-58.0,149.5,3.7,1,10.0
-58.0,150.0,4.0,1,10.0
-58.0,157.5,5.6,8,12.875
-58.0,158.0,4.8,5,10.0
-58.0,158.5,4.3,1,33.0
-57.5,-150.5,4.9,2,10.0
-57.5,-150.0,4.8,1,10.0
-57.5,-148.0,5.6,5,9.788
-57.5,-147.5,6.0,14,10.0
-57.5,-147.0,4.4,2,10.0
-57.5,-143.5,5.2,2,10.0
-57.5,-143.0,4.0,1,10.0
-57.5,-142.5,5.5,4,15.67
-57.5,-142.0,4.5,1,10.0
-57.5,-141.5,5.6,3,10.0
-57.5,-140.0,5.5,1,10.0
-57.5,-139.0,6.5,1,10.0
-57.5,-67.0,4.7,1,10.0
-57.5,-66.5,6.3,8,10.62125
-57.5,-66.0,6.3,13,13.607692307692307
-57.5,-65.5,6.2,4,17.0
-57.5,-29.5,5.2,3,55.333333333333336
-57.5,-29.0,4.9,1,33.0
-57.5,-28.5,4.9,1,10.0
-57.5,-28.0,5.6,4,285.5425
-57.5,-27.0,5.5,13,90.91584615384615
-57.5,-26.5,5.9,15,80.58066666666667
-57.5,-26.0,5.8,92,60.30132608695652
-57.5,-25.5,6.1,94,41.7998829787234
-57.5,-25.0,7.5,73,28.85304109589041
-57.5,-24.5,5.2,30,20.496666666666666
-57.5,-24.0,5.2,15,14.270666666666667
-57.5,-23.5,6.8,18,18.955
-57.5,-23.0,4.6,4,30.95
-57.5,-7.0,5.6,1,10.1
-57.5,-6.5,4.4,1,10.0
-57.5,146.0,4.2,2,10.0
-57.5,146.5,4.3,1,10.0
-57.5,147.0,4.8,5,10.61
-57.5,147.5,6.1,16,9.893125
-57.5,148.0,6.2,13,10.833846153846155
-57.5,148.5,6.4,3,10.0
-57.5,149.0,4.4,1,10.0
-57.5,150.0,4.7,1,10.0
-57.5,157.5,5.6,7,12.707142857142857
-57.5,158.5,4.3,1,10.0
-57.5,161.5,4.3,1,10.0
-57.0,-151.0,4.7,8,11.90375
-57.0,-150.5,5.4,20,10.262
-57.0,-147.5,5.5,4,10.0
-57.0,-144.5,5.0,1,10.0
-57.0,-144.0,5.3,1,10.0
-57.0,-143.0,6.1,6,10.0
-57.0,-142.5,6.3,4,10.0
-57.0,-142.0,5.8,8,10.0
-57.0,-141.5,6.3,11,10.362727272727271
-57.0,-141.0,5.8,17,9.94764705882353
-57.0,-140.5,5.9,8,10.0
-57.0,-140.0,4.9,4,10.0
-57.0,-138.5,4.5,1,10.0
-57.0,-126.5,4.3,1,10.0
-57.0,-68.0,4.5,1,35.3
-57.0,-67.5,5.2,3,10.0
-57.0,-67.0,5.2,2,10.0
-57.0,-30.5,5.2,5,23.64
-57.0,-30.0,5.0,1,33.0
-57.0,-29.5,4.5,2,89.275
-57.0,-28.0,5.4,4,224.75
-57.0,-27.5,6.1,8,131.2775
-57.0,-27.0,5.1,30,120.583
-57.0,-26.5,5.2,33,88.58866666666667
-57.0,-26.0,5.1,38,47.40352631578948
-57.0,-25.5,5.7,86,33.51375581395349
-57.0,-25.0,6.2,187,20.234310160427807
-57.0,-24.5,6.4,25,20.19644
-57.0,-24.0,5.9,17,17.470588235294116
-57.0,-23.5,5.2,12,19.29
-57.0,-23.0,4.2,1,15.1
-57.0,-7.0,4.0,1,10.0
-57.0,-6.0,4.8,1,10.0
-57.0,146.0,4.0,1,10.0
-57.0,146.5,4.3,3,10.0
-57.0,147.0,5.7,7,13.285714285714286
-57.0,147.5,6.0,16,10.06875
-57.0,148.0,5.7,11,10.30181818181818
-57.0,149.0,4.5,1,10.0
-57.0,157.5,4.3,1,10.0
-57.0,158.0,6.5,3,14.9
-57.0,158.5,4.4,1,10.0
-57.0,159.0,5.0,1,10.0
-56.5,-156.0,5.0,2,10.0
-56.5,-151.0,4.9,17,10.62
-56.5,-150.5,5.3,19,9.783684210526316
-56.5,-147.5,5.0,1,10.0
-56.5,-144.0,5.7,7,10.0
-56.5,-143.5,5.5,5,10.0
-56.5,-143.0,5.7,7,10.0
-56.5,-142.5,6.4,15,10.0
-56.5,-142.0,5.9,26,10.057692307692308
-56.5,-141.5,5.5,11,10.0
-56.5,-141.0,5.5,5,10.0
-56.5,-140.5,6.1,3,10.0
-56.5,-140.0,4.0,1,10.0
-56.5,-139.5,5.3,4,10.0
-56.5,-139.0,5.6,2,10.0
-56.5,-129.5,4.4,1,10.0
-56.5,-129.0,5.3,1,10.0
-56.5,-123.5,4.9,1,10.0
-56.5,-122.5,6.0,1,10.0
-56.5,-122.0,4.9,1,10.0
-56.5,-86.5,4.5,1,10.0
-56.5,-69.5,4.7,2,10.0
-56.5,-69.0,5.0,4,10.0
-56.5,-54.0,4.6,1,10.0
-56.5,-45.5,5.2,1,10.0
-56.5,-36.5,5.3,1,10.0
-56.5,-31.0,4.8,2,10.0
-56.5,-30.5,5.3,7,47.94285714285714
-56.5,-30.0,5.2,4,15.75
-56.5,-29.5,4.6,1,10.0
-56.5,-29.0,4.5,3,121.63666666666667
-56.5,-28.5,4.8,1,200.0
-56.5,-28.0,5.7,14,103.30642857142857
-56.5,-27.5,6.6,82,105.71123170731707
-56.5,-27.0,6.5,121,94.72404132231405
-56.5,-26.5,6.6,87,64.35468965517242
-56.5,-26.0,5.9,79,28.25886075949367
-56.5,-25.5,6.5,157,23.209471337579618
-56.5,-25.0,5.7,58,18.94103448275862
-56.5,-24.5,6.4,17,21.788235294117648
-56.5,-24.0,5.2,12,15.183333333333332
-56.5,-23.5,4.8,2,12.594999999999999
-56.5,-6.5,5.0,4,10.0
-56.5,-6.0,5.3,6,10.0
-56.5,-5.5,5.3,2,10.0
-56.5,-5.0,4.7,1,10.0
-56.5,144.0,4.2,1,10.0
-56.5,146.0,4.8,4,10.0
-56.5,146.5,4.5,4,10.004999999999999
-56.5,147.0,6.1,19,10.353157894736842
-56.5,147.5,5.9,22,9.945454545454545
-56.5,148.0,5.7,5,10.0
-56.5,148.5,4.7,2,10.0
-56.5,157.5,4.1,1,10.0
-56.5,158.0,5.3,3,10.0
-56.5,158.5,5.2,3,10.0
-56.5,159.5,4.7,1,10.0
-56.5,178.0,5.5,1,10.0
-56.0,-169.0,4.4,1,15.47
-56.0,-168.5,4.7,2,10.0
-56.0,-151.0,4.5,2,10.0
-56.0,-150.5,4.7,1,10.0
-56.0,-147.0,4.6,1,10.0
-56.0,-145.0,4.6,2,12.575
-56.0,-144.5,6.2,12,10.0
-56.0,-144.0,5.6,15,10.0
-56.0,-143.5,5.5,21,10.22857142857143
-56.0,-143.0,5.5,5,10.0
-56.0,-142.5,5.8,5,11.24
-56.0,-140.5,4.3,1,10.0
-56.0,-139.5,5.5,6,10.0
-56.0,-139.0,5.7,4,11.25
-56.0,-138.5,4.5,1,10.0
-56.0,-136.0,4.3,1,10.0
-56.0,-131.0,4.8,1,10.0
-56.0,-130.0,4.4,1,10.0
-56.0,-129.5,4.2,1,10.0
-56.0,-128.5,5.0,2,10.0
-56.0,-127.0,5.1,1,10.0
-56.0,-125.5,6.1,3,10.0
-56.0,-125.0,6.1,5,10.6
-56.0,-124.5,6.2,10,11.43
-56.0,-124.0,5.6,5,9.996
-56.0,-123.5,5.9,12,10.0
-56.0,-123.0,6.2,12,10.553333333333333
-56.0,-122.5,6.3,12,10.0
-56.0,-122.0,6.3,5,10.0
-56.0,-121.5,5.9,1,10.0
-56.0,-120.5,4.0,1,10.0
-56.0,-113.5,4.8,1,10.0
-56.0,-72.0,4.5,1,10.0
-56.0,-63.5,4.1,1,33.0
-56.0,-63.0,4.3,1,33.0
-56.0,-60.0,5.0,2,10.0
-56.0,-58.5,5.6,1,10.0
-56.0,-36.5,6.6,1,10.0
-56.0,-36.0,4.7,1,10.0
-56.0,-35.0,5.2,1,10.0
-56.0,-32.5,4.4,2,10.0
-56.0,-31.0,4.8,4,15.845
-56.0,-30.5,4.8,4,23.92
-56.0,-30.0,5.4,8,15.14375
-56.0,-29.5,4.6,2,34.095
-56.0,-29.0,6.2,13,146.80615384615385
-56.0,-28.5,5.5,24,113.44083333333333
-56.0,-28.0,6.4,170,105.86280588235294
-56.0,-27.5,6.0,355,95.59483943661971
-56.0,-27.0,7.2,249,62.00475903614458
-56.0,-26.5,6.3,102,37.35372549019608
-56.0,-26.0,5.4,48,26.411875
-56.0,-25.5,7.2,31,20.771935483870966
-56.0,-25.0,5.0,11,32.127272727272725
-56.0,-24.5,6.6,14,33.32357142857143
-56.0,-24.0,4.8,2,34.0
-56.0,-23.5,5.1,2,21.5
-56.0,-5.0,5.6,2,8.0
-56.0,-4.0,6.2,1,10.0
-56.0,-3.5,6.8,1,10.0
-56.0,96.0,4.4,1,10.0
-56.0,146.0,4.4,2,10.0
-56.0,146.5,6.4,3,7.666666666666667
-56.0,147.0,5.4,8,10.0
-56.0,147.5,4.5,4,10.0
-56.0,148.0,4.4,1,10.0
-56.0,155.5,5.4,1,10.0
-56.0,156.0,4.6,1,10.0
-56.0,158.0,6.2,1,33.0
-55.5,-168.5,4.5,1,10.0
-55.5,-151.0,4.7,1,10.0
-55.5,-148.0,5.0,1,10.0
-55.5,-145.0,5.1,9,10.0
-55.5,-144.5,5.0,6,10.0
-55.5,-144.0,4.6,2,10.0
-55.5,-141.5,4.6,1,15.21
-55.5,-136.0,4.8,1,10.0
-55.5,-135.5,4.6,1,10.0
-55.5,-130.5,4.3,1,33.0
-55.5,-130.0,5.4,2,10.0
-55.5,-129.5,5.7,5,10.0
-55.5,-129.0,6.1,12,10.0
-55.5,-128.5,6.3,19,10.266842105263157
-55.5,-128.0,6.2,8,10.0
-55.5,-127.5,4.7,1,10.0
-55.5,-127.0,5.1,1,10.0
-55.5,-126.5,4.8,1,10.0
-55.5,-125.5,5.2,3,10.0
-55.5,-125.0,5.8,16,10.0
-55.5,-124.5,6.0,19,10.0
-55.5,-124.0,5.4,11,10.0
-55.5,-123.5,6.7,17,9.971176470588235
-55.5,-123.0,5.0,1,10.0
-55.5,-122.5,4.5,2,10.0
-55.5,-122.0,4.8,2,10.0
-55.5,-118.5,5.3,1,10.0
-55.5,-71.5,4.6,1,33.0
-55.5,-36.5,4.5,1,10.0
-55.5,-36.0,5.9,4,12.727500000000001
-55.5,-35.5,5.3,6,10.628333333333334
-55.5,-33.0,4.7,4,19.255
-55.5,-32.5,5.2,3,11.213333333333333
-55.5,-32.0,7.4,9,10.222222222222221
-55.5,-31.5,5.0,31,10.768387096774193
-55.5,-31.0,5.7,36,11.929166666666667
-55.5,-30.5,5.3,15,11.565333333333333
-55.5,-30.0,6.8,38,20.822105263157894
-55.5,-29.5,6.2,51,18.898588235294117
-55.5,-29.0,6.9,59,24.28332203389831
-55.5,-28.5,6.9,106,21.20169811320755
-55.5,-28.0,6.0,206,21.633922330097086
-55.5,-27.5,5.7,94,28.81485106382979
-55.5,-27.0,6.2,172,21.58510465116279
-55.5,-26.5,5.4,74,22.47432432432432
-55.5,-26.0,6.1,38,22.176315789473687
-55.5,-25.5,5.1,12,33.49666666666666
-55.5,-25.0,5.7,12,29.143333333333334
-55.5,-24.5,4.7,2,10.0
-55.5,-5.0,5.2,1,10.0
-55.5,-4.0,6.0,2,10.0
-55.5,-3.5,5.2,1,10.0
-55.5,-3.0,4.3,1,10.0
-55.5,-2.5,6.5,3,10.0
-55.5,-2.0,5.4,5,10.0
-55.5,-1.5,5.8,22,10.0
-55.5,17.0,4.1,1,10.0
-55.5,77.0,4.7,1,10.0
-55.5,144.5,4.3,1,10.0
-55.5,145.5,4.6,2,21.5
-55.5,146.0,6.1,1,10.0
-55.5,146.5,5.3,9,9.822222222222223
-55.5,147.0,6.2,14,13.594285714285714
-55.5,147.5,5.8,4,10.0
-55.5,148.0,4.5,1,10.0
-55.5,156.0,4.4,1,10.0
-55.5,158.0,4.6,2,10.0
-55.5,158.5,7.1,23,10.673913043478262
-55.5,159.0,4.5,2,10.0
-55.0,-170.0,4.8,1,10.0
-55.0,-144.0,5.1,1,10.0
-55.0,-141.0,5.0,1,10.0
-55.0,-136.5,5.5,1,10.0
-55.0,-136.0,6.1,5,10.0
-55.0,-135.5,6.0,2,10.0
-55.0,-133.0,4.6,1,10.0
-55.0,-132.5,4.4,1,10.0
-55.0,-132.0,5.9,1,10.0
-55.0,-131.5,6.0,5,10.0
-55.0,-131.0,5.4,2,10.0
-55.0,-130.5,5.6,13,10.0
-55.0,-130.0,5.6,12,10.0
-55.0,-129.5,5.9,26,10.137307692307692
-55.0,-129.0,6.1,36,10.0
-55.0,-128.5,5.7,19,10.0
-55.0,-128.0,5.4,6,10.0
-55.0,-127.5,5.1,13,10.31076923076923
-55.0,-127.0,5.6,9,10.0
-55.0,-126.5,5.6,5,10.03
-55.0,-124.5,4.5,2,10.0
-55.0,-124.0,5.6,2,10.0
-55.0,-123.0,4.6,1,10.0
-55.0,-122.0,5.4,1,10.0
-55.0,-120.5,5.1,1,10.0
-55.0,-120.0,5.2,1,10.0
-55.0,-119.5,5.5,1,10.0
-55.0,-119.0,5.6,5,11.209999999999999
-55.0,-118.5,4.7,1,10.0
-55.0,-67.0,4.2,1,10.0
-55.0,-55.5,4.0,1,10.0
-55.0,-39.5,4.4,1,10.0
-55.0,-36.5,4.6,1,10.0
-55.0,-36.0,4.9,8,9.898125
-55.0,-35.5,4.4,2,10.0
-55.0,-33.5,5.0,4,15.75
-55.0,-33.0,4.9,2,16.015
-55.0,-32.5,5.0,8,10.6025
-55.0,-32.0,5.8,40,10.49
-55.0,-31.5,5.4,78,11.415897435897437
-55.0,-31.0,5.3,65,11.330615384615385
-55.0,-30.5,5.3,39,12.893846153846154
-55.0,-30.0,4.8,7,23.142857142857142
-55.0,-29.5,5.5,6,33.300000000000004
-55.0,-29.0,6.2,30,19.37503333333333
-55.0,-28.5,5.5,48,14.878749999999998
-55.0,-28.0,5.1,45,13.504666666666667
-55.0,-27.5,4.6,5,26.137999999999998
-55.0,-27.0,4.5,7,17.041428571428572
-55.0,-26.5,5.7,6,26.0
-55.0,-26.0,4.8,4,33.975
-55.0,-24.0,4.7,1,10.0
-55.0,-22.0,4.5,1,10.0
-55.0,-21.5,5.0,1,10.0
-55.0,-1.5,4.8,2,10.0
-55.0,-1.0,5.1,3,10.0
-55.0,-0.5,4.3,1,10.0
-55.0,-0.0,4.8,2,10.0
-55.0,1.0,5.8,3,10.333333333333334
-55.0,1.5,5.9,1,10.0
-55.0,4.0,4.6,1,10.0
-55.0,18.5,5.4,1,10.0
-55.0,120.5,4.5,1,10.0
-55.0,125.0,4.5,1,10.0
-55.0,140.5,4.5,1,10.0
-55.0,143.5,4.4,1,10.0
-55.0,144.0,5.5,3,10.0
-55.0,146.0,5.9,8,10.35
-55.0,146.5,5.7,5,10.0
-55.0,147.0,5.4,1,10.0
-55.0,147.5,5.7,2,21.5
-55.0,149.5,4.5,1,10.0
-55.0,153.0,4.3,1,10.0
-55.0,156.0,4.3,1,15.65
-55.0,158.5,5.5,18,12.235
-55.0,159.0,4.8,3,10.0
-55.0,159.5,4.5,1,33.0
-55.0,160.5,3.9,1,10.0
-54.5,-147.0,4.7,1,10.0
-54.5,-146.5,5.6,1,10.0
-54.5,-143.5,4.9,1,10.0
-54.5,-137.5,4.6,1,10.0
-54.5,-137.0,6.3,5,10.0
-54.5,-136.5,6.0,14,10.62857142857143
-54.5,-136.0,6.3,15,10.0
-54.5,-135.5,6.2,8,10.0
-54.5,-134.5,4.8,2,12.754999999999999
-54.5,-134.0,5.6,1,10.0
-54.5,-133.5,5.3,7,10.0
-54.5,-133.0,5.5,7,10.0
-54.5,-132.5,5.8,4,10.0
-54.5,-132.0,6.7,5,9.440000000000001
-54.5,-131.5,5.3,5,10.42
-54.5,-131.0,5.2,6,10.0
-54.5,-130.5,5.3,12,10.0
-54.5,-130.0,5.4,3,10.0
-54.5,-129.5,4.4,1,10.0
-54.5,-129.0,4.7,2,10.0
-54.5,-128.5,5.5,1,10.0
-54.5,-128.0,5.0,2,12.57
-54.5,-127.5,4.9,2,10.0
-54.5,-127.0,4.8,1,10.0
-54.5,-126.5,4.5,1,10.0
-54.5,-121.0,4.9,2,10.0
-54.5,-120.5,5.2,5,10.916
-54.5,-120.0,5.2,2,10.0
-54.5,-119.5,6.0,10,10.0
-54.5,-119.0,5.8,15,10.298666666666666
-54.5,-118.5,5.4,5,10.0
-54.5,-69.5,4.6,1,8.7
-54.5,-59.5,4.7,1,10.0
-54.5,-57.5,4.6,1,10.0
-54.5,-57.0,4.6,2,10.0
-54.5,-56.0,5.2,4,17.625
-54.5,-55.5,5.4,3,11.916666666666666
-54.5,-55.0,5.5,3,10.82
-54.5,-54.5,4.5,1,16.39
-54.5,-46.0,4.3,1,10.0
-54.5,-39.5,5.4,2,14.255
-54.5,-31.5,4.7,4,11.555
-54.5,-31.0,5.3,7,11.335714285714285
-54.5,-30.5,5.8,3,19.16
-54.5,-30.0,5.0,2,10.0
-54.5,-28.5,4.7,2,35.55
-54.5,-28.0,5.1,2,22.545
-54.5,-27.5,5.6,1,41.6
-54.5,-26.5,4.3,3,26.0
-54.5,-23.0,4.9,1,10.0
-54.5,-2.5,4.6,1,10.0
-54.5,-2.0,4.7,1,10.0
-54.5,-1.5,4.6,1,10.0
-54.5,-1.0,5.2,5,10.0
-54.5,1.0,5.7,3,10.0
-54.5,1.5,6.5,6,10.0
-54.5,2.0,6.2,3,10.0
-54.5,5.0,5.6,10,10.388
-54.5,5.5,5.7,15,10.339333333333334
-54.5,6.0,6.1,4,10.0
-54.5,7.5,4.7,1,10.0
-54.5,8.0,5.2,4,10.0
-54.5,8.5,6.7,2,9.5
-54.5,140.0,4.2,1,10.68
-54.5,141.0,4.5,3,11.666666666666666
-54.5,142.5,4.6,2,10.0
-54.5,143.0,4.1,1,10.0
-54.5,143.5,5.6,8,10.6375
-54.5,144.0,6.1,15,10.000666666666666
-54.5,144.5,4.7,4,10.0
-54.5,145.0,4.7,1,10.0
-54.5,146.5,6.9,2,10.5
-54.5,148.5,4.3,1,10.0
-54.5,157.5,6.4,1,10.0
-54.5,158.0,5.0,3,7.766666666666667
-54.5,158.5,6.1,12,11.826666666666668
-54.5,159.0,5.7,15,11.2734
-54.5,159.5,4.4,1,10.0
-54.5,160.0,4.5,1,10.0
-54.0,-147.0,4.9,4,10.0
-54.0,-146.5,5.7,5,9.0
-54.0,-146.0,5.8,1,14.0
-54.0,-143.0,4.4,1,10.0
-54.0,-137.5,5.9,1,10.0
-54.0,-137.0,5.4,10,10.392
-54.0,-136.5,5.7,9,10.0
-54.0,-136.0,5.6,4,11.285
-54.0,-135.5,5.5,2,10.0
-54.0,-135.0,5.6,1,10.0
-54.0,-134.5,6.2,16,10.0
-54.0,-134.0,6.3,15,10.0
-54.0,-133.5,5.6,12,11.991666666666667
-54.0,-133.0,5.8,11,10.0
-54.0,-132.5,4.8,2,10.0
-54.0,-132.0,4.7,2,10.0
-54.0,-131.0,4.6,1,10.0
-54.0,-130.0,5.3,2,10.0
-54.0,-129.5,5.5,1,10.0
-54.0,-122.5,4.0,1,10.0
-54.0,-121.0,5.1,3,10.0
-54.0,-120.5,4.3,2,10.0
-54.0,-119.5,4.6,3,10.0
-54.0,-118.5,4.9,1,10.0
-54.0,-71.0,4.2,2,10.0
-54.0,-69.5,4.5,1,15.4
-54.0,-63.5,4.4,1,57.6
-54.0,-63.0,4.3,1,10.0
-54.0,-60.5,4.9,2,10.0
-54.0,-60.0,4.4,1,10.0
-54.0,-59.5,4.9,2,10.35
-54.0,-59.0,4.3,1,10.0
-54.0,-58.5,4.8,2,10.0
-54.0,-58.0,4.9,2,10.0
-54.0,-56.0,4.9,3,19.266666666666666
-54.0,-55.5,5.4,4,12.6475
-54.0,-55.0,7.0,5,10.366
-54.0,-54.5,4.6,3,11.763333333333334
-54.0,-54.0,6.0,3,11.61
-54.0,-53.5,4.7,1,10.0
-54.0,-51.5,5.9,1,10.0
-54.0,-42.5,4.7,1,10.0
-54.0,-40.5,5.0,1,10.0
-54.0,-35.0,4.3,1,33.0
-54.0,-29.5,4.5,1,33.0
-54.0,-27.0,4.7,1,10.0
-54.0,-21.0,4.9,1,10.0
-54.0,-3.0,5.0,1,10.0
-54.0,-2.5,5.0,11,10.386363636363637
-54.0,-2.0,5.3,16,10.0
-54.0,-1.5,5.8,8,11.33
-54.0,-1.0,4.6,1,10.0
-54.0,2.0,6.5,3,12.333333333333334
-54.0,2.5,5.6,3,11.546666666666667
-54.0,3.0,5.0,3,10.0
-54.0,5.0,4.7,1,10.0
-54.0,5.5,4.9,2,10.0
-54.0,6.0,6.2,8,10.7475
-54.0,6.5,5.5,6,10.0
-54.0,7.0,5.4,17,11.352941176470589
-54.0,7.5,4.9,5,10.0
-54.0,8.0,5.7,12,10.0
-54.0,8.5,5.4,3,10.0
-54.0,9.0,6.4,2,10.0
-54.0,140.0,4.8,1,10.0
-54.0,140.5,5.7,19,10.0
-54.0,141.0,5.8,9,10.0
-54.0,141.5,4.8,5,10.0
-54.0,142.0,4.7,1,10.0
-54.0,142.5,4.3,3,10.0
-54.0,143.5,5.7,2,10.0
-54.0,144.0,6.0,3,9.166666666666666
-54.0,146.0,5.5,1,10.0
-54.0,158.0,4.5,1,10.0
-54.0,158.5,5.4,1,10.0
-54.0,159.0,5.8,16,9.80875
-54.0,159.5,4.6,4,10.0
-54.0,166.0,4.4,1,11.0
-53.5,-136.0,4.7,1,10.0
-53.5,-134.5,5.2,5,10.0
-53.5,-134.0,5.3,5,10.0
-53.5,-133.5,4.7,1,10.0
-53.5,-131.5,3.8,1,10.0
-53.5,-118.0,4.7,1,10.0
-53.5,-117.5,5.5,2,10.0
-53.5,-117.0,5.1,1,10.0
-53.5,-76.5,5.4,1,10.0
-53.5,-59.5,5.2,1,21.2
-53.5,-51.5,6.6,5,14.6
-53.5,-51.0,5.1,1,10.0
-53.5,-49.5,4.1,1,10.0
-53.5,-47.0,4.6,1,10.0
-53.5,-46.5,4.6,1,10.0
-53.5,-46.0,4.7,1,10.0
-53.5,-41.5,4.6,1,10.0
-53.5,-24.5,4.7,1,10.0
-53.5,-21.0,4.6,1,10.0
-53.5,-20.0,4.6,1,10.0
-53.5,-4.5,5.4,1,10.0
-53.5,-3.5,4.4,2,10.0
-53.5,-3.0,5.3,1,10.0
-53.5,2.5,5.1,1,10.0
-53.5,3.0,4.6,2,10.0
-53.5,3.5,4.4,1,10.0
-53.5,6.5,4.5,1,10.0
-53.5,7.0,4.7,2,10.0
-53.5,8.5,6.8,1,11.18
-53.5,9.0,5.7,4,10.0
-53.5,9.5,5.5,3,10.0
-53.5,10.5,4.3,1,14.29
-53.5,23.5,5.8,14,11.107142857142858
-53.5,24.0,4.8,7,10.0
-53.5,24.5,5.5,17,10.006470588235295
-53.5,25.0,5.5,32,10.0403125
-53.5,25.5,5.7,14,10.0
-53.5,26.0,4.4,1,10.0
-53.5,72.5,5.3,2,10.0
-53.5,73.0,5.7,1,10.0
-53.5,139.0,4.2,1,10.0
-53.5,139.5,5.6,1,33.0
-53.5,140.0,5.5,5,14.6
-53.5,140.5,5.4,16,10.0
-53.5,141.0,5.3,16,11.825
-53.5,141.5,4.5,2,10.0
-53.5,142.0,4.2,1,10.0
-53.5,157.5,4.2,1,10.0
-53.5,158.5,4.4,1,10.0
-53.5,159.0,4.4,1,10.0
-53.5,159.5,5.9,12,9.584166666666667
-53.5,160.0,5.5,6,13.773333333333333
-53.5,160.5,4.3,2,21.5
-53.0,-135.0,4.5,1,10.0
-53.0,-133.5,5.0,2,10.0
-53.0,-121.5,4.4,1,10.0
-53.0,-118.5,5.4,14,10.357142857142858
-53.0,-118.0,5.8,13,10.0
-53.0,-117.5,5.7,3,10.0
-53.0,-80.0,4.0,1,10.0
-53.0,-75.0,4.5,1,15.66
-53.0,-73.5,4.4,1,14.35
-53.0,-73.0,4.4,1,33.0
-53.0,-71.0,4.4,1,10.0
-53.0,-64.5,4.5,1,10.0
-53.0,-51.5,5.0,1,10.0
-53.0,-48.5,5.2,1,10.0
-53.0,-47.5,4.3,1,10.0
-53.0,-47.0,5.8,5,10.0
-53.0,-46.5,5.6,5,10.0
-53.0,-46.0,6.1,3,10.0
-53.0,-45.0,4.7,1,10.0
-53.0,-32.5,5.8,1,5.96
-53.0,-4.5,5.6,3,10.0
-53.0,8.5,4.5,1,10.0
-53.0,9.0,4.3,1,10.0
-53.0,9.5,6.6,9,10.222222222222221
-53.0,10.0,5.2,15,10.230666666666668
-53.0,10.5,5.5,16,11.5875
-53.0,11.0,4.6,2,10.0
-53.0,11.5,5.7,7,10.0
-53.0,12.0,4.7,4,10.0
-53.0,12.5,4.7,2,10.0
-53.0,13.0,4.7,1,10.0
-53.0,16.5,4.5,1,10.0
-53.0,18.5,5.2,5,10.0
-53.0,19.0,4.7,4,11.254999999999999
-53.0,19.5,5.6,7,10.722857142857142
-53.0,20.0,4.5,5,10.0
-53.0,20.5,4.5,2,10.0
-53.0,21.0,5.9,21,10.0
-53.0,21.5,5.0,12,10.0
-53.0,22.0,5.8,21,10.263333333333334
-53.0,22.5,5.4,20,11.0905
-53.0,23.0,5.4,8,10.0
-53.0,23.5,5.3,9,10.0
-53.0,24.0,4.7,4,10.0
-53.0,25.0,5.6,3,10.0
-53.0,25.5,5.3,14,10.930000000000001
-53.0,26.0,5.4,8,10.7625
-53.0,26.5,4.7,3,10.0
-53.0,27.0,5.2,9,10.0
-53.0,27.5,5.7,22,10.005
-53.0,28.0,4.9,2,10.0
-53.0,28.5,4.7,2,10.0
-53.0,29.0,4.5,1,10.0
-53.0,72.5,5.4,15,10.0
-53.0,73.0,5.5,7,10.0
-53.0,73.5,5.1,1,10.0
-53.0,100.0,4.7,1,10.0
-53.0,107.0,6.3,3,10.333333333333334
-53.0,139.0,4.5,1,10.0
-53.0,139.5,4.5,2,10.0
-53.0,140.0,4.8,13,10.0
-53.0,140.5,5.6,28,10.275
-53.0,141.0,4.9,5,10.0
-53.0,141.5,4.6,2,10.0
-53.0,143.0,4.7,1,10.0
-53.0,153.0,4.3,1,10.0
-53.0,159.5,6.4,11,10.407272727272728
-53.0,160.0,6.2,15,12.532133333333332
-53.0,160.5,5.0,2,21.5
-53.0,161.0,4.0,2,33.0
-52.5,-119.0,4.7,1,14.31
-52.5,-118.5,4.6,4,10.0
-52.5,-118.0,5.0,1,10.0
-52.5,-113.0,3.9,1,10.0
-52.5,-75.5,4.5,1,13.32
-52.5,-74.5,4.4,1,12.34
-52.5,-72.5,4.2,1,10.0
-52.5,-71.5,4.4,3,27.669666666666668
-52.5,-55.5,5.0,1,10.0
-52.5,-49.5,4.8,1,10.0
-52.5,-14.0,4.7,1,10.0
-52.5,-13.5,4.6,1,10.0
-52.5,-5.5,4.6,1,10.0
-52.5,-5.0,5.3,2,10.0
-52.5,-4.5,5.0,1,10.0
-52.5,10.5,4.8,1,10.0
-52.5,11.5,4.7,2,10.0
-52.5,12.0,5.0,4,10.0
-52.5,12.5,5.3,7,10.0
-52.5,13.0,5.3,20,10.248999999999999
-52.5,13.5,5.8,21,10.346190476190477
-52.5,14.0,5.5,10,10.0
-52.5,14.5,5.4,6,10.0
-52.5,15.0,4.7,3,10.0
-52.5,15.5,5.1,3,10.0
-52.5,16.0,5.2,5,10.0
-52.5,16.5,4.6,3,10.0
-52.5,17.0,5.8,12,10.419166666666667
-52.5,17.5,5.5,9,10.58
-52.5,18.0,5.5,12,10.0
-52.5,18.5,5.7,32,10.0
-52.5,19.0,5.6,28,10.135714285714286
-52.5,19.5,4.6,4,10.0
-52.5,20.0,4.7,4,11.0075
-52.5,20.5,4.7,3,11.526666666666666
-52.5,21.0,4.9,2,10.0
-52.5,21.5,4.7,2,10.0
-52.5,24.5,4.5,1,10.0
-52.5,25.5,5.3,3,10.0
-52.5,26.0,5.4,11,10.0
-52.5,26.5,5.3,26,9.997692307692308
-52.5,27.0,5.3,9,10.0
-52.5,27.5,5.6,16,10.0
-52.5,28.0,6.4,35,9.999142857142857
-52.5,28.5,4.4,1,10.0
-52.5,29.0,4.5,1,10.0
-52.5,101.0,4.7,1,10.0
-52.5,115.0,3.9,1,10.0
-52.5,139.0,4.5,2,12.35
-52.5,139.5,4.7,8,10.0
-52.5,140.0,5.5,9,9.288888888888888
-52.5,140.5,5.2,7,10.0
-52.5,141.0,4.5,3,10.0
-52.5,141.5,4.5,1,10.0
-52.5,159.5,5.6,1,10.0
-52.5,160.0,4.5,3,10.0
-52.5,160.5,6.0,2,10.0
-52.5,161.5,4.6,1,10.0
-52.5,162.0,4.1,1,10.0
-52.0,-118.5,4.6,1,10.0
-52.0,-75.5,4.6,1,33.0
-52.0,-74.5,4.8,1,14.94
-52.0,-72.0,4.1,1,33.0
-52.0,-57.0,3.8,1,10.0
-52.0,-12.5,4.7,1,10.0
-52.0,-5.0,5.6,6,10.799999999999999
-52.0,-4.5,4.7,1,10.0
-52.0,13.5,5.4,3,10.0
-52.0,14.0,4.8,9,10.0
-52.0,14.5,5.1,2,10.0
-52.0,15.0,5.5,5,10.0
-52.0,15.5,5.3,7,8.7
-52.0,16.0,5.4,6,10.0
-52.0,16.5,4.5,3,10.0
-52.0,17.0,5.3,6,10.743333333333334
-52.0,18.5,3.9,1,10.0
-52.0,25.5,4.3,1,10.0
-52.0,27.5,4.5,1,10.0
-52.0,28.0,5.9,6,10.0
-52.0,28.5,5.3,5,10.0
-52.0,29.0,4.8,1,10.0
-52.0,40.5,5.7,1,10.0
-52.0,138.0,4.2,1,10.0
-52.0,138.5,4.8,5,10.0
-52.0,139.0,4.9,5,10.0
-52.0,139.5,6.1,21,10.61047619047619
-52.0,140.0,5.5,7,10.709999999999999
-52.0,140.5,4.7,3,19.513333333333332
-52.0,141.0,4.3,1,10.0
-52.0,141.5,4.5,1,10.0
-52.0,147.5,4.7,1,10.0
-52.0,158.5,5.2,1,10.0
-52.0,159.5,5.7,3,10.0
-52.0,160.0,4.9,1,10.0
-52.0,160.5,4.7,1,10.0
-52.0,161.0,5.5,8,12.875
-52.0,161.5,6.6,5,9.040000000000001
-51.5,-75.5,5.6,5,33.0
-51.5,-75.0,4.3,2,67.5
-51.5,-73.0,4.2,1,48.6
-51.5,-72.0,4.5,1,33.0
-51.5,-32.0,4.6,1,10.0
-51.5,-12.5,4.7,1,10.0
-51.5,-0.5,4.6,1,10.0
-51.5,111.5,4.8,1,10.0
-51.5,137.5,4.4,2,12.615
-51.5,138.0,4.5,2,10.0
-51.5,138.5,4.6,3,10.0
-51.5,139.0,5.7,15,10.312000000000001
-51.5,139.5,6.4,31,10.0
-51.5,140.0,4.7,11,10.0
-51.5,140.5,5.0,2,10.0
-51.5,141.0,4.4,1,10.0
-51.5,152.0,4.6,1,10.0
-51.5,158.5,3.9,1,10.0
-51.5,159.0,4.6,1,10.0
-51.5,160.5,4.7,2,21.5
-51.5,161.0,5.1,1,10.0
-51.5,162.0,4.4,1,10.0
-51.5,162.5,4.6,1,10.0
-51.0,-179.5,4.6,1,10.0
-51.0,-117.5,4.8,1,10.0
-51.0,-76.0,4.7,1,12.34
-51.0,-74.5,4.3,1,13.34
-51.0,-72.0,4.8,2,14.05
-51.0,-6.5,4.8,1,10.0
-51.0,16.0,4.8,1,10.0
-51.0,28.0,4.3,1,10.0
-51.0,29.0,5.7,4,10.0
-51.0,29.5,6.4,1,10.0
-51.0,30.0,4.0,1,10.0
-51.0,116.5,4.8,2,10.0
-51.0,124.5,4.5,1,17.08
-51.0,128.5,4.4,1,10.0
-51.0,131.5,4.5,1,10.0
-51.0,138.0,4.2,2,10.0
-51.0,138.5,4.8,6,13.833333333333334
-51.0,139.0,5.3,7,12.342857142857143
-51.0,139.5,6.3,11,9.990909090909092
-51.0,140.0,4.6,2,21.5
-51.0,158.5,4.5,1,10.0
-51.0,159.0,4.6,1,33.0
-51.0,159.5,5.0,1,10.0
-51.0,160.5,5.4,2,10.0
-51.0,161.0,5.1,1,10.0
-51.0,162.0,5.8,7,15.342857142857143
-51.0,162.5,4.6,3,10.033333333333333
-50.5,-117.0,4.6,1,10.0
-50.5,-116.0,5.8,2,10.0
-50.5,-115.0,5.4,1,10.0
-50.5,-114.5,4.6,1,10.0
-50.5,-113.5,4.9,1,10.0
-50.5,-76.0,5.0,1,33.0
-50.5,-74.0,4.7,2,16.545
-50.5,-72.5,4.7,3,18.39
-50.5,-72.0,5.5,8,21.125
-50.5,-7.0,5.5,3,10.0
-50.5,-6.5,5.0,3,10.0
-50.5,-6.0,4.9,1,10.0
-50.5,29.0,5.1,1,10.0
-50.5,29.5,4.2,1,10.0
-50.5,97.0,4.7,1,10.0
-50.5,112.0,4.8,4,9.975
-50.5,112.5,5.2,29,10.016551724137932
-50.5,113.0,5.3,12,10.0
-50.5,114.0,5.2,16,9.975
-50.5,114.5,5.0,8,10.0
-50.5,115.0,4.6,3,10.0
-50.5,115.5,4.6,1,10.0
-50.5,116.0,4.8,1,10.0
-50.5,120.0,5.0,2,10.0
-50.5,120.5,4.6,1,10.0
-50.5,124.5,4.2,1,15.1
-50.5,125.0,4.4,1,10.0
-50.5,130.0,4.1,1,10.0
-50.5,130.5,5.1,3,10.0
-50.5,131.0,4.7,4,10.0
-50.5,131.5,4.4,1,10.0
-50.5,134.5,4.6,2,10.0
-50.5,135.0,4.9,1,10.0
-50.5,139.0,4.5,5,14.6
-50.5,139.5,6.6,26,11.63846153846154
-50.5,140.0,6.0,2,10.0
-50.5,148.5,4.6,1,10.0
-50.5,161.5,4.8,2,10.0
-50.5,162.0,6.1,4,10.0
-50.5,162.5,6.1,11,10.649090909090908
-50.5,163.0,4.6,1,10.0
-50.5,163.5,3.1,1,33.0
-50.5,168.5,4.2,1,10.0
-50.0,-117.0,5.2,1,10.0
-50.0,-116.5,4.8,1,10.0
-50.0,-116.0,5.5,7,10.0
-50.0,-115.5,5.6,3,10.0
-50.0,-115.0,6.5,12,10.039166666666667
-50.0,-114.5,5.7,6,10.0
-50.0,-114.0,6.0,12,10.0
-50.0,-113.5,6.1,3,10.0
-50.0,-112.0,4.9,1,10.0
-50.0,-111.5,4.8,1,10.0
-50.0,-75.5,4.8,1,47.1
-50.0,-74.5,4.2,1,33.0
-50.0,-28.5,5.1,1,10.0
-50.0,-9.0,5.7,3,10.0
-50.0,-8.0,5.3,4,10.0
-50.0,-7.5,4.9,6,9.911666666666667
-50.0,-7.0,4.8,3,10.0
-50.0,-6.5,4.8,1,10.0
-50.0,29.0,4.7,1,10.0
-50.0,29.5,4.7,2,10.0
-50.0,30.0,4.7,1,10.0
-50.0,105.0,4.3,2,12.525
-50.0,106.5,5.1,1,10.0
-50.0,108.0,4.2,1,10.0
-50.0,109.0,4.0,1,15.39
-50.0,110.0,4.4,1,10.0
-50.0,110.5,5.5,10,10.0
-50.0,111.0,5.3,13,10.615384615384615
-50.0,111.5,4.8,10,10.52
-50.0,112.0,4.9,6,10.0
-50.0,112.5,5.1,13,10.0
-50.0,113.0,4.5,4,10.0
-50.0,113.5,4.7,2,10.0
-50.0,114.0,5.6,14,10.0
-50.0,114.5,5.7,20,10.695
-50.0,115.0,5.2,3,10.0
-50.0,115.5,4.9,9,12.555555555555555
-50.0,116.0,4.8,11,10.360909090909091
-50.0,116.5,4.5,4,10.0
-50.0,117.0,4.5,4,11.254999999999999
-50.0,117.5,5.3,4,10.0
-50.0,118.0,5.2,6,10.0
-50.0,118.5,4.8,5,10.0
-50.0,119.0,4.5,1,15.23
-50.0,119.5,5.1,12,11.270833333333334
-50.0,120.0,5.1,28,10.490714285714287
-50.0,120.5,5.7,4,8.25
-50.0,121.0,4.1,1,10.0
-50.0,122.0,4.5,1,10.0
-50.0,122.5,5.1,7,10.0
-50.0,125.0,4.5,2,10.0
-50.0,125.5,4.6,7,10.0
-50.0,126.0,5.5,7,10.58
-50.0,126.5,5.2,3,10.0
-50.0,127.0,5.2,13,10.0
-50.0,127.5,4.7,4,9.925
-50.0,128.0,4.5,2,10.0
-50.0,128.5,4.7,2,12.504999999999999
-50.0,130.5,5.5,1,10.0
-50.0,131.0,5.4,2,10.0
-50.0,131.5,4.8,3,17.666666666666668
-50.0,135.5,5.4,1,10.0
-50.0,138.5,4.3,2,10.0
-50.0,139.0,6.0,3,10.0
-50.0,139.5,4.6,2,21.5
-50.0,141.0,4.4,1,10.0
-50.0,146.5,4.6,1,10.0
-50.0,161.0,4.7,3,10.0
-50.0,161.5,5.3,4,11.6
-50.0,162.0,4.9,3,18.333333333333332
-50.0,162.5,4.3,1,10.0
-50.0,163.0,6.7,3,17.666666666666668
-50.0,163.5,5.4,5,15.219999999999999
-50.0,164.0,5.7,5,16.244
-50.0,164.5,4.4,2,25.075
-49.5,-117.5,5.4,2,10.0
-49.5,-117.0,4.6,1,10.0
-49.5,-116.5,5.9,8,10.2375
-49.5,-116.0,5.9,16,9.88125
-49.5,-115.5,5.1,6,10.0
-49.5,-115.0,5.3,8,10.0
-49.5,-114.5,6.3,5,10.0
-49.5,-114.0,6.0,1,10.0
-49.5,-111.5,4.8,1,10.0
-49.5,-10.5,5.0,1,10.0
-49.5,-10.0,5.1,1,10.0
-49.5,-9.0,4.5,2,10.0
-49.5,-8.5,4.8,3,10.0
-49.5,-8.0,5.6,17,10.36470588235294
-49.5,-7.0,4.6,1,10.0
-49.5,30.0,3.8,1,10.0
-49.5,30.5,4.7,4,10.0
-49.5,69.5,4.9,6,14.021666666666667
-49.5,70.0,4.7,1,10.0
-49.5,106.0,4.4,2,10.0
-49.5,106.5,4.4,7,10.0
-49.5,107.0,4.9,1,10.0
-49.5,108.5,4.3,2,15.04
-49.5,109.0,4.9,2,10.0
-49.5,109.5,4.3,4,10.129999999999999
-49.5,110.0,4.9,2,10.0
-49.5,110.5,5.0,6,10.0
-49.5,111.0,5.4,3,10.0
-49.5,111.5,4.6,1,10.0
-49.5,114.0,4.8,3,10.0
-49.5,114.5,4.3,2,10.0
-49.5,115.0,4.5,2,10.0
-49.5,116.0,4.5,4,10.0
-49.5,116.5,5.0,5,14.6
-49.5,117.0,5.3,15,10.78
-49.5,117.5,5.5,31,10.741935483870968
-49.5,118.0,4.4,3,10.0
-49.5,118.5,4.2,1,10.0
-49.5,119.0,4.3,2,10.0
-49.5,119.5,4.6,1,10.0
-49.5,120.0,4.4,2,10.0
-49.5,120.5,5.1,13,10.0
-49.5,121.0,5.2,12,10.0
-49.5,121.5,5.2,11,9.990909090909092
-49.5,122.0,4.7,6,10.0
-49.5,122.5,5.0,4,10.0
-49.5,123.0,4.6,6,10.0
-49.5,123.5,4.6,3,10.0
-49.5,124.0,4.0,1,10.0
-49.5,124.5,4.6,3,10.0
-49.5,125.0,4.8,22,11.035
-49.5,125.5,5.4,22,10.192272727272726
-49.5,126.0,5.4,36,10.111666666666666
-49.5,126.5,5.8,8,12.875
-49.5,127.0,4.4,1,10.0
-49.5,127.5,4.6,6,10.838333333333333
-49.5,159.5,4.1,1,10.0
-49.5,161.0,4.7,3,10.0
-49.5,161.5,8.1,17,10.0
-49.5,163.5,6.2,4,10.0
-49.5,164.0,7.4,30,17.410500000000003
-49.5,164.5,5.2,14,19.669857142857143
-49.5,165.0,5.2,1,10.0
-49.5,175.5,4.7,1,11.5
-49.0,-118.5,4.9,1,10.0
-49.0,-116.5,4.4,1,10.0
-49.0,-76.0,5.2,1,33.0
-49.0,-10.5,4.6,1,10.0
-49.0,-10.0,4.8,2,10.0
-49.0,-9.5,4.7,3,10.0
-49.0,-9.0,5.1,4,11.29
-49.0,-8.5,5.4,13,10.0
-49.0,-8.0,5.6,3,10.0
-49.0,30.5,5.1,5,10.0
-49.0,31.0,4.9,13,10.0
-49.0,31.5,5.1,2,10.0
-49.0,66.0,4.3,1,11.492
-49.0,69.0,5.3,3,13.0
-49.0,69.5,4.7,3,11.979999999999999
-49.0,73.5,5.3,1,10.0
-49.0,94.5,4.8,1,10.0
-49.0,105.0,5.0,1,10.0
-49.0,105.5,4.9,6,10.83
-49.0,106.0,4.9,12,10.0
-49.0,106.5,5.0,12,10.0
-49.0,107.0,5.5,4,10.0
-49.0,107.5,5.1,4,10.0
-49.0,108.0,4.2,1,10.0
-49.0,108.5,4.9,10,10.0
-49.0,109.0,5.0,5,10.0
-49.0,109.5,4.4,3,10.0
-49.0,110.0,4.8,1,10.0
-49.0,116.0,4.6,2,10.0
-49.0,117.0,4.3,2,10.0
-49.0,118.5,4.2,1,10.0
-49.0,120.5,5.4,8,10.0
-49.0,121.0,5.3,21,10.661904761904761
-49.0,121.5,5.4,53,10.48056603773585
-49.0,122.0,4.6,9,9.955555555555556
-49.0,122.5,5.2,4,10.0
-49.0,123.0,4.5,5,10.0
-49.0,123.5,5.9,23,11.386086956521739
-49.0,124.0,5.1,24,10.130416666666667
-49.0,124.5,5.5,22,10.1
-49.0,125.0,5.4,22,10.216818181818182
-49.0,125.5,4.6,4,10.0
-49.0,126.0,4.5,3,10.0
-49.0,126.5,5.3,7,10.0
-49.0,127.0,5.3,5,10.0
-49.0,127.5,5.4,14,10.0
-49.0,128.0,4.6,5,11.608
-49.0,148.5,5.2,1,10.0
-49.0,161.0,5.3,3,10.0
-49.0,161.5,4.4,2,10.0
-49.0,162.0,4.3,1,10.0
-49.0,163.5,4.3,1,33.0
-49.0,164.0,6.6,7,14.228571428571428
-49.0,164.5,5.9,27,20.25814814814815
-49.0,165.0,5.4,9,28.39
-48.5,-116.5,5.2,1,10.0
-48.5,-115.5,5.3,1,10.0
-48.5,-113.0,5.2,1,10.0
-48.5,-87.5,5.3,4,11.307500000000001
-48.5,-87.0,5.2,6,10.0
-48.5,-76.5,4.3,1,14.79
-48.5,-76.0,5.1,3,31.810000000000002
-48.5,-75.5,4.7,1,35.0
-48.5,-10.5,4.7,1,10.0
-48.5,-10.0,5.8,6,10.681666666666667
-48.5,-9.5,4.3,1,10.0
-48.5,30.5,4.6,1,10.0
-48.5,31.0,6.0,4,10.0
-48.5,31.5,5.4,22,10.85
-48.5,32.0,4.5,2,10.0
-48.5,99.5,4.6,1,10.0
-48.5,100.5,4.8,1,10.0
-48.5,105.0,4.7,4,10.0
-48.5,105.5,5.1,4,10.0
-48.5,106.0,4.3,2,10.0
-48.5,106.5,5.3,5,10.0
-48.5,107.0,5.5,14,10.0
-48.5,107.5,5.1,4,11.1625
-48.5,108.0,4.9,1,10.0
-48.5,109.5,4.6,1,10.0
-48.5,110.0,4.6,1,10.0
-48.5,120.5,4.4,1,10.0
-48.5,121.0,4.0,1,10.0
-48.5,121.5,4.8,3,10.0
-48.5,122.5,4.1,1,10.0
-48.5,123.5,4.8,1,10.0
-48.5,124.0,4.6,2,10.0
-48.5,124.5,4.4,2,10.0
-48.5,126.0,4.9,5,10.0
-48.5,126.5,5.0,8,10.0
-48.5,127.0,4.5,4,13.025
-48.5,129.5,4.7,1,10.0
-48.5,161.0,4.9,1,10.0
-48.5,161.5,5.0,3,10.0
-48.5,163.5,4.3,1,10.0
-48.5,164.0,4.3,1,33.0
-48.5,164.5,5.6,11,16.113636363636363
-48.5,165.0,5.3,7,20.41142857142857
-48.5,165.5,5.5,3,11.193333333333333
-48.5,166.0,4.2,1,33.0
-48.0,-75.5,5.6,2,33.0
-48.0,-75.0,4.9,1,14.46
-48.0,-12.0,4.6,1,10.0
-48.0,-10.0,5.6,9,10.0
-48.0,31.5,6.1,10,10.0
-48.0,32.0,5.9,15,10.0
-48.0,32.5,6.3,3,10.0
-48.0,85.5,4.6,1,35.0
-48.0,99.0,4.9,9,9.433333333333334
-48.0,99.5,6.4,17,9.470588235294118
-48.0,100.0,6.6,6,10.0
-48.0,100.5,4.4,2,10.0
-48.0,102.5,5.0,8,10.0
-48.0,103.0,4.7,3,10.0
-48.0,104.0,4.5,2,10.0
-48.0,104.5,5.3,2,10.0
-48.0,106.0,4.8,1,10.0
-48.0,107.0,5.4,2,10.0
-48.0,125.5,4.7,1,10.0
-48.0,164.0,4.2,1,10.0
-48.0,164.5,4.1,1,35.0
-48.0,165.0,5.1,6,21.996666666666666
-48.0,165.5,5.8,17,19.62705882352941
-48.0,166.0,4.9,7,46.857142857142854
-47.5,-104.0,5.3,1,10.0
-47.5,-99.5,5.0,1,10.0
-47.5,-75.5,5.2,4,19.5575
-47.5,-15.5,4.7,1,10.0
-47.5,-13.5,5.8,15,10.0
-47.5,-13.0,5.0,5,10.0
-47.5,-12.5,6.0,9,10.0
-47.5,-12.0,5.7,10,10.0
-47.5,-11.5,4.5,1,10.0
-47.5,-10.0,5.0,1,10.0
-47.5,32.0,5.2,6,10.0
-47.5,32.5,6.0,11,10.0
-47.5,36.5,4.9,1,10.0
-47.5,37.0,4.4,1,10.0
-47.5,85.0,7.1,3,18.333333333333332
-47.5,99.5,4.5,4,10.0
-47.5,100.0,5.9,33,10.477575757575757
-47.5,100.5,6.1,12,10.67
-47.5,101.5,4.5,2,10.0
-47.5,103.0,4.9,4,10.0
-47.5,103.5,4.5,1,10.0
-47.5,104.5,4.0,1,10.0
-47.5,105.0,4.9,2,10.0
-47.5,120.5,4.2,1,10.0
-47.5,160.0,5.5,1,10.0
-47.5,164.5,4.2,2,33.0
-47.5,165.0,5.9,13,32.13076923076923
-47.5,165.5,5.5,37,27.958756756756756
-47.5,166.0,5.2,5,22.52
-47.5,166.5,4.2,1,104.0
-47.5,176.5,4.5,1,35.0
-47.0,-93.5,4.7,1,10.0
-47.0,-75.5,5.2,1,35.0
-47.0,-74.5,4.4,2,22.0275
-47.0,-74.0,4.4,1,33.0
-47.0,-16.5,4.3,1,10.0
-47.0,-14.5,4.3,1,10.0
-47.0,-13.5,5.2,14,10.3515
-47.0,-13.0,5.0,3,10.0
-47.0,-12.0,5.3,5,10.0
-47.0,-11.5,5.6,2,10.0
-47.0,-11.0,5.1,6,10.0
-47.0,-10.5,5.4,9,10.0
-47.0,-10.0,5.1,2,10.0
-47.0,32.0,4.2,2,12.325
-47.0,32.5,5.2,7,10.0
-47.0,33.0,5.3,11,10.0
-47.0,33.5,6.2,27,10.921851851851851
-47.0,35.5,4.3,1,10.0
-47.0,37.5,5.9,1,10.0
-47.0,100.0,4.5,2,10.0
-47.0,100.5,4.6,1,10.0
-47.0,164.0,4.8,2,50.5
-47.0,164.5,4.4,3,36.666666666666664
-47.0,165.0,4.9,9,14.166666666666666
-47.0,165.5,5.2,29,23.57586206896552
-47.0,166.0,5.2,13,20.104692307692307
-47.0,166.5,4.3,4,50.75
-47.0,169.5,4.4,1,10.0
-46.5,-93.5,5.5,1,10.0
-46.5,-76.0,4.3,2,10.0
-46.5,-75.5,4.7,1,33.0
-46.5,-75.0,4.5,1,10.0
-46.5,-69.0,4.9,1,10.0
-46.5,-11.0,4.6,1,10.0
-46.5,-10.5,5.3,6,10.0
-46.5,30.0,4.4,1,10.0
-46.5,31.5,4.3,1,10.0
-46.5,33.5,5.2,8,10.0
-46.5,34.0,6.1,4,10.0
-46.5,34.5,4.4,1,10.0
-46.5,37.5,4.3,1,10.0
-46.5,42.5,4.7,1,10.0
-46.5,95.5,3.9,1,10.0
-46.5,96.0,5.7,26,10.049615384615386
-46.5,96.5,4.8,6,10.0
-46.5,109.5,4.8,1,10.0
-46.5,118.5,5.0,1,10.0
-46.5,136.0,4.4,1,10.0
-46.5,164.0,4.7,1,10.0
-46.5,164.5,7.1,1,10.0
-46.5,165.0,4.4,3,18.333333333333332
-46.5,165.5,5.3,10,25.29
-46.5,166.0,5.9,39,20.851717948717948
-46.5,166.5,4.6,8,36.725
-46.5,169.0,3.9,1,12.0
-46.5,169.5,4.5,3,18.666666666666668
-46.0,-93.0,5.1,1,10.0
-46.0,-84.0,4.6,1,10.0
-46.0,-77.0,6.1,1,9.0
-46.0,-76.5,5.5,17,16.71935294117647
-46.0,-76.0,5.9,15,11.533333333333333
-46.0,-75.5,5.7,10,24.55
-46.0,-75.0,5.1,2,26.35
-46.0,-73.0,5.1,7,15.280000000000001
-46.0,-72.5,5.7,15,27.28666666666667
-46.0,-20.5,5.0,1,10.0
-46.0,-14.5,5.0,1,10.0
-46.0,-14.0,5.8,2,10.57
-46.0,-13.5,5.2,5,10.0
-46.0,-12.5,4.7,1,10.0
-46.0,1.0,4.8,1,10.0
-46.0,33.5,4.9,5,10.0
-46.0,34.0,5.0,2,10.0
-46.0,34.5,5.2,5,10.0
-46.0,35.0,6.4,11,10.545454545454545
-46.0,37.0,6.0,1,10.0
-46.0,37.5,4.6,4,10.0
-46.0,95.5,5.3,3,10.0
-46.0,96.0,6.1,22,9.691818181818181
-46.0,109.0,4.4,1,10.0
-46.0,165.5,4.9,12,14.908333333333333
-46.0,166.0,5.8,68,14.34220588235294
-46.0,166.5,7.8,26,18.803846153846152
-46.0,167.0,5.1,18,60.54816666666667
-46.0,167.5,3.7,1,12.0
-46.0,168.0,4.5,1,5.0
-46.0,170.0,4.1,1,4.0
-46.0,170.5,3.8,1,33.0
-46.0,171.0,4.2,1,12.0
-45.5,-112.5,4.7,1,10.0
-45.5,-107.5,4.8,1,10.0
-45.5,-80.5,5.1,1,10.0
-45.5,-78.0,4.8,2,7.25
-45.5,-77.5,5.3,19,13.450526315789475
-45.5,-77.0,5.3,20,15.017500000000002
-45.5,-76.5,5.5,33,17.865757575757577
-45.5,-76.0,5.4,6,30.855
-45.5,-75.5,5.4,5,18.724
-45.5,-75.0,3.6,1,33.0
-45.5,-73.0,6.1,4,6.725
-45.5,-72.5,5.7,12,25.40833333333333
-45.5,-72.0,5.5,2,21.0
-45.5,-15.0,4.4,1,10.0
-45.5,-14.5,4.7,4,10.0
-45.5,-12.5,5.3,2,12.7
-45.5,34.0,4.6,1,10.0
-45.5,34.5,4.4,3,10.366666666666667
-45.5,35.0,6.0,4,10.0
-45.5,38.0,4.2,1,10.0
-45.5,79.5,4.5,1,10.0
-45.5,81.5,4.7,1,10.0
-45.5,95.5,4.5,1,10.0
-45.5,96.0,6.3,11,9.372727272727273
-45.5,96.5,6.5,6,10.0
-45.5,97.0,5.0,7,11.642857142857142
-45.5,97.5,4.7,2,10.0
-45.5,98.5,4.5,3,10.0
-45.5,99.0,3.7,1,10.0
-45.5,158.5,4.0,1,10.0
-45.5,165.5,4.2,2,12.0
-45.5,166.0,5.4,10,19.4
-45.5,166.5,6.1,101,12.615148514851485
-45.5,167.0,7.0,128,33.8378046875
-45.5,167.5,5.0,15,62.676
-45.5,168.0,4.4,1,33.0
-45.5,169.5,3.8,1,21.0
-45.5,170.0,4.3,1,8.99
-45.5,171.0,3.7,1,12.0
-45.5,171.5,4.0,1,12.0
-45.0,-176.0,4.1,1,0.0
-45.0,-175.0,5.0,1,33.0
-45.0,-174.5,5.3,1,10.0
-45.0,-81.5,4.9,5,11.879999999999999
-45.0,-81.0,5.6,8,10.0
-45.0,-80.5,6.4,13,15.192307692307692
-45.0,-80.0,6.3,5,14.6
-45.0,-79.5,6.2,2,10.0
-45.0,-78.0,5.0,3,15.163333333333332
-45.0,-77.0,4.6,1,33.0
-45.0,-76.5,4.7,2,33.0
-45.0,-76.0,4.6,6,25.333333333333332
-45.0,-72.5,6.2,4,50.25
-45.0,-72.0,5.3,1,10.0
-45.0,-20.5,5.4,1,10.0
-45.0,-16.0,5.0,2,10.0
-45.0,-15.5,5.1,4,10.0
-45.0,-15.0,4.9,4,11.2475
-45.0,-14.5,4.6,2,10.0
-45.0,34.0,4.2,1,10.0
-45.0,35.0,6.0,7,9.857142857142858
-45.0,35.5,5.7,6,10.0
-45.0,36.0,4.7,7,10.0
-45.0,36.5,4.7,4,11.25
-45.0,88.0,3.9,1,10.0
-45.0,95.5,5.0,2,10.0
-45.0,96.0,5.4,5,10.0
-45.0,96.5,4.1,1,10.0
-45.0,97.0,6.5,6,9.666666666666666
-45.0,98.5,5.1,1,10.0
-45.0,100.0,4.7,1,10.0
-45.0,117.5,4.0,2,10.0
-45.0,118.0,5.5,2,10.0
-45.0,165.0,4.5,3,39.333333333333336
-45.0,165.5,4.5,1,33.0
-45.0,166.0,4.4,15,20.02
-45.0,166.5,6.4,50,16.4342
-45.0,167.0,7.2,145,21.27868275862069
-45.0,167.5,6.8,166,79.65901204819278
-45.0,168.0,4.4,11,69.70727272727272
-45.0,168.5,4.0,1,12.0
-45.0,169.0,3.3,2,11.65
-45.0,169.5,4.1,1,5.46
-45.0,170.0,4.5,2,12.0
-45.0,170.5,4.8,1,10.0
-45.0,173.0,4.1,1,33.0
-45.0,174.5,4.1,1,14.0
-44.5,-117.5,5.9,1,10.0
-44.5,-82.5,4.2,1,10.0
-44.5,-82.0,5.4,20,10.0
-44.5,-81.5,5.0,9,10.0
-44.5,-81.0,5.2,8,10.0
-44.5,-80.5,5.0,4,10.0
-44.5,-80.0,6.2,8,10.0
-44.5,-79.5,6.4,10,18.5499
-44.5,-79.0,5.9,7,10.214285714285714
-44.5,-78.5,4.9,5,19.32
-44.5,-78.0,5.6,5,14.6
-44.5,-77.5,4.8,1,45.8
-44.5,-76.0,5.1,3,11.213333333333333
-44.5,-75.5,4.8,1,10.0
-44.5,-73.0,5.0,1,10.76
-44.5,-72.5,3.2,1,25.0
-44.5,-16.0,5.4,6,10.933333333333332
-44.5,-15.5,5.0,5,10.012
-44.5,-15.0,4.7,2,12.425
-44.5,35.5,5.1,7,10.0
-44.5,36.0,4.7,9,10.0
-44.5,36.5,4.7,3,10.0
-44.5,37.0,5.7,8,10.0
-44.5,37.5,4.9,15,12.116000000000001
-44.5,38.0,4.8,7,10.505714285714285
-44.5,38.5,4.5,1,10.0
-44.5,39.0,5.2,9,10.934444444444445
-44.5,39.5,4.7,5,10.0
-44.5,94.0,4.8,4,10.0
-44.5,94.5,4.3,2,10.0
-44.5,102.5,4.8,1,10.0
-44.5,145.0,4.9,1,9.0
-44.5,166.0,4.1,1,33.0
-44.5,166.5,4.0,1,17.0
-44.5,167.0,5.0,16,17.18125
-44.5,167.5,4.9,28,11.119392857142858
-44.5,168.0,5.4,47,29.590021276595746
-44.5,168.5,4.7,15,20.40666666666667
-44.5,169.0,5.6,2,6.5
-44.5,169.5,5.1,8,13.899999999999999
-44.5,170.0,4.9,11,7.609090909090909
-44.5,170.5,4.3,1,5.3
-44.5,171.0,4.2,2,11.77
-44.0,-108.0,4.9,1,10.0
-44.0,-107.0,5.4,1,10.0
-44.0,-106.0,4.8,1,10.0
-44.0,-101.0,5.3,1,10.0
-44.0,-83.0,4.4,1,10.0
-44.0,-82.5,5.1,7,10.0
-44.0,-82.0,5.4,11,10.0
-44.0,-80.5,4.5,1,10.0
-44.0,-79.5,4.4,1,33.0
-44.0,-79.0,5.1,3,9.866666666666667
-44.0,-78.0,5.6,4,15.75
-44.0,-75.5,4.7,3,15.0
-44.0,-75.0,4.0,1,6.7
-44.0,-73.0,5.2,1,4.4
-44.0,-72.5,5.4,1,10.0
-44.0,-17.0,4.3,1,10.0
-44.0,-16.5,5.3,7,10.0
-44.0,-16.0,5.6,35,9.92
-44.0,-15.5,4.2,2,10.0
-44.0,-15.0,4.4,1,10.0
-44.0,38.0,4.4,1,10.0
-44.0,38.5,5.1,7,13.285714285714286
-44.0,39.0,5.2,26,10.236923076923079
-44.0,39.5,5.1,6,10.446666666666667
-44.0,40.0,4.6,2,10.0
-44.0,40.5,4.8,5,10.0
-44.0,41.0,5.2,4,10.0
-44.0,41.5,5.2,3,12.18
-44.0,42.0,4.6,1,10.0
-44.0,79.0,4.3,1,10.0
-44.0,82.5,5.1,1,13.7
-44.0,94.0,5.6,1,10.0
-44.0,166.5,4.4,1,33.0
-44.0,167.0,3.7,1,33.0
-44.0,167.5,4.7,6,21.75
-44.0,168.0,4.5,8,15.05
-44.0,168.5,5.4,31,10.53516129032258
-44.0,169.0,5.8,12,8.174999999999999
-44.0,169.5,5.4,12,9.856916666666667
-44.0,170.0,4.2,1,9.922
-44.0,170.5,4.1,1,5.0
-44.0,171.0,4.7,3,10.1
-44.0,171.5,4.2,4,18.95
-44.0,172.5,4.0,2,17.5
-44.0,173.0,4.3,3,12.933333333333332
-44.0,177.0,4.9,1,10.0
-43.5,-107.5,4.6,1,10.0
-43.5,-83.5,4.4,1,10.0
-43.5,-82.5,5.1,3,10.0
-43.5,-82.0,5.4,4,10.0
-43.5,-76.5,4.6,1,10.0
-43.5,-76.0,5.2,3,17.666666666666668
-43.5,-75.5,4.6,2,27.125
-43.5,-75.0,4.1,1,14.24
-43.5,-74.5,5.6,15,17.983999999999998
-43.5,-74.0,7.6,7,26.931428571428572
-43.5,-72.5,4.9,1,36.0
-43.5,-72.0,4.3,1,163.08
-43.5,-16.5,5.5,5,10.0
-43.5,-16.0,5.3,24,10.0
-43.5,-15.5,5.1,1,10.0
-43.5,-15.0,4.5,1,10.0
-43.5,8.5,4.6,1,10.0
-43.5,36.5,3.9,1,10.0
-43.5,39.0,5.5,4,10.0
-43.5,39.5,5.6,16,10.0
-43.5,40.0,5.2,16,10.0
-43.5,40.5,4.9,11,10.481818181818182
-43.5,41.0,4.7,1,10.0
-43.5,41.5,6.3,3,10.0
-43.5,91.5,5.4,4,10.0
-43.5,92.0,5.8,4,10.0
-43.5,96.0,4.3,1,10.0
-43.5,120.5,4.6,1,10.0
-43.5,123.5,4.9,2,10.0
-43.5,168.5,4.2,1,19.5
-43.5,169.5,4.1,2,9.5
-43.5,170.0,4.9,10,7.4239999999999995
-43.5,170.5,4.4,11,11.42909090909091
-43.5,171.0,4.5,11,9.856363636363637
-43.5,171.5,6.0,10,13.956999999999999
-43.5,172.0,7.0,87,8.944908045977012
-43.5,172.5,6.1,292,8.962315068493151
-43.5,173.0,5.8,179,10.46313966480447
-43.5,173.5,5.0,3,17.333333333333332
-43.5,174.0,4.9,1,33.0
-43.5,174.5,3.9,2,33.0
-43.5,175.5,4.4,1,16.79
-43.5,179.0,4.2,1,33.0
-43.5,179.5,4.4,1,109.5
-43.0,-179.0,4.6,1,33.0
-43.0,-175.5,4.3,1,33.0
-43.0,-86.0,5.1,2,10.0
-43.0,-85.5,4.8,1,10.0
-43.0,-83.5,5.1,7,10.0
-43.0,-83.0,5.6,9,10.018888888888888
-43.0,-82.5,5.4,14,10.0
-43.0,-82.0,5.4,4,10.0
-43.0,-77.0,4.7,1,33.0
-43.0,-76.0,5.3,6,23.766666666666666
-43.0,-75.5,4.6,1,35.0
-43.0,-74.5,5.1,21,17.846190476190475
-43.0,-74.0,5.1,8,26.894
-43.0,-73.0,4.1,1,2.8
-43.0,-72.5,5.2,20,8.185
-43.0,-72.0,5.0,3,61.800000000000004
-43.0,-71.5,5.5,1,157.3
-43.0,-21.0,4.5,1,10.0
-43.0,-20.0,4.8,1,10.0
-43.0,-16.0,5.6,5,10.0
-43.0,-15.5,4.9,2,10.0
-43.0,39.0,5.0,1,10.0
-43.0,39.5,4.7,6,10.821666666666667
-43.0,40.0,4.4,2,10.0
-43.0,40.5,4.7,3,11.86
-43.0,41.5,5.5,1,10.0
-43.0,42.0,6.0,8,10.0
-43.0,42.5,6.7,8,10.375
-43.0,71.0,4.2,1,10.0
-43.0,79.5,5.0,1,10.0
-43.0,83.0,4.8,2,12.215
-43.0,83.5,5.0,8,10.0
-43.0,84.0,4.9,5,10.0
-43.0,90.5,4.6,1,10.0
-43.0,91.5,4.6,2,12.485
-43.0,121.5,4.9,1,10.0
-43.0,124.5,7.1,4,10.0
-43.0,125.0,4.3,1,10.0
-43.0,143.5,4.8,1,10.0
-43.0,170.5,4.2,3,18.0
-43.0,171.0,5.6,31,11.05967741935484
-43.0,171.5,6.8,24,15.897083333333335
-43.0,172.0,6.2,19,12.28957894736842
-43.0,172.5,4.5,7,19.857142857142858
-43.0,173.0,5.5,24,15.959208333333335
-43.0,173.5,4.6,12,16.605
-43.0,174.0,4.2,2,27.65
-43.0,174.5,4.7,2,18.97
-43.0,175.0,4.3,1,33.0
-43.0,175.5,4.4,2,24.0
-43.0,176.0,4.5,4,22.0
-43.0,176.5,4.2,1,33.0
-43.0,177.5,4.0,2,98.6
-42.5,-110.5,4.9,1,10.0
-42.5,-110.0,4.5,1,10.0
-42.5,-101.0,5.5,1,10.0
-42.5,-84.0,4.4,2,10.0
-42.5,-83.5,5.4,16,10.0
-42.5,-83.0,5.5,8,9.3875
-42.5,-82.5,5.6,10,10.013
-42.5,-82.0,5.2,4,10.0
-42.5,-76.0,4.7,1,33.0
-42.5,-75.5,5.5,7,15.612857142857141
-42.5,-74.5,4.9,5,26.636000000000003
-42.5,-74.0,5.2,10,40.595
-42.5,-73.5,5.2,2,39.75
-42.5,-72.5,4.9,5,10.462
-42.5,-72.0,4.5,1,146.0
-42.5,-19.5,5.3,1,10.0
-42.5,-18.5,6.0,7,10.0
-42.5,-16.0,5.7,11,10.60909090909091
-42.5,-15.5,4.9,2,10.0
-42.5,-15.0,4.7,1,14.3
-42.5,41.0,4.4,1,10.0
-42.5,41.5,5.1,1,10.0
-42.5,42.0,5.4,6,10.0
-42.5,42.5,6.8,10,10.0
-42.5,43.0,4.5,1,10.0
-42.5,78.5,5.2,1,10.0
-42.5,80.0,4.8,1,10.0
-42.5,83.5,4.9,3,10.0
-42.5,84.0,5.7,11,10.0
-42.5,84.5,4.8,2,10.0
-42.5,85.0,4.5,1,10.0
-42.5,88.0,4.0,1,10.0
-42.5,88.5,5.9,6,10.638333333333334
-42.5,89.0,4.7,1,10.0
-42.5,120.0,5.7,7,10.0
-42.5,120.5,4.6,1,10.0
-42.5,124.0,3.5,2,10.0
-42.5,124.5,5.3,15,10.0
-42.5,125.0,5.4,6,10.0
-42.5,169.5,3.8,1,5.0
-42.5,170.0,4.4,1,33.0
-42.5,171.5,4.1,4,10.9575
-42.5,172.0,4.5,6,18.921166666666668
-42.5,172.5,5.7,17,14.900588235294117
-42.5,173.0,7.8,57,20.42405263157895
-42.5,173.5,6.5,71,15.979450704225352
-42.5,174.0,5.7,87,14.32851724137931
-42.5,174.5,4.9,7,24.981428571428573
-42.5,175.0,3.9,4,22.0
-42.5,175.5,4.4,1,12.0
-42.5,176.5,3.7,1,15.7
-42.5,177.5,4.2,1,12.0
-42.5,178.0,4.1,1,33.0
-42.5,179.0,4.0,1,31.0
-42.0,-116.5,4.9,1,10.0
-42.0,-105.0,5.1,2,10.0
-42.0,-92.0,5.1,1,10.0
-42.0,-90.5,4.5,1,10.0
-42.0,-90.0,5.1,1,10.0
-42.0,-89.5,5.1,2,10.0
-42.0,-89.0,4.9,1,10.0
-42.0,-88.0,5.2,2,10.0
-42.0,-87.0,4.9,1,10.0
-42.0,-85.0,4.2,1,10.0
-42.0,-84.5,4.7,3,10.0
-42.0,-84.0,5.3,8,10.0
-42.0,-83.5,5.5,7,11.457142857142857
-42.0,-75.5,6.0,6,13.433333333333332
-42.0,-75.0,5.0,1,33.0
-42.0,-74.5,4.9,2,10.15
-42.0,-74.0,5.0,7,46.778571428571425
-42.0,-73.5,4.6,2,60.545
-42.0,-73.0,5.2,2,68.535
-42.0,-72.5,4.8,6,12.816666666666668
-42.0,-72.0,5.4,5,33.06
-42.0,-18.5,4.5,1,10.0
-42.0,-16.5,5.0,3,10.0
-42.0,-16.0,5.2,3,10.0
-42.0,42.5,5.3,2,10.0
-42.0,43.0,4.6,1,10.0
-42.0,79.5,4.7,1,10.0
-42.0,80.0,5.5,5,10.0
-42.0,81.0,4.4,1,10.0
-42.0,82.0,4.7,1,10.0
-42.0,84.0,4.8,1,10.0
-42.0,84.5,5.6,18,10.56611111111111
-42.0,85.0,5.5,20,9.9655
-42.0,85.5,4.9,4,10.0
-42.0,88.0,5.4,14,10.0
-42.0,88.5,6.0,34,10.0
-42.0,89.0,4.8,2,10.0
-42.0,120.0,4.9,2,21.5
-42.0,124.5,4.1,2,10.0
-42.0,147.5,4.7,1,10.0
-42.0,171.5,5.9,15,20.613333333333333
-42.0,172.0,4.5,14,26.285714285714285
-42.0,172.5,5.2,17,57.206117647058825
-42.0,173.0,6.1,33,61.50781818181818
-42.0,173.5,6.1,35,22.82985714285714
-42.0,174.0,5.5,150,16.14332
-42.0,174.5,5.8,83,17.853493975903614
-42.0,175.0,4.4,5,36.18
-42.0,175.5,3.2,1,61.3
-42.0,177.5,4.7,2,11.0
-42.0,178.0,3.9,1,33.0
-42.0,178.5,4.4,2,36.5
-42.0,179.0,3.2,1,33.0
-41.5,-179.0,4.1,1,10.0
-41.5,-105.0,5.2,1,10.0
-41.5,-104.5,4.6,1,10.0
-41.5,-104.0,4.6,1,10.0
-41.5,-92.5,4.5,1,10.0
-41.5,-92.0,4.8,2,10.0
-41.5,-91.5,5.1,4,10.0
-41.5,-91.0,4.9,4,10.0
-41.5,-90.5,5.6,12,10.001666666666667
-41.5,-90.0,4.8,4,10.0
-41.5,-89.5,5.7,8,10.0
-41.5,-89.0,5.4,14,10.0
-41.5,-88.5,5.7,17,10.0
-41.5,-88.0,4.7,4,10.0
-41.5,-87.5,5.7,11,10.187272727272727
-41.5,-87.0,5.3,7,10.0
-41.5,-86.5,5.0,5,10.0
-41.5,-86.0,5.6,14,10.0
-41.5,-85.5,5.5,16,10.0
-41.5,-85.0,5.3,5,10.0
-41.5,-84.5,5.0,5,10.0
-41.5,-84.0,5.8,7,10.0
-41.5,-83.5,5.3,3,10.0
-41.5,-75.5,6.1,8,24.97625
-41.5,-75.0,4.2,2,21.5
-41.5,-74.0,5.0,8,34.62975
-41.5,-73.5,4.7,2,38.4
-41.5,-72.5,5.2,3,56.74
-41.5,-71.0,4.9,1,78.1
-41.5,-16.5,5.6,15,10.0
-41.5,-16.0,4.5,3,10.0
-41.5,42.0,5.1,2,10.0
-41.5,42.5,6.3,6,10.0
-41.5,79.5,4.7,4,10.0
-41.5,80.0,6.5,7,10.0
-41.5,80.5,6.3,6,11.566666666666668
-41.5,84.5,4.5,4,10.0
-41.5,85.0,5.3,13,10.0
-41.5,85.5,5.5,9,10.0
-41.5,86.0,4.6,1,10.0
-41.5,87.0,4.8,4,10.0
-41.5,88.5,4.8,6,10.0
-41.5,120.0,4.4,1,10.0
-41.5,146.0,4.3,1,10.0
-41.5,146.5,4.0,1,10.0
-41.5,171.5,4.0,2,4.45
-41.5,172.0,4.5,17,24.941764705882353
-41.5,172.5,5.2,35,71.33885714285715
-41.5,173.0,5.0,18,104.58783333333332
-41.5,173.5,6.0,36,76.38019444444444
-41.5,174.0,6.5,146,21.06091095890411
-41.5,174.5,6.5,216,20.790444444444443
-41.5,175.0,5.6,37,28.1027027027027
-41.5,175.5,5.5,13,23.326923076923077
-41.5,176.0,5.2,11,22.977272727272727
-41.5,177.0,4.4,2,22.5
-41.5,177.5,4.0,1,2.0
-41.5,178.0,4.6,1,10.0
-41.5,178.5,4.0,1,33.0
-41.0,-179.5,4.6,1,33.0
-41.0,-179.0,4.2,1,33.0
-41.0,-105.5,4.1,1,10.0
-41.0,-92.0,5.1,13,10.0
-41.0,-91.5,5.5,30,10.056000000000001
-41.0,-91.0,5.3,27,11.257037037037037
-41.0,-90.5,5.7,10,9.998999999999999
-41.0,-90.0,5.6,10,10.0
-41.0,-89.5,5.3,1,10.0
-41.0,-89.0,5.4,6,10.0
-41.0,-88.5,5.4,4,10.0
-41.0,-88.0,4.9,11,12.548181818181819
-41.0,-87.5,4.6,4,10.0
-41.0,-86.5,5.5,8,10.0
-41.0,-86.0,5.4,10,10.0
-41.0,-85.5,5.7,4,10.0
-41.0,-85.0,4.3,1,10.0
-41.0,-81.0,4.8,1,10.0
-41.0,-76.0,3.7,1,10.0
-41.0,-75.0,4.8,4,30.1275
-41.0,-74.5,4.4,1,20.0
-41.0,-74.0,4.6,4,29.9145
-41.0,-73.5,4.4,2,72.65
-41.0,-73.0,4.3,2,52.2
-41.0,-72.0,6.1,2,127.7
-41.0,-71.5,4.5,1,166.22
-41.0,-17.0,5.4,5,10.0
-41.0,-16.5,5.5,7,10.671428571428573
-41.0,42.5,5.5,2,10.0
-41.0,43.0,5.3,15,10.0
-41.0,43.5,5.3,28,10.406785714285714
-41.0,44.0,5.7,13,10.419230769230769
-41.0,44.5,5.4,20,10.2775
-41.0,78.0,5.2,3,10.0
-41.0,78.5,5.3,5,10.0
-41.0,79.0,4.5,1,10.0
-41.0,80.5,5.7,19,10.0
-41.0,81.0,5.8,10,10.0
-41.0,81.5,4.9,1,10.0
-41.0,85.0,4.6,1,10.0
-41.0,85.5,5.5,12,10.0
-41.0,86.0,4.6,1,10.0
-41.0,88.5,4.6,1,10.0
-41.0,90.5,5.0,1,10.0
-41.0,127.0,4.2,1,10.0
-41.0,146.0,3.4,1,10.0
-41.0,147.0,2.2,1,4.3
-41.0,148.0,3.2,1,10.0
-41.0,172.0,4.6,5,13.040000000000001
-41.0,172.5,4.4,24,122.60416666666667
-41.0,173.0,4.7,18,171.05333333333334
-41.0,173.5,5.2,14,93.91428571428571
-41.0,174.0,5.8,34,67.17882352941176
-41.0,174.5,5.2,94,47.0463829787234
-41.0,175.0,5.3,111,29.6709009009009
-41.0,175.5,5.2,69,26.842898550724637
-41.0,176.0,4.5,16,31.15
-41.0,176.5,4.7,15,25.34
-41.0,177.0,5.3,9,27.211111111111112
-41.0,177.5,4.3,1,12.0
-41.0,178.0,4.3,1,33.0
-41.0,178.5,4.3,2,22.5
-41.0,179.0,3.9,2,26.0
-40.5,-92.5,4.2,1,10.0
-40.5,-92.0,5.1,13,10.784615384615384
-40.5,-91.5,5.2,7,11.085714285714285
-40.5,-91.0,4.9,2,10.0
-40.5,-90.5,4.7,3,10.0
-40.5,-90.0,5.1,1,10.0
-40.5,-86.5,5.8,1,10.0
-40.5,-86.0,5.7,3,10.0
-40.5,-85.5,4.7,4,10.0
-40.5,-84.0,4.4,1,10.0
-40.5,-76.0,4.0,1,25.0
-40.5,-75.0,6.7,10,23.119999999999997
-40.5,-74.5,5.2,1,34.0
-40.5,-74.0,4.7,6,20.321666666666665
-40.5,-73.5,4.5,3,49.0
-40.5,-73.0,5.0,6,61.61000000000001
-40.5,-72.5,4.7,7,42.62571428571429
-40.5,-72.0,5.0,33,27.8
-40.5,-71.5,4.9,5,97.08
-40.5,-17.0,5.5,7,10.0
-40.5,-16.5,5.4,4,9.97
-40.5,43.0,5.0,4,10.0
-40.5,43.5,4.4,2,10.0
-40.5,44.5,4.9,4,12.275
-40.5,45.0,4.8,5,10.0
-40.5,45.5,5.9,5,9.8
-40.5,77.5,4.6,2,10.0
-40.5,78.0,5.1,11,10.0
-40.5,78.5,6.4,8,10.0
-40.5,79.0,4.7,3,10.0
-40.5,81.0,5.2,1,19.2
-40.5,98.5,5.2,2,10.0
-40.5,126.5,4.8,1,10.0
-40.5,143.5,3.0,1,3.0
-40.5,144.0,3.9,1,10.0
-40.5,145.0,3.8,1,10.0
-40.5,155.5,4.6,3,16.666666666666668
-40.5,156.0,4.7,1,14.7
-40.5,173.0,4.4,5,187.2
-40.5,173.5,5.2,43,170.00032558139534
-40.5,174.0,5.2,36,83.15175
-40.5,174.5,5.7,93,61.24568817204301
-40.5,175.0,5.6,48,35.47375
-40.5,175.5,4.8,31,39.088967741935484
-40.5,176.0,6.4,74,35.871648648648645
-40.5,176.5,5.6,86,36.84173255813953
-40.5,177.0,5.9,51,21.946764705882355
-40.5,177.5,4.2,5,34.0
-40.5,178.5,4.2,3,26.0
-40.5,179.0,4.1,3,26.0
-40.5,179.5,4.7,1,33.0
-40.0,-180.0,4.0,2,66.5
-40.0,-179.5,4.4,1,12.0
-40.0,-179.0,4.9,1,16.0
-40.0,-155.5,5.1,1,10.0
-40.0,-150.5,4.9,1,10.0
-40.0,-114.0,4.8,1,10.0
-40.0,-92.0,5.0,3,10.0
-40.0,-91.5,5.0,3,10.0
-40.0,-91.0,4.8,1,10.0
-40.0,-89.0,5.1,1,10.0
-40.0,-86.0,4.6,1,10.0
-40.0,-75.5,4.5,1,10.0
-40.0,-75.0,5.6,13,16.071538461538463
-40.0,-73.5,4.5,3,35.833333333333336
-40.0,-73.0,5.3,6,56.6
-40.0,-72.5,4.1,2,55.0
-40.0,-72.0,4.8,4,77.445
-40.0,-71.5,5.5,11,114.90727272727273
-40.0,-71.0,5.3,3,169.15666666666667
-40.0,-70.5,4.4,1,135.18
-40.0,-58.0,4.0,1,10.0
-40.0,-16.5,5.2,4,10.0
-40.0,-16.0,4.6,1,10.0
-40.0,15.5,3.7,1,10.0
-40.0,41.5,4.6,1,10.0
-40.0,42.0,5.8,1,10.0
-40.0,44.5,5.1,2,10.0
-40.0,45.0,5.7,1,10.0
-40.0,45.5,5.0,4,11.3675
-40.0,46.0,5.9,15,10.006666666666666
-40.0,77.5,4.9,4,10.0
-40.0,78.0,5.4,22,10.167272727272728
-40.0,78.5,6.2,18,10.0
-40.0,80.5,4.9,1,10.0
-40.0,86.5,5.5,1,10.0
-40.0,102.5,4.2,1,10.0
-40.0,142.5,4.8,1,10.0
-40.0,156.0,4.0,1,33.0
-40.0,173.0,4.5,7,44.82857142857143
-40.0,173.5,5.4,24,186.52625
-40.0,174.0,6.3,26,157.9173076923077
-40.0,174.5,5.4,51,70.17572549019607
-40.0,175.0,5.6,142,27.95718309859155
-40.0,175.5,4.7,13,51.096923076923076
-40.0,176.0,4.8,9,50.65111111111111
-40.0,176.5,4.9,31,40.37354838709677
-40.0,177.0,4.8,65,38.49081538461538
-40.0,177.5,4.0,9,22.0
-40.0,178.5,5.1,4,27.575000000000003
-40.0,179.0,4.1,3,26.0
-40.0,179.5,4.0,2,58.0
-39.5,-180.0,5.0,2,21.5
-39.5,-105.0,5.0,1,10.0
-39.5,-92.5,4.5,1,10.0
-39.5,-92.0,4.9,1,18.0
-39.5,-91.0,5.4,1,10.0
-39.5,-89.0,4.5,1,10.0
-39.5,-75.5,4.0,1,10.0
-39.5,-75.0,6.7,26,16.838461538461537
-39.5,-74.0,5.1,5,32.486000000000004
-39.5,-73.5,4.1,2,33.95
-39.5,-73.0,4.4,5,52.778
-39.5,-72.5,4.7,10,83.536
-39.5,-72.0,5.0,4,107.725
-39.5,-71.5,4.1,1,139.7
-39.5,-70.5,4.7,1,159.1
-39.5,-17.0,4.3,1,10.0
-39.5,-16.5,4.7,1,10.0
-39.5,-16.0,5.5,12,10.724166666666667
-39.5,-15.5,5.2,4,10.965
-39.5,-15.0,5.0,1,10.0
-39.5,35.0,4.8,1,10.0
-39.5,46.0,5.9,3,10.0
-39.5,46.5,5.8,6,10.0
-39.5,76.5,4.1,1,10.0
-39.5,78.0,5.9,10,10.342
-39.5,78.5,4.8,3,10.0
-39.5,79.0,4.4,1,10.0
-39.5,79.5,4.3,1,10.0
-39.5,120.0,4.1,1,10.0
-39.5,172.0,4.0,1,14.0
-39.5,173.5,4.6,17,18.235176470588236
-39.5,174.0,5.8,40,169.36849999999998
-39.5,174.5,5.7,60,174.07433333333333
-39.5,175.0,5.0,47,72.1268085106383
-39.5,175.5,5.1,45,32.85333333333334
-39.5,176.0,5.3,27,52.98962962962963
-39.5,176.5,5.7,18,42.041111111111114
-39.5,177.0,5.5,38,36.75631578947368
-39.5,177.5,4.8,29,29.450344827586203
-39.5,178.0,4.4,12,24.974999999999998
-39.5,178.5,5.1,9,16.755555555555556
-39.5,179.0,4.0,2,19.8
-39.5,179.5,4.7,3,24.333333333333332
-39.5,180.0,3.8,1,33.0
-39.0,-180.0,4.6,1,10.0
-39.0,-179.5,5.0,3,26.333333333333332
-39.0,-177.5,4.5,1,33.0
-39.0,-93.0,4.2,1,10.0
-39.0,-92.5,4.8,2,10.0
-39.0,-92.0,5.9,9,10.0
-39.0,-91.5,6.0,9,9.666666666666666
-39.0,-91.0,5.5,1,10.0
-39.0,-75.5,4.8,5,44.279999999999994
-39.0,-75.0,5.5,14,25.3
-39.0,-74.5,6.5,7,21.52857142857143
-39.0,-74.0,5.0,2,20.45
-39.0,-73.5,4.9,11,24.64818181818182
-39.0,-73.0,6.1,7,34.18857142857143
-39.0,-72.5,5.1,3,70.2
-39.0,-72.0,4.5,5,132.872
-39.0,-71.5,5.1,5,105.55199999999999
-39.0,-71.0,6.0,3,158.66666666666666
-39.0,-70.5,3.9,1,177.0
-39.0,-69.0,4.2,1,14.63
-39.0,-16.0,5.4,11,10.0
-39.0,-15.5,5.4,3,10.0
-39.0,-15.0,5.0,1,10.0
-39.0,46.0,4.6,1,10.0
-39.0,46.5,5.4,23,10.208695652173914
-39.0,47.0,4.8,2,10.0
-39.0,47.5,4.6,2,10.0
-39.0,49.0,4.8,1,10.0
-39.0,78.0,5.0,11,11.321818181818182
-39.0,78.5,5.9,8,11.1575
-39.0,79.0,4.3,1,10.0
-39.0,82.0,5.3,1,10.0
-39.0,113.5,4.2,1,10.0
-39.0,134.5,4.5,1,10.0
-39.0,137.0,5.0,1,10.0
-39.0,137.5,4.7,2,10.0
-39.0,142.5,3.5,1,0.0
-39.0,146.0,3.9,1,10.0
-39.0,173.5,4.0,6,11.700000000000001
-39.0,174.0,5.0,21,36.542857142857144
-39.0,174.5,4.6,29,81.85244827586207
-39.0,175.0,6.1,132,161.57476515151515
-39.0,175.5,5.5,130,41.99661538461539
-39.0,176.0,5.3,104,62.431182692307694
-39.0,176.5,5.3,18,67.63055555555555
-39.0,177.0,5.3,13,42.98461538461538
-39.0,177.5,5.1,39,39.02871794871795
-39.0,178.0,5.2,49,27.5169387755102
-39.0,178.5,6.6,31,32.61129032258064
-39.0,179.0,4.5,4,37.75
-39.0,179.5,4.8,2,69.0
-39.0,180.0,4.2,1,32.3
-38.5,-179.5,5.0,7,30.014285714285712
-38.5,-179.0,4.8,1,33.0
-38.5,-94.5,4.5,1,10.0
-38.5,-94.0,4.9,14,10.0
-38.5,-93.5,5.7,17,10.0
-38.5,-93.0,5.4,7,10.0
-38.5,-92.5,4.9,5,10.0
-38.5,-92.0,4.2,1,10.0
-38.5,-91.5,5.0,6,10.0
-38.5,-91.0,4.7,2,10.0
-38.5,-76.5,4.2,1,31.3
-38.5,-75.5,5.6,9,21.136444444444447
-38.5,-75.0,4.9,9,20.082222222222224
-38.5,-74.5,5.0,10,34.410000000000004
-38.5,-74.0,5.1,21,30.390476190476193
-38.5,-73.5,7.2,66,32.55257575757575
-38.5,-73.0,5.0,17,35.43705882352941
-38.5,-72.5,4.3,8,59.0225
-38.5,-72.0,4.5,5,71.3
-38.5,-71.5,3.4,1,0.0
-38.5,-71.0,4.1,2,165.015
-38.5,-70.5,4.2,1,190.25
-38.5,-69.0,5.0,3,11.92
-38.5,-68.5,4.4,2,10.35
-38.5,-55.5,4.5,1,10.0
-38.5,-17.0,5.1,6,10.0
-38.5,-16.5,5.3,5,10.82
-38.5,-16.0,5.2,7,10.0
-38.5,-15.5,5.1,2,10.0
-38.5,46.5,4.8,3,10.0
-38.5,47.0,4.5,1,15.97
-38.5,47.5,4.9,2,10.0
-38.5,48.0,4.6,5,14.6
-38.5,48.5,4.4,2,10.0
-38.5,77.0,4.6,1,10.0
-38.5,78.0,5.7,9,10.554444444444444
-38.5,78.5,6.4,7,10.388571428571428
-38.5,79.0,4.7,1,10.0
-38.5,95.5,4.9,1,10.0
-38.5,140.5,3.6,2,10.0
-38.5,145.0,3.1,3,12.0
-38.5,145.5,2.5,1,11.0
-38.5,146.0,5.2,14,9.442857142857141
-38.5,146.5,3.2,5,10.4
-38.5,147.0,3.2,1,13.0
-38.5,174.0,3.8,5,12.8
-38.5,174.5,4.3,7,22.34142857142857
-38.5,175.0,4.6,5,334.7
-38.5,175.5,5.8,73,192.3739726027397
-38.5,176.0,6.3,274,149.92444525547447
-38.5,176.5,5.1,27,98.051
-38.5,177.0,4.9,30,54.11233333333333
-38.5,177.5,6.4,27,49.37259259259259
-38.5,178.0,5.8,46,31.848478260869566
-38.5,178.5,5.0,34,27.677941176470586
-38.5,179.0,5.0,34,35.220588235294116
-38.5,179.5,4.6,6,33.833333333333336
-38.5,180.0,3.9,2,18.5
-38.0,-180.0,4.9,21,20.70847619047619
-38.0,-179.5,5.0,11,19.310909090909092
-38.0,-179.0,4.7,2,33.0
-38.0,-178.5,3.9,1,33.0
-38.0,-178.0,4.4,1,33.0
-38.0,-95.0,5.0,2,10.0
-38.0,-94.5,4.5,3,10.0
-38.0,-94.0,5.5,40,10.0
-38.0,-93.5,5.4,22,10.0
-38.0,-93.0,5.2,3,10.0
-38.0,-92.5,4.6,3,10.0
-38.0,-91.5,4.4,1,10.0
-38.0,-75.5,4.9,14,13.521428571428572
-38.0,-75.0,7.4,37,24.577837837837837
-38.0,-74.5,5.0,19,27.853157894736842
-38.0,-74.0,5.6,65,23.28941538461538
-38.0,-73.5,6.6,124,28.231669354838708
-38.0,-73.0,5.8,25,34.14
-38.0,-72.5,4.9,8,48.945
-38.0,-72.0,4.4,4,80.0625
-38.0,-71.5,4.5,7,83.23285714285714
-38.0,-71.0,6.0,4,97.875
-38.0,-70.5,6.6,4,157.35
-38.0,-68.5,4.3,1,13.86
-38.0,-17.5,4.9,1,10.0
-38.0,-17.0,5.2,5,10.0
-38.0,48.0,4.5,1,10.0
-38.0,48.5,5.3,19,10.0
-38.0,49.0,5.1,14,10.299999999999999
-38.0,49.5,5.2,8,10.0
-38.0,50.0,6.0,5,10.0
-38.0,50.5,4.4,1,10.0
-38.0,51.0,4.3,1,10.0
-38.0,51.5,4.9,3,10.0
-38.0,52.5,3.8,1,10.0
-38.0,77.5,4.6,1,10.0
-38.0,78.0,5.7,10,10.0
-38.0,78.5,4.2,1,10.0
-38.0,89.0,4.9,1,10.0
-38.0,111.5,4.4,2,10.0
-38.0,112.0,5.2,2,16.46
-38.0,139.5,4.4,1,12.805
-38.0,140.0,2.8,1,22.0
-38.0,143.5,3.6,1,10.0
-38.0,144.5,3.1,2,10.0
-38.0,145.0,3.1,1,10.0
-38.0,145.5,3.6,6,13.833333333333334
-38.0,146.0,4.3,2,11.0
-38.0,146.5,3.5,1,5.0
-38.0,148.0,3.2,1,3.0
-38.0,174.5,4.5,3,19.0
-38.0,175.0,4.2,1,33.0
-38.0,175.5,4.6,9,177.94444444444446
-38.0,176.0,5.0,165,175.24236363636365
-38.0,176.5,5.6,188,116.66970212765956
-38.0,177.0,5.4,97,54.358247422680414
-38.0,177.5,4.9,64,55.636734375
-38.0,178.0,5.0,37,58.464594594594594
-38.0,178.5,6.5,57,32.223333333333336
-38.0,179.0,7.1,75,28.984800000000003
-38.0,179.5,5.8,54,22.258518518518517
-38.0,180.0,5.3,25,13.5712
-37.5,-180.0,5.6,79,16.7620253164557
-37.5,-179.5,5.1,60,26.73483333333333
-37.5,-179.0,4.7,2,21.5
-37.5,-96.5,5.2,3,10.0
-37.5,-96.0,4.5,1,10.0
-37.5,-95.5,4.6,1,10.0
-37.5,-95.0,4.5,2,10.0
-37.5,-94.5,5.2,10,10.376000000000001
-37.5,-94.0,5.1,5,10.0
-37.5,-93.5,5.1,2,10.0
-37.5,-75.5,4.5,2,28.09
-37.5,-75.0,5.6,7,21.740000000000002
-37.5,-74.5,5.2,19,21.94421052631579
-37.5,-74.0,5.7,99,24.965353535353536
-37.5,-73.5,6.6,135,30.223570370370368
-37.5,-73.0,5.9,27,39.4962962962963
-37.5,-72.5,4.6,14,66.85214285714285
-37.5,-72.0,4.9,16,80.534625
-37.5,-71.5,5.9,9,119.03222222222222
-37.5,-71.0,5.6,10,125.08
-37.5,-70.5,4.7,4,168.825
-37.5,-68.0,4.4,1,33.0
-37.5,-17.5,6.0,7,10.0
-37.5,-17.0,5.5,8,10.0
-37.5,-12.5,4.8,1,18.2
-37.5,-11.5,4.1,1,10.0
-37.5,31.0,4.6,1,10.0
-37.5,47.5,5.4,4,10.0
-37.5,48.0,4.8,4,10.0
-37.5,48.5,4.7,2,10.0
-37.5,49.0,4.3,1,10.0
-37.5,50.0,5.3,3,10.0
-37.5,50.5,4.6,1,10.0
-37.5,51.0,5.3,25,10.112
-37.5,51.5,6.0,24,10.0
-37.5,52.0,5.8,6,10.0
-37.5,52.5,4.6,3,10.0
-37.5,78.0,5.8,36,10.0
-37.5,78.5,5.8,10,10.0
-37.5,116.5,3.9,1,10.0
-37.5,122.5,3.6,1,10.0
-37.5,139.0,4.7,1,10.0
-37.5,142.5,3.8,1,2.0
-37.5,144.5,2.8,1,5.0
-37.5,145.0,3.8,1,8.788
-37.5,146.0,4.7,4,12.25
-37.5,146.5,5.9,4,10.5
-37.5,147.0,2.8,1,17.0
-37.5,175.5,5.0,7,8.071428571428571
-37.5,176.0,5.2,35,211.98285714285714
-37.5,176.5,5.1,118,231.3786525423729
-37.5,177.0,6.2,181,77.35541436464088
-37.5,177.5,6.5,121,91.24942148760331
-37.5,178.0,4.9,70,75.35914285714286
-37.5,178.5,6.0,43,40.61913953488372
-37.5,179.0,7.0,87,21.85080459770115
-37.5,179.5,7.3,137,15.978029197080291
-37.5,180.0,5.6,134,19.59649253731343
-37.0,-180.0,5.6,59,28.98983050847458
-37.0,-179.5,7.1,80,31.74
-37.0,-179.0,4.9,17,34.48235294117647
-37.0,-178.5,4.4,3,48.23333333333333
-37.0,-111.5,4.7,1,10.0
-37.0,-110.5,5.6,2,10.0
-37.0,-102.0,4.7,1,10.0
-37.0,-101.0,4.2,1,10.0
-37.0,-100.0,5.1,1,10.0
-37.0,-99.0,5.1,1,10.0
-37.0,-98.0,5.1,1,10.0
-37.0,-97.5,6.3,2,10.0
-37.0,-97.0,5.0,1,10.0
-37.0,-96.5,5.0,8,10.0
-37.0,-96.0,5.2,27,10.0
-37.0,-95.5,5.4,10,10.0
-37.0,-95.0,5.7,10,13.86
-37.0,-94.5,4.8,2,10.0
-37.0,-94.0,5.2,5,10.0
-37.0,-93.5,4.3,1,10.0
-37.0,-75.0,4.6,8,29.3375
-37.0,-74.5,4.8,9,27.441111111111113
-37.0,-74.0,6.4,85,18.2494
-37.0,-73.5,6.3,116,28.19318965517241
-37.0,-73.0,6.1,49,35.536755102040814
-37.0,-72.5,6.0,36,53.583333333333336
-37.0,-72.0,4.3,15,88.346
-37.0,-71.5,4.8,19,68.26052631578948
-37.0,-71.0,5.2,16,127.1975
-37.0,-70.5,5.4,8,150.3875
-37.0,-70.0,4.2,2,19.75
-37.0,-21.0,6.2,3,10.0
-37.0,-17.5,5.6,8,10.0
-37.0,-17.0,5.5,8,10.0
-37.0,48.0,3.5,1,10.0
-37.0,49.0,4.3,1,10.0
-37.0,52.0,4.8,5,10.0
-37.0,52.5,5.0,9,10.41
-37.0,53.0,4.3,2,10.0
-37.0,53.5,4.6,1,9.24
-37.0,77.5,6.1,4,10.0
-37.0,78.0,6.0,17,10.0
-37.0,78.5,6.1,25,10.0
-37.0,79.0,5.0,1,10.0
-37.0,124.5,4.1,1,10.0
-37.0,144.0,3.1,1,10.0
-37.0,144.5,3.3,1,10.0
-37.0,146.0,2.6,1,12.0
-37.0,147.0,3.4,2,8.0
-37.0,147.5,3.0,1,33.0
-37.0,175.0,2.9,1,9.0
-37.0,176.0,4.9,1,443.8
-37.0,176.5,4.8,46,290.6974565217391
-37.0,177.0,5.6,145,185.77419310344828
-37.0,177.5,5.3,133,132.73754135338348
-37.0,178.0,5.0,38,104.96205263157894
-37.0,178.5,5.9,32,52.12896875
-37.0,179.0,6.7,100,17.57873
-37.0,179.5,5.6,125,18.34352
-37.0,180.0,5.8,53,22.41698113207547
-36.5,-180.0,5.0,10,55.629999999999995
-36.5,-179.5,5.3,52,32.84173076923077
-36.5,-179.0,4.9,15,35.46666666666667
-36.5,-178.5,4.5,2,33.0
-36.5,-129.0,4.7,1,10.0
-36.5,-111.0,5.3,3,10.0
-36.5,-110.5,5.7,8,10.60375
-36.5,-107.5,6.0,1,10.0
-36.5,-104.5,5.6,2,10.0
-36.5,-103.5,5.2,1,10.0
-36.5,-102.5,4.8,1,10.0
-36.5,-100.5,5.8,4,10.0
-36.5,-100.0,5.5,8,10.0
-36.5,-99.5,4.9,8,10.0
-36.5,-99.0,5.8,10,11.035
-36.5,-98.5,5.5,7,10.0
-36.5,-98.0,6.7,12,11.916666666666666
-36.5,-97.5,6.5,16,10.0175
-36.5,-97.0,5.9,22,10.0
-36.5,-96.5,5.0,4,10.0
-36.5,-96.0,4.8,6,10.0
-36.5,-76.0,4.8,1,10.0
-36.5,-75.5,4.2,1,29.7
-36.5,-75.0,4.5,1,21.0
-36.5,-74.5,4.8,6,29.233333333333334
-36.5,-74.0,6.4,14,24.150714285714287
-36.5,-73.5,6.6,143,26.467223776223776
-36.5,-73.0,6.9,106,31.845283018867924
-36.5,-72.5,5.4,42,51.62983333333333
-36.5,-72.0,4.9,25,80.1572
-36.5,-71.5,4.7,47,94.18042553191488
-36.5,-71.0,5.2,25,99.0208
-36.5,-70.5,5.2,10,142.1953
-36.5,-70.0,4.2,3,161.0
-36.5,-69.5,3.4,1,0.0
-36.5,-68.5,3.7,1,10.0
-36.5,-62.5,4.0,1,14.55
-36.5,-45.5,4.5,1,10.0
-36.5,-39.5,5.0,1,14.77
-36.5,-20.0,5.2,1,10.0
-36.5,-17.5,4.9,3,10.0
-36.5,-17.0,4.5,1,10.0
-36.5,-16.5,6.6,1,10.0
-36.5,-1.5,5.3,1,10.0
-36.5,48.0,4.7,1,10.0
-36.5,50.5,4.5,1,10.0
-36.5,52.5,5.8,23,9.969565217391304
-36.5,53.0,4.6,3,10.0
-36.5,53.5,5.4,11,9.877272727272727
-36.5,76.5,4.5,1,10.0
-36.5,77.0,4.3,1,10.0
-36.5,78.5,5.7,9,9.378888888888888
-36.5,79.0,6.2,16,10.0
-36.5,79.5,5.2,3,10.0
-36.5,80.0,4.7,1,10.0
-36.5,116.0,3.2,1,17.0
-36.5,129.0,3.4,1,10.0
-36.5,140.5,3.0,1,10.0
-36.5,143.5,2.7,1,8.0
-36.5,144.0,3.4,1,33.0
-36.5,144.5,3.3,1,10.0
-36.5,145.0,3.0,2,10.0
-36.5,146.0,3.3,3,21.0
-36.5,147.0,2.6,1,3.0
-36.5,148.0,3.0,1,6.0
-36.5,148.5,2.7,1,10.0
-36.5,149.0,3.2,2,8.5
-36.5,149.5,3.4,1,10.0
-36.5,151.0,3.0,1,20.0
-36.5,175.0,4.5,2,11.15
-36.5,175.5,4.0,1,398.0
-36.5,176.5,4.3,11,253.4272727272727
-36.5,177.0,5.4,59,98.57796610169493
-36.5,177.5,5.5,84,176.44534523809523
-36.5,178.0,5.8,40,152.16675
-36.5,178.5,6.1,34,115.35411764705883
-36.5,179.0,5.8,18,60.823888888888895
-36.5,179.5,4.7,14,75.68357142857143
-36.5,180.0,5.1,12,30.608833333333333
-36.0,-180.0,5.1,9,69.34444444444445
-36.0,-179.5,5.1,33,50.163636363636364
-36.0,-179.0,4.6,5,38.160000000000004
-36.0,-178.5,4.1,1,33.0
-36.0,-110.5,6.0,1,10.0
-36.0,-109.0,4.5,1,10.0
-36.0,-108.5,4.8,2,9.95
-36.0,-108.0,6.5,1,10.0
-36.0,-107.0,4.9,1,10.0
-36.0,-106.5,5.2,1,10.0
-36.0,-106.0,4.3,1,10.0
-36.0,-105.0,5.0,1,10.0
-36.0,-104.5,4.7,3,10.0
-36.0,-104.0,5.2,6,10.0
-36.0,-103.5,5.7,12,10.0
-36.0,-103.0,5.9,24,10.016666666666667
-36.0,-102.5,6.5,12,10.166666666666666
-36.0,-102.0,5.8,14,10.648571428571428
-36.0,-101.5,5.3,14,11.785714285714286
-36.0,-101.0,6.3,19,10.147368421052633
-36.0,-100.5,6.0,27,10.0
-36.0,-100.0,5.9,30,10.732333333333335
-36.0,-99.5,4.8,6,10.0
-36.0,-99.0,4.8,2,10.0
-36.0,-98.5,4.6,2,10.0
-36.0,-98.0,6.1,6,10.0
-36.0,-97.5,6.5,10,10.0
-36.0,-97.0,6.3,16,10.426874999999999
-36.0,-96.5,4.6,1,16.4
-36.0,-96.0,4.2,1,10.0
-36.0,-74.5,5.8,4,21.475
-36.0,-74.0,5.3,25,24.59132
-36.0,-73.5,6.7,139,25.951597122302157
-36.0,-73.0,8.8,92,32.953478260869566
-36.0,-72.5,5.3,56,36.642857142857146
-36.0,-72.0,5.1,82,69.81463414634146
-36.0,-71.5,6.2,125,108.12272
-36.0,-71.0,5.0,32,101.7484375
-36.0,-70.5,6.0,21,132.95714285714286
-36.0,-70.0,5.0,9,156.64033333333333
-36.0,-69.5,4.2,2,204.37
-36.0,-69.0,3.8,1,69.6
-36.0,-68.5,4.2,1,80.7
-36.0,-63.5,4.5,1,10.0
-36.0,-24.0,4.9,1,10.0
-36.0,-18.0,4.9,3,10.0
-36.0,-17.5,5.0,2,10.0
-36.0,-17.0,5.0,2,10.0
-36.0,-16.0,4.2,1,10.0
-36.0,-15.0,4.8,1,10.0
-36.0,52.0,5.7,1,10.0
-36.0,52.5,5.7,18,10.0
-36.0,53.0,4.4,2,10.0
-36.0,53.5,5.9,11,9.620909090909091
-36.0,54.0,4.3,1,10.0
-36.0,78.0,4.4,1,10.0
-36.0,78.5,4.7,1,10.0
-36.0,79.0,4.4,1,10.0
-36.0,136.0,4.2,1,10.0
-36.0,136.5,4.5,2,13.0
-36.0,143.5,2.9,1,10.0
-36.0,144.0,2.4,1,10.0
-36.0,147.0,3.4,2,10.0
-36.0,147.5,4.1,1,10.0
-36.0,148.5,3.0,1,2.0
-36.0,149.0,3.0,2,5.0
-36.0,174.0,4.5,1,12.0
-36.0,177.0,4.8,3,105.46666666666665
-36.0,177.5,4.9,20,170.945
-36.0,178.0,5.4,54,168.30696296296296
-36.0,178.5,6.3,61,173.83009836065574
-36.0,179.0,5.3,30,125.82666666666667
-36.0,179.5,5.7,25,91.1012
-36.0,180.0,5.6,19,70.78684210526316
-35.5,-180.0,5.6,15,64.58866666666667
-35.5,-179.5,5.6,78,30.441987179487178
-35.5,-179.0,6.1,31,22.91
-35.5,-178.5,5.1,4,15.75
-35.5,-177.0,5.1,1,33.0
-35.5,-176.5,4.6,1,10.0
-35.5,-118.5,4.8,1,10.0
-35.5,-112.0,5.0,1,10.0
-35.5,-111.0,5.4,5,10.0
-35.5,-110.5,4.8,4,10.0
-35.5,-109.5,4.9,1,10.0
-35.5,-109.0,4.7,2,10.0
-35.5,-108.5,5.1,3,10.0
-35.5,-108.0,4.4,3,10.0
-35.5,-107.5,4.5,3,10.0
-35.5,-107.0,4.8,1,10.0
-35.5,-106.5,6.0,6,9.733333333333333
-35.5,-106.0,5.7,18,10.006666666666668
-35.5,-105.5,5.8,13,10.0
-35.5,-105.0,5.7,13,10.307692307692308
-35.5,-104.5,5.8,14,10.357142857142858
-35.5,-104.0,5.7,22,10.0
-35.5,-103.5,5.7,7,10.0
-35.5,-102.5,5.5,5,10.0
-35.5,-102.0,4.8,3,10.0
-35.5,-101.5,4.8,2,10.795
-35.5,-101.0,4.6,2,10.0
-35.5,-99.5,5.1,1,10.0
-35.5,-99.0,5.6,2,12.85
-35.5,-74.5,4.9,3,21.258333333333333
-35.5,-74.0,5.6,20,26.307499999999997
-35.5,-73.5,6.3,67,22.56734328358209
-35.5,-73.0,6.7,137,25.85204379562044
-35.5,-72.5,5.4,82,29.359756097560975
-35.5,-72.0,5.2,74,47.609405405405404
-35.5,-71.5,5.0,251,96.5961155378486
-35.5,-71.0,5.0,167,101.25449101796407
-35.5,-70.5,4.6,59,63.36033898305085
-35.5,-70.0,4.3,9,168.23777777777775
-35.5,-69.5,2.9,1,212.9
-35.5,-68.5,4.0,2,16.72
-35.5,-67.5,5.1,4,21.5
-35.5,-58.5,3.0,1,10.0
-35.5,-17.5,6.3,8,10.0
-35.5,-17.0,7.0,5,10.0
-35.5,-16.5,5.6,1,10.0
-35.5,-16.0,6.3,10,10.0
-35.5,-15.5,5.7,7,10.0
-35.5,-15.0,4.8,1,10.0
-35.5,38.5,4.6,1,10.0
-35.5,53.0,4.4,1,10.0
-35.5,53.5,5.6,9,10.0
-35.5,54.0,5.4,21,10.50952380952381
-35.5,54.5,4.5,1,10.0
-35.5,78.0,4.8,3,11.533333333333333
-35.5,78.5,5.2,24,10.0
-35.5,90.5,4.5,1,10.0
-35.5,116.0,4.6,1,10.0
-35.5,137.5,2.9,1,35.0
-35.5,138.0,2.8,1,10.0
-35.5,138.5,2.7,1,10.0
-35.5,141.0,4.8,2,15.0
-35.5,143.5,4.2,1,10.0
-35.5,144.5,3.6,1,11.0
-35.5,148.0,2.6,1,10.0
-35.5,148.5,2.9,3,10.0
-35.5,149.0,2.0,1,6.0
-35.5,155.0,2.7,1,11.0
-35.5,177.5,4.4,3,256.73333333333335
-35.5,178.0,5.3,16,177.558125
-35.5,178.5,5.6,61,154.54934426229508
-35.5,179.0,5.3,59,185.6362711864407
-35.5,179.5,5.3,32,117.093125
-35.5,180.0,5.6,19,45.880526315789474
-35.0,-180.0,5.2,38,57.063421052631575
-35.0,-179.5,5.6,68,33.875
-35.0,-179.0,5.8,56,43.3725
-35.0,-178.5,5.2,17,36.588235294117645
-35.0,-178.0,6.0,4,62.650000000000006
-35.0,-176.5,4.8,1,33.0
-35.0,-113.0,4.6,1,10.0
-35.0,-112.5,4.8,1,10.0
-35.0,-112.0,5.8,11,10.0
-35.0,-111.5,5.1,18,10.0
-35.0,-111.0,5.8,16,10.675
-35.0,-110.5,4.7,2,10.0
-35.0,-110.0,4.6,1,10.0
-35.0,-109.5,5.2,10,10.0
-35.0,-109.0,5.7,13,9.992307692307692
-35.0,-108.5,5.4,19,10.0
-35.0,-108.0,6.1,24,10.0
-35.0,-107.5,5.8,25,9.9024
-35.0,-107.0,5.2,11,10.0
-35.0,-106.5,5.4,6,10.0
-35.0,-106.0,4.7,2,10.0
-35.0,-105.5,5.4,3,10.0
-35.0,-105.0,5.2,3,10.0
-35.0,-104.5,5.3,5,10.0
-35.0,-103.5,5.7,2,10.0
-35.0,-102.0,5.0,1,10.0
-35.0,-100.5,4.2,1,10.0
-35.0,-92.0,5.3,1,10.0
-35.0,-74.5,4.3,3,18.333333333333332
-35.0,-74.0,5.4,42,27.406190476190474
-35.0,-73.5,5.0,15,30.607333333333333
-35.0,-73.0,5.2,34,27.419117647058822
-35.0,-72.5,6.2,145,28.126275862068965
-35.0,-72.0,7.1,205,40.279273170731706
-35.0,-71.5,6.2,169,65.89591715976331
-35.0,-71.0,6.3,433,97.50263279445727
-35.0,-70.5,6.5,438,29.97324200913242
-35.0,-70.0,4.6,66,77.38787878787879
-35.0,-69.5,4.8,29,45.44586206896552
-35.0,-69.0,4.5,6,34.291666666666664
-35.0,-68.5,4.2,3,4.1000000000000005
-35.0,-68.0,4.8,4,16.075
-35.0,-67.5,4.7,2,21.65
-35.0,-66.5,3.9,1,11.57
-35.0,-17.5,5.2,2,10.0
-35.0,-17.0,5.1,4,10.0
-35.0,-16.5,6.1,4,10.0
-35.0,-16.0,5.7,5,10.26
-35.0,-15.5,4.8,2,13.23
-35.0,-15.0,5.4,14,10.0
-35.0,-14.5,4.7,2,10.0
-35.0,53.5,4.7,1,10.0
-35.0,54.0,6.1,15,9.978666666666667
-35.0,54.5,5.4,16,10.0
-35.0,76.0,4.6,1,10.0
-35.0,77.5,4.7,1,10.0
-35.0,78.5,5.3,10,10.0
-35.0,79.0,4.7,2,10.0
-35.0,101.5,4.6,1,10.0
-35.0,135.5,3.2,1,13.0
-35.0,137.0,3.8,1,10.0
-35.0,137.5,3.5,1,10.0
-35.0,138.5,3.3,1,17.0
-35.0,139.0,4.0,4,10.75
-35.0,144.0,3.1,1,8.0
-35.0,144.5,3.2,2,10.0
-35.0,147.5,3.9,1,12.0
-35.0,148.5,3.7,2,2.5
-35.0,149.0,3.4,9,6.0
-35.0,171.0,3.8,1,12.0
-35.0,172.5,4.2,1,445.3
-35.0,175.0,4.5,1,421.1
-35.0,178.0,4.6,7,229.84285714285716
-35.0,178.5,5.7,38,200.38184210526316
-35.0,179.0,5.3,38,194.86052631578946
-35.0,179.5,5.6,18,143.29611111111112
-35.0,180.0,5.9,22,63.88954545454545
-34.5,-180.0,5.2,22,101.51181818181817
-34.5,-179.5,5.4,45,53.294688888888885
-34.5,-179.0,5.5,70,35.20871428571429
-34.5,-178.5,6.1,44,28.33590909090909
-34.5,-178.0,5.0,2,35.2
-34.5,-177.0,4.8,1,33.0
-34.5,-113.0,4.3,2,10.0
-34.5,-112.5,5.0,3,10.0
-34.5,-112.0,5.7,7,10.0
-34.5,-111.5,4.8,3,10.0
-34.5,-110.0,4.9,4,10.0
-34.5,-109.5,6.1,14,10.220714285714285
-34.5,-109.0,5.5,20,10.373999999999999
-34.5,-108.5,5.1,5,10.0
-34.5,-108.0,5.7,6,10.0
-34.5,-107.5,5.5,2,10.0
-34.5,-107.0,5.4,4,10.0
-34.5,-105.0,5.0,2,10.0
-34.5,-104.5,4.6,1,13.56
-34.5,-102.0,4.3,1,10.0
-34.5,-101.5,5.3,1,10.0
-34.5,-98.0,4.9,1,10.0
-34.5,-79.5,4.5,1,33.0
-34.5,-74.5,4.8,1,35.0
-34.5,-74.0,5.5,17,24.88
-34.5,-73.5,5.9,83,27.285180722891567
-34.5,-73.0,6.1,30,29.857000000000003
-34.5,-72.5,6.1,242,25.558247933884296
-34.5,-72.0,7.0,420,28.43847142857143
-34.5,-71.5,5.2,108,53.771018518518524
-34.5,-71.0,4.9,310,81.42896774193548
-34.5,-70.5,5.3,712,73.23479494382022
-34.5,-70.0,4.7,291,13.17491408934708
-34.5,-69.5,6.0,11,72.80909090909091
-34.5,-69.0,4.7,7,33.300000000000004
-34.5,-68.5,4.5,3,24.433333333333334
-34.5,-68.0,3.8,1,10.0
-34.5,-67.0,4.7,1,11.6
-34.5,-66.5,4.2,1,11.0
-34.5,-16.0,5.2,5,10.0
-34.5,-15.5,5.3,2,10.0
-34.5,-15.0,5.2,3,10.0
-34.5,-14.5,5.1,4,10.0
-34.5,9.0,4.8,1,10.0
-34.5,54.0,5.0,3,10.0
-34.5,54.5,5.4,4,10.0
-34.5,55.0,5.4,12,10.781666666666666
-34.5,55.5,5.7,19,10.0
-34.5,56.0,4.4,1,10.0
-34.5,57.5,4.9,2,10.0
-34.5,58.0,4.9,4,10.0
-34.5,58.5,4.8,2,10.0
-34.5,59.0,4.6,1,10.0
-34.5,73.0,4.6,2,12.405000000000001
-34.5,77.5,4.6,2,10.0
-34.5,79.0,4.5,1,10.0
-34.5,117.0,5.3,3,10.0
-34.5,117.5,4.2,1,10.0
-34.5,119.5,2.9,1,5.0
-34.5,135.5,4.4,1,10.0
-34.5,139.0,3.3,1,18.0
-34.5,139.5,2.5,1,27.0
-34.5,141.5,3.6,1,10.0
-34.5,147.0,2.5,1,10.0
-34.5,147.5,4.1,2,10.0
-34.5,148.0,3.3,2,2.0
-34.5,148.5,3.5,12,6.5
-34.5,149.5,2.9,2,5.5
-34.5,150.5,4.6,5,7.4
-34.5,151.0,3.1,1,20.0
-34.5,177.0,4.7,2,33.0
-34.5,178.5,4.9,7,171.47714285714284
-34.5,179.0,5.9,27,177.71692592592592
-34.5,179.5,5.9,30,139.23833333333332
-34.5,180.0,6.6,18,116.88683333333334
-34.0,-180.0,5.6,19,66.5008947368421
-34.0,-179.5,5.9,64,57.133109375
-34.0,-179.0,5.6,108,41.894999999999996
-34.0,-178.5,5.5,106,31.172169811320753
-34.0,-178.0,4.9,23,15.152173913043478
-34.0,-177.5,5.0,6,14.496666666666668
-34.0,-177.0,4.8,3,18.333333333333332
-34.0,-126.0,4.2,1,10.0
-34.0,-112.5,5.7,4,10.0
-34.0,-111.0,4.6,1,10.0
-34.0,-109.5,5.4,7,11.307142857142859
-34.0,-109.0,5.4,5,10.0
-34.0,-101.5,5.2,1,10.0
-34.0,-93.5,4.4,1,10.0
-34.0,-73.5,5.5,44,26.733636363636364
-34.0,-73.0,5.2,35,28.49742857142857
-34.0,-72.5,6.8,324,24.727314814814815
-34.0,-72.0,6.0,569,25.837699472759226
-34.0,-71.5,5.3,275,45.71894545454545
-34.0,-71.0,5.1,394,70.70677664974619
-34.0,-70.5,5.1,722,79.70460387811634
-34.0,-70.0,6.4,554,21.07101083032491
-34.0,-69.5,4.9,12,65.05
-34.0,-69.0,4.2,21,42.4
-34.0,-68.5,4.7,47,15.992340425531914
-34.0,-68.0,4.3,6,33.36666666666667
-34.0,-15.0,4.8,1,10.0
-34.0,-14.5,5.2,13,10.0
-34.0,-14.0,4.8,1,10.0
-34.0,53.5,4.4,1,10.0
-34.0,55.0,4.9,1,10.0
-34.0,55.5,4.8,4,10.0
-34.0,56.0,5.3,19,10.111578947368422
-34.0,56.5,6.0,15,10.374
-34.0,57.0,5.0,4,10.0
-34.0,57.5,4.7,2,10.0
-34.0,58.0,5.6,6,11.696666666666667
-34.0,58.5,4.4,3,10.0
-34.0,74.5,4.5,1,10.0
-34.0,77.0,4.8,2,10.0
-34.0,77.5,4.6,3,10.0
-34.0,78.0,4.8,1,10.0
-34.0,94.5,5.2,1,10.0
-34.0,117.0,4.3,2,16.5
-34.0,117.5,4.5,2,5.0
-34.0,118.0,3.7,2,5.0
-34.0,121.0,2.5,1,10.0
-34.0,131.0,4.6,1,10.0
-34.0,133.5,3.5,1,32.0
-34.0,136.0,2.8,1,10.0
-34.0,137.0,3.7,2,10.0
-34.0,138.0,2.9,1,10.0
-34.0,138.5,3.0,1,10.0
-34.0,139.0,4.1,3,14.333333333333334
-34.0,139.5,2.7,1,11.0
-34.0,147.0,3.9,4,10.75
-34.0,147.5,2.8,2,6.0
-34.0,148.0,3.9,3,10.0
-34.0,148.5,3.8,7,10.285714285714286
-34.0,149.0,4.2,3,10.333333333333334
-34.0,149.5,2.1,1,10.0
-34.0,150.0,3.1,3,7.666666666666667
-34.0,150.5,3.8,2,11.0
-34.0,151.0,2.4,2,6.0
-34.0,177.0,3.8,1,10.0
-34.0,178.0,4.0,1,250.6
-34.0,178.5,4.3,3,320.76666666666665
-34.0,179.0,5.0,17,192.3514705882353
-34.0,179.5,6.2,55,103.99618181818182
-34.0,180.0,5.3,19,81.55842105263157
-33.5,-180.0,4.8,11,83.62545454545455
-33.5,-179.5,5.9,72,55.939236111111114
-33.5,-179.0,5.9,142,37.11354929577465
-33.5,-178.5,5.8,229,24.123310043668123
-33.5,-178.0,5.9,61,21.47377049180328
-33.5,-177.5,5.3,15,33.11
-33.5,-177.0,4.8,5,28.3
-33.5,-176.5,5.5,5,34.006
-33.5,-176.0,4.7,1,33.0
-33.5,-173.5,4.4,1,10.0
-33.5,-112.0,4.6,1,10.0
-33.5,-109.5,5.7,6,10.875
-33.5,-109.0,5.0,2,10.0
-33.5,-81.0,4.5,1,10.0
-33.5,-74.0,4.4,1,35.0
-33.5,-73.5,4.1,3,25.7
-33.5,-73.0,5.1,58,25.948275862068964
-33.5,-72.5,5.6,319,23.961539184952976
-33.5,-72.0,6.2,675,21.65271703703704
-33.5,-71.5,6.0,323,39.10154489164086
-33.5,-71.0,4.7,369,69.31087262872629
-33.5,-70.5,5.5,634,76.9796403785489
-33.5,-70.0,5.7,466,50.765150214592275
-33.5,-69.5,5.3,16,50.040625
-33.5,-69.0,5.8,43,20.384186046511626
-33.5,-68.5,4.9,70,21.0023
-33.5,-68.0,4.7,21,53.55619047619048
-33.5,-67.5,4.6,7,199.37285714285716
-33.5,-67.0,5.7,2,10.0
-33.5,-66.0,4.9,3,36.06666666666667
-33.5,-65.5,3.7,1,8.89
-33.5,-16.5,4.8,1,10.0
-33.5,-14.5,5.5,4,10.0
-33.5,-14.0,4.7,3,10.0
-33.5,2.5,5.6,1,10.0
-33.5,18.0,3.5,1,5.0
-33.5,18.5,2.6,1,5.0
-33.5,19.0,2.7,1,5.0
-33.5,22.5,4.5,1,10.0
-33.5,56.0,5.9,3,10.0
-33.5,56.5,4.9,3,10.0
-33.5,57.0,5.8,15,9.648666666666665
-33.5,57.5,5.5,3,10.0
-33.5,77.5,5.3,22,10.417272727272728
-33.5,78.0,5.1,32,10.171875
-33.5,78.5,4.7,1,10.0
-33.5,116.0,2.7,1,0.0
-33.5,116.5,2.5,1,10.0
-33.5,117.0,4.9,3,9.136666666666667
-33.5,117.5,4.3,1,10.0
-33.5,118.0,2.7,2,1.0
-33.5,118.5,4.7,8,4.109375
-33.5,119.5,4.2,1,10.0
-33.5,120.5,5.0,5,10.0
-33.5,121.0,2.7,1,10.0
-33.5,122.5,3.0,1,10.0
-33.5,136.5,4.7,1,15.0
-33.5,137.0,4.2,1,10.0
-33.5,138.5,4.8,7,12.142857142857142
-33.5,139.0,4.8,4,9.26
-33.5,142.0,4.0,1,10.0
-33.5,148.0,3.8,4,10.0
-33.5,148.5,3.4,2,10.0
-33.5,149.0,4.2,1,14.53
-33.5,149.5,2.3,1,10.0
-33.5,150.5,2.3,1,7.0
-33.5,152.0,3.2,1,2.0
-33.5,176.5,3.9,1,33.0
-33.5,177.5,3.9,1,33.0
-33.5,178.0,4.4,1,600.0
-33.5,178.5,4.4,6,368.67833333333334
-33.5,179.0,4.9,5,181.32
-33.5,179.5,5.2,39,170.1571794871795
-33.5,180.0,5.5,23,161.48626086956523
-33.0,-180.0,5.9,15,178.83266666666665
-33.0,-179.5,6.2,62,84.91590322580645
-33.0,-179.0,5.6,157,33.92406369426752
-33.0,-178.5,6.4,345,23.454571014492753
-33.0,-178.0,6.5,159,20.05679245283019
-33.0,-177.5,5.0,23,20.759565217391305
-33.0,-177.0,5.4,9,22.895555555555557
-33.0,-176.5,5.1,4,28.6
-33.0,-176.0,4.4,1,39.4
-33.0,-112.0,4.6,1,10.0
-33.0,-111.5,5.2,2,10.0
-33.0,-109.5,6.7,9,10.382222222222222
-33.0,-109.0,5.3,11,10.587272727272728
-33.0,-108.0,4.5,1,10.0
-33.0,-75.0,4.8,1,12.7
-33.0,-73.5,4.6,6,23.625
-33.0,-73.0,5.4,151,21.643973509933772
-33.0,-72.5,5.5,126,22.1265873015873
-33.0,-72.0,6.9,818,20.218672371638142
-33.0,-71.5,5.9,394,35.27241116751269
-33.0,-71.0,5.0,441,61.87781179138322
-33.0,-70.5,5.7,1031,54.60417943743938
-33.0,-70.0,5.5,574,69.2696393728223
-33.0,-69.5,5.4,56,57.72017857142857
-33.0,-69.0,5.3,158,25.406898734177215
-33.0,-68.5,5.6,40,37.2899
-33.0,-68.0,4.9,30,26.878666666666668
-33.0,-67.5,4.7,4,99.675
-33.0,-67.0,4.5,4,151.525
-33.0,-66.5,4.6,4,42.05
-33.0,-66.0,4.0,1,92.74
-33.0,-65.0,4.7,1,40.1
-33.0,-16.5,4.3,1,10.0
-33.0,-16.0,5.8,16,9.875
-33.0,22.0,4.3,2,5.0
-33.0,31.5,4.1,1,10.0
-33.0,57.0,5.6,8,10.0
-33.0,57.5,4.9,1,10.0
-33.0,78.0,4.9,16,10.295625
-33.0,78.5,4.4,1,10.0
-33.0,89.0,4.5,1,10.0
-33.0,106.0,4.6,1,10.09
-33.0,117.0,2.7,2,10.0
-33.0,117.5,4.2,3,12.333333333333334
-33.0,118.0,4.0,1,5.0
-33.0,118.5,3.6,2,10.0
-33.0,121.0,3.3,1,0.0
-33.0,122.5,4.2,1,33.0
-33.0,125.5,2.6,1,0.0
-33.0,137.0,3.6,1,33.0
-33.0,138.0,3.5,1,9.0
-33.0,138.5,4.2,6,8.666666666666666
-33.0,139.0,4.6,4,10.5
-33.0,139.5,4.9,2,11.048
-33.0,140.0,4.5,2,5.0
-33.0,150.5,3.0,1,10.0
-33.0,151.0,5.3,1,10.0
-33.0,178.5,5.0,5,231.58
-33.0,179.0,5.2,7,352.84857142857146
-33.0,179.5,6.0,27,259.76655555555556
-33.0,180.0,5.7,31,178.76483870967743
-32.5,-180.0,5.4,32,207.135875
-32.5,-179.5,6.6,70,97.5136
-32.5,-179.0,6.6,99,53.27682828282828
-32.5,-178.5,6.2,192,23.01654166666667
-32.5,-178.0,6.0,238,16.881974789915965
-32.5,-177.5,5.6,36,28.505833333333335
-32.5,-177.0,5.5,13,18.553846153846152
-32.5,-176.5,5.1,10,36.378
-32.5,-176.0,5.0,6,23.735
-32.5,-175.0,5.0,1,10.0
-32.5,-120.5,4.9,1,10.0
-32.5,-112.5,4.7,1,10.0
-32.5,-112.0,5.6,3,10.0
-32.5,-111.5,5.7,4,10.0
-32.5,-111.0,5.1,6,11.530000000000001
-32.5,-110.5,4.5,1,15.11
-32.5,-110.0,4.7,1,10.0
-32.5,-109.0,4.5,1,10.0
-32.5,-73.5,3.7,2,28.5
-32.5,-73.0,6.7,148,21.722972972972972
-32.5,-72.5,4.9,43,23.30995348837209
-32.5,-72.0,6.2,1059,20.702322946175634
-32.5,-71.5,6.7,1914,30.054634273772205
-32.5,-71.0,5.4,353,60.945067988668555
-32.5,-70.5,5.1,281,89.15283274021353
-32.5,-70.0,5.7,445,116.5301797752809
-32.5,-69.5,5.5,105,113.62409523809525
-32.5,-69.0,4.9,74,76.08094594594594
-32.5,-68.5,4.8,27,73.28255555555555
-32.5,-68.0,4.4,7,29.300000000000004
-32.5,-67.5,5.0,17,64.33117647058825
-32.5,-67.0,6.3,6,50.15
-32.5,-66.0,4.4,1,33.0
-32.5,-65.5,4.5,2,15.0
-32.5,-65.0,3.9,1,10.0
-32.5,-15.0,4.5,2,10.0
-32.5,-14.5,4.8,2,10.0
-32.5,-14.0,5.1,5,9.8
-32.5,-13.5,5.4,6,10.0
-32.5,56.0,4.5,1,10.0
-32.5,56.5,4.3,1,10.0
-32.5,57.0,4.9,9,10.22
-32.5,58.0,4.8,1,10.0
-32.5,80.0,5.3,4,10.0
-32.5,80.5,4.7,1,10.0
-32.5,117.0,2.7,6,5.5
-32.5,118.0,2.2,1,10.0
-32.5,119.0,2.5,1,2.0
-32.5,122.5,5.2,12,5.945833333333333
-32.5,123.0,3.1,2,2.0
-32.5,127.0,4.4,3,3.3333333333333335
-32.5,138.0,3.2,2,17.0
-32.5,138.5,4.2,4,14.4825
-32.5,139.0,4.6,2,5.0
-32.5,140.5,4.0,1,7.0
-32.5,148.5,3.7,2,5.5
-32.5,149.0,3.5,1,10.0
-32.5,151.0,4.2,5,11.61
-32.5,152.0,2.8,1,12.0
-32.5,152.5,3.3,1,0.0
-32.5,153.0,3.9,1,10.0
-32.5,177.0,4.8,3,33.0
-32.5,178.5,4.6,1,262.1
-32.5,179.0,5.0,6,418.8333333333333
-32.5,179.5,6.1,48,369.36710416666665
-32.5,180.0,4.8,40,325.02275
-32.0,-180.0,5.7,30,324.0973333333333
-32.0,-179.5,7.4,67,168.68958208955223
-32.0,-179.0,6.5,86,83.34788372093023
-32.0,-178.5,6.0,113,32.84302654867257
-32.0,-178.0,6.4,217,22.400599078341017
-32.0,-177.5,5.4,71,23.281690140845072
-32.0,-177.0,5.6,18,49.727777777777774
-32.0,-176.5,5.4,7,19.614285714285717
-32.0,-176.0,4.8,3,11.67
-32.0,-175.5,4.8,1,27.9
-32.0,-175.0,4.4,1,10.0
-32.0,-173.5,4.8,1,33.0
-32.0,-112.5,4.7,1,10.0
-32.0,-112.0,5.6,4,10.0
-32.0,-111.5,5.1,4,10.0
-32.0,-111.0,7.0,9,10.726666666666667
-32.0,-110.5,5.2,1,15.3
-32.0,-109.5,5.5,1,10.0
-32.0,-73.0,5.0,11,17.404545454545453
-32.0,-72.5,5.9,55,17.471818181818183
-32.0,-72.0,5.9,612,21.917513071895424
-32.0,-71.5,6.1,776,36.53636082474227
-32.0,-71.0,5.7,360,74.68119444444444
-32.0,-70.5,5.1,323,110.16032507739939
-32.0,-70.0,5.2,512,128.6444140625
-32.0,-69.5,5.5,253,129.38641106719368
-32.0,-69.0,6.4,102,93.03783333333334
-32.0,-68.5,5.1,100,116.81296
-32.0,-68.0,5.2,52,87.68615384615386
-32.0,-67.5,5.7,35,93.35742857142857
-32.0,-67.0,5.2,27,110.97177777777777
-32.0,-66.5,5.5,12,124.06916666666666
-32.0,-65.0,4.0,3,12.333333333333334
-32.0,-64.5,4.1,2,22.65
-32.0,-14.0,5.4,3,10.0
-32.0,55.5,5.0,2,10.0
-32.0,56.5,4.7,2,10.0
-32.0,57.0,5.4,23,10.246086956521738
-32.0,57.5,5.4,35,10.132571428571428
-32.0,58.0,5.4,10,10.0
-32.0,58.5,5.0,3,10.0
-32.0,74.5,4.6,1,10.0
-32.0,79.0,5.3,2,10.0
-32.0,88.5,5.3,1,10.0
-32.0,116.5,2.5,1,2.0
-32.0,117.0,2.9,4,4.75
-32.0,117.5,3.2,2,10.0
-32.0,118.0,2.9,2,10.0
-32.0,118.5,2.6,1,10.0
-32.0,119.5,2.9,1,10.0
-32.0,120.0,3.8,1,10.0
-32.0,138.0,4.2,5,17.4
-32.0,138.5,4.4,6,9.5
-32.0,139.0,3.5,5,9.6
-32.0,144.5,3.7,1,10.0
-32.0,176.0,3.8,2,33.0
-32.0,179.0,5.4,8,486.485
-32.0,179.5,5.7,39,416.3459487179487
-32.0,180.0,7.1,68,361.7512794117647
-31.5,-180.0,6.2,58,335.4405172413793
-31.5,-179.5,6.9,62,225.87046774193547
-31.5,-179.0,6.5,105,99.63729523809523
-31.5,-178.5,5.6,130,56.28194615384616
-31.5,-178.0,5.8,165,29.920842424242426
-31.5,-177.5,6.0,93,25.469139784946236
-31.5,-177.0,5.3,44,16.231363636363636
-31.5,-176.5,5.0,15,13.34
-31.5,-176.0,5.2,5,10.870000000000001
-31.5,-112.0,5.0,1,10.0
-31.5,-111.5,5.3,2,10.0
-31.5,-111.0,5.7,1,6.7
-31.5,-81.0,4.2,1,10.0
-31.5,-73.5,4.6,5,33.242000000000004
-31.5,-73.0,4.6,15,16.74
-31.5,-72.5,5.1,73,22.669931506849316
-31.5,-72.0,6.7,607,24.24965568369028
-31.5,-71.5,8.3,555,33.97356216216217
-31.5,-71.0,5.6,80,78.478525
-31.5,-70.5,5.4,180,102.93872222222222
-31.5,-70.0,5.9,412,139.96338106796117
-31.5,-69.5,5.3,537,135.8477374301676
-31.5,-69.0,6.3,421,127.09803562945369
-31.5,-68.5,6.4,215,105.89194418604652
-31.5,-68.0,5.9,77,87.2358961038961
-31.5,-67.5,5.5,62,76.12758064516129
-31.5,-67.0,6.2,30,107.78266666666667
-31.5,-66.5,4.9,12,110.50666666666666
-31.5,-66.0,5.6,3,152.29333333333332
-31.5,-65.0,4.7,6,24.03333333333333
-31.5,-64.5,4.1,2,21.5
-31.5,-49.5,4.0,1,10.0
-31.5,-15.5,5.5,1,10.0
-31.5,-13.5,5.5,9,10.553333333333335
-31.5,-13.0,4.4,1,10.0
-31.5,-4.5,4.7,1,10.0
-31.5,57.0,4.8,3,10.0
-31.5,57.5,4.4,2,10.0
-31.5,58.0,5.9,12,10.0
-31.5,58.5,6.0,15,10.0
-31.5,59.0,4.7,3,10.0
-31.5,76.5,4.9,15,10.0
-31.5,77.0,4.9,5,10.0
-31.5,80.5,4.5,1,10.0
-31.5,110.5,4.4,1,10.0
-31.5,111.5,4.3,2,22.5
-31.5,116.0,2.8,1,2.0
-31.5,117.0,5.2,7,9.271428571428572
-31.5,118.0,4.6,5,10.0
-31.5,118.5,2.6,1,10.0
-31.5,119.0,3.5,2,7.5
-31.5,122.5,3.8,2,10.0
-31.5,123.0,4.1,1,14.98
-31.5,123.5,4.1,1,15.0
-31.5,138.0,3.7,1,10.0
-31.5,138.5,4.7,7,17.571428571428573
-31.5,139.0,4.2,5,8.0
-31.5,141.5,4.3,1,10.0
-31.5,145.0,3.0,1,9.0
-31.5,177.5,4.2,1,33.0
-31.5,178.5,4.2,3,548.0
-31.5,179.0,5.2,11,486.02000000000004
-31.5,179.5,6.6,47,435.11329787234047
-31.5,180.0,5.6,51,397.9275294117647
-31.0,-180.0,6.2,42,368.75411904761904
-31.0,-179.5,5.5,60,285.16920000000005
-31.0,-179.0,6.6,103,102.9398349514563
-31.0,-178.5,6.5,97,88.45305154639175
-31.0,-178.0,6.3,161,40.17850310559006
-31.0,-177.5,6.2,176,28.004261363636363
-31.0,-177.0,6.8,56,18.74535714285714
-31.0,-176.5,5.8,14,19.835714285714285
-31.0,-176.0,5.2,1,64.4
-31.0,-175.5,4.8,2,21.5
-31.0,-106.5,4.6,1,10.0
-31.0,-93.0,5.3,2,10.0
-31.0,-90.0,4.7,1,10.0
-31.0,-73.0,4.9,11,17.414545454545454
-31.0,-72.5,4.9,37,17.32162162162162
-31.0,-72.0,5.7,388,23.04828350515464
-31.0,-71.5,6.8,831,40.82730926594464
-31.0,-71.0,7.1,89,64.21370786516853
-31.0,-70.5,4.8,48,105.48075
-31.0,-70.0,5.0,36,125.3261111111111
-31.0,-69.5,4.7,77,148.50948051948052
-31.0,-69.0,5.0,167,132.02615568862274
-31.0,-68.5,5.3,158,121.87492405063291
-31.0,-68.0,5.5,48,63.21560416666667
-31.0,-67.5,5.2,18,94.21944444444445
-31.0,-67.0,5.0,1,25.4
-31.0,-66.5,4.5,3,60.46666666666667
-31.0,-66.0,5.0,1,10.409
-31.0,-65.5,5.5,19,177.9167894736842
-31.0,-65.0,4.4,1,180.36
-31.0,-64.5,4.3,3,36.52333333333333
-31.0,-64.0,4.7,1,33.0
-31.0,-49.0,5.5,1,29.9
-31.0,-15.0,4.7,1,10.0
-31.0,-13.5,5.8,26,9.76923076923077
-31.0,-13.0,4.9,1,10.0
-31.0,29.0,3.4,1,5.0
-31.0,58.5,5.1,7,10.0
-31.0,59.0,5.4,15,10.0
-31.0,59.5,5.0,19,10.26
-31.0,76.0,4.5,3,10.0
-31.0,76.5,4.6,1,10.0
-31.0,78.0,5.4,1,10.0
-31.0,116.5,4.5,5,4.6
-31.0,117.0,4.3,12,4.083333333333333
-31.0,117.5,4.1,2,7.5
-31.0,118.0,2.8,2,5.5
-31.0,118.5,2.7,2,6.5
-31.0,121.5,4.2,4,9.25
-31.0,126.5,3.9,1,10.0
-31.0,138.5,4.0,6,9.833333333333334
-31.0,139.0,4.5,4,13.75
-31.0,139.5,3.9,2,10.0
-31.0,150.5,4.0,1,0.0
-31.0,176.0,4.2,1,10.0
-31.0,177.5,4.1,2,33.0
-31.0,178.5,4.0,1,468.85
-31.0,179.0,4.9,3,545.6233333333333
-31.0,179.5,6.3,14,448.8528571428572
-31.0,180.0,6.8,19,416.68631578947367
-30.5,-180.0,5.2,15,401.9012
-30.5,-179.5,6.2,67,307.6936119402985
-30.5,-179.0,6.9,83,184.42663855421688
-30.5,-178.5,6.4,98,116.215
-30.5,-178.0,7.3,311,41.61438585209003
-30.5,-177.5,6.4,390,23.86519487179487
-30.5,-177.0,6.0,98,18.861571428571427
-30.5,-176.5,6.3,57,19.722140350877194
-30.5,-176.0,5.1,6,13.833333333333334
-30.5,-175.5,4.4,1,10.0
-30.5,-174.5,4.8,1,35.0
-30.5,-111.0,4.7,1,10.0
-30.5,-110.0,4.5,1,10.0
-30.5,-73.5,5.1,1,14.3
-30.5,-73.0,5.0,12,21.25
-30.5,-72.5,6.0,72,15.159305555555555
-30.5,-72.0,6.3,451,23.8870177383592
-30.5,-71.5,6.8,933,33.374620578778135
-30.5,-71.0,6.2,95,56.36622105263158
-30.5,-70.5,5.3,31,72.62774193548387
-30.5,-70.0,4.1,15,129.45333333333332
-30.5,-69.5,4.8,24,42.82333333333333
-30.5,-69.0,5.2,32,86.99509375
-30.5,-68.5,4.9,16,84.454375
-30.5,-68.0,4.6,5,107.04
-30.5,-67.5,4.8,4,37.4915
-30.5,-67.0,4.9,1,24.6
-30.5,-66.5,3.7,1,10.0
-30.5,-66.0,4.0,1,49.2
-30.5,-65.5,4.9,3,180.64300000000003
-30.5,-65.0,5.1,3,137.06666666666666
-30.5,-64.5,4.0,1,53.0
-30.5,-64.0,4.3,1,37.79
-30.5,-63.5,4.0,1,20.0
-30.5,-14.0,4.4,1,10.0
-30.5,-13.5,4.9,2,10.0
-30.5,24.0,4.0,1,10.0
-30.5,29.0,3.1,1,5.0
-30.5,30.5,3.8,1,5.0
-30.5,59.0,4.5,1,10.0
-30.5,59.5,5.0,9,10.166666666666666
-30.5,60.0,5.9,11,11.942727272727273
-30.5,60.5,4.7,5,10.0
-30.5,75.5,4.8,3,11.51
-30.5,76.0,5.0,4,12.6775
-30.5,77.5,4.2,1,10.0
-30.5,78.0,4.5,1,10.0
-30.5,116.5,2.4,1,10.0
-30.5,117.0,4.8,161,8.118012422360248
-30.5,117.5,4.7,37,5.891891891891892
-30.5,118.0,4.4,3,10.0
-30.5,118.5,4.5,7,10.0
-30.5,121.0,4.5,2,5.0
-30.5,121.5,4.8,3,6.333333333333333
-30.5,123.5,2.7,1,10.0
-30.5,134.0,4.3,1,10.0
-30.5,142.0,3.5,3,6.666666666666667
-30.5,150.5,4.1,1,0.0
-30.5,176.0,4.0,1,33.0
-30.5,178.0,4.5,1,33.0
-30.5,179.0,4.8,7,542.8100000000001
-30.5,179.5,4.6,5,480.32
-30.5,180.0,4.7,9,414.6511111111111
-30.0,-180.0,4.6,7,406.31714285714287
-30.0,-179.5,5.5,41,353.3816829268292
-30.0,-179.0,5.4,66,260.35506060606065
-30.0,-178.5,5.9,79,147.61001265822784
-30.0,-178.0,7.1,215,57.77858139534884
-30.0,-177.5,7.0,518,28.055422779922782
-30.0,-177.0,6.6,338,17.7388550295858
-30.0,-176.5,5.7,132,17.79219696969697
-30.0,-176.0,7.0,42,19.86857142857143
-30.0,-175.5,4.6,2,10.0
-30.0,-175.0,5.0,1,33.0
-30.0,-174.0,4.3,1,30.4
-30.0,-112.5,5.8,4,10.0
-30.0,-112.0,5.6,17,10.183529411764706
-30.0,-111.5,5.4,2,10.0
-30.0,-111.0,4.6,1,10.0
-30.0,-73.5,4.2,1,20.0
-30.0,-73.0,4.7,9,27.666666666666668
-30.0,-72.5,5.5,39,21.861538461538462
-30.0,-72.0,6.8,173,23.68412716763006
-30.0,-71.5,6.7,303,40.3253102310231
-30.0,-71.0,6.2,66,66.28530303030303
-30.0,-70.5,4.5,12,86.75
-30.0,-70.0,4.5,11,79.1290909090909
-30.0,-69.5,4.9,14,67.17785714285715
-30.0,-69.0,5.4,17,91.61764705882354
-30.0,-68.5,5.2,9,77.48122222222223
-30.0,-68.0,4.5,2,61.69
-30.0,-67.5,5.4,7,69.03428571428572
-30.0,-67.0,4.5,4,68.8925
-30.0,-66.5,4.6,5,29.438
-30.0,-66.0,4.3,1,33.0
-30.0,-65.5,4.5,1,10.0
-30.0,-64.5,5.6,3,20.313333333333333
-30.0,-64.0,3.9,1,34.1
-30.0,-14.0,5.2,6,10.0
-30.0,-13.5,4.2,1,10.0
-30.0,18.5,4.4,1,5.0
-30.0,19.5,4.5,2,7.5
-30.0,20.0,3.5,1,5.0
-30.0,26.5,2.9,1,5.0
-30.0,27.0,2.7,1,5.0
-30.0,28.0,4.3,3,8.333333333333334
-30.0,28.5,4.5,1,10.0
-30.0,29.5,4.5,1,10.0
-30.0,60.0,4.1,1,10.0
-30.0,60.5,5.0,8,10.0
-30.0,61.0,5.7,6,10.0
-30.0,61.5,4.8,1,10.0
-30.0,65.0,4.8,1,10.0
-30.0,73.0,5.3,1,26.2
-30.0,75.0,4.5,1,10.0
-30.0,75.5,4.7,10,11.209999999999999
-30.0,77.0,5.0,1,10.0
-30.0,87.5,4.4,1,14.73
-30.0,117.0,4.3,21,3.1904761904761907
-30.0,118.0,4.6,7,1.0
-30.0,122.0,2.1,1,10.0
-30.0,123.0,3.6,1,10.0
-30.0,124.0,3.8,2,10.0
-30.0,124.5,3.9,1,1.0
-30.0,137.5,4.2,2,11.0
-30.0,141.5,3.6,1,0.0
-30.0,142.0,3.9,1,10.0
-30.0,143.5,5.0,4,10.0
-30.0,144.5,2.8,1,10.0
-30.0,147.0,3.7,1,10.0
-30.0,148.5,3.4,1,10.0
-30.0,150.5,2.5,1,0.0
-30.0,166.0,5.4,4,20.05
-30.0,166.5,4.3,1,10.0
-30.0,172.5,4.8,1,10.0
-30.0,179.0,5.6,4,492.05
-30.0,179.5,4.6,4,532.275
-30.0,180.0,4.1,2,477.28999999999996
-29.5,-180.0,4.5,3,353.67333333333335
-29.5,-179.5,4.8,10,354.677
-29.5,-179.0,6.9,68,287.1152352941176
-29.5,-178.5,7.2,75,140.52924
-29.5,-178.0,7.4,71,64.03602816901409
-29.5,-177.5,8.1,104,37.603442307692305
-29.5,-177.0,6.3,350,20.113905714285714
-29.5,-176.5,7.6,203,19.986837438423645
-29.5,-176.0,6.0,133,17.61233082706767
-29.5,-175.5,5.0,9,15.11111111111111
-29.5,-174.5,4.6,1,14.99
-29.5,-113.0,5.5,2,10.0
-29.5,-112.5,5.5,6,10.0
-29.5,-112.0,6.0,15,10.327333333333334
-29.5,-111.5,5.5,8,10.3625
-29.5,-73.0,5.1,7,16.6
-29.5,-72.5,6.2,24,23.566666666666666
-29.5,-72.0,6.9,119,22.34890756302521
-29.5,-71.5,6.6,183,45.01522404371585
-29.5,-71.0,5.8,121,53.337818181818186
-29.5,-70.5,4.8,28,75.4380357142857
-29.5,-70.0,4.6,18,78.49388888888889
-29.5,-69.5,5.5,41,118.09707317073172
-29.5,-69.0,4.9,11,102.70454545454545
-29.5,-68.5,4.7,19,82.86157894736841
-29.5,-68.0,4.7,12,92.04291666666667
-29.5,-67.5,4.9,4,69.8
-29.5,-67.0,4.6,7,67.67142857142858
-29.5,-66.5,4.9,1,33.0
-29.5,-63.5,4.3,1,29.8
-29.5,-14.0,4.8,4,10.0
-29.5,-13.5,5.2,6,10.0
-29.5,-13.0,4.8,1,10.0
-29.5,17.5,3.9,1,5.0
-29.5,18.5,3.8,1,5.0
-29.5,24.0,4.7,2,5.0
-29.5,24.5,4.5,2,5.0
-29.5,26.0,4.4,1,5.0
-29.5,27.5,4.3,1,5.0
-29.5,30.5,3.7,2,10.004999999999999
-29.5,44.0,4.2,1,10.0
-29.5,60.0,4.3,1,10.0
-29.5,60.5,5.0,8,10.405
-29.5,61.0,5.8,32,10.1534375
-29.5,61.5,5.1,5,10.0
-29.5,74.5,4.3,1,10.0
-29.5,75.0,4.7,3,10.0
-29.5,76.0,4.5,1,10.0
-29.5,76.5,5.5,1,10.0
-29.5,77.5,5.0,1,10.0
-29.5,85.5,4.7,1,10.0
-29.5,114.0,4.1,1,10.0
-29.5,114.5,3.3,1,10.0
-29.5,119.0,2.6,1,10.0
-29.5,125.0,2.8,1,12.0
-29.5,137.0,4.1,1,10.0
-29.5,137.5,3.4,1,4.0
-29.5,144.0,4.2,1,0.0
-29.5,177.0,4.7,1,33.0
-29.5,178.5,5.1,3,588.3066666666667
-29.5,179.0,4.0,1,471.54
-29.5,179.5,4.2,1,462.21
-29.5,180.0,4.4,1,425.6
-29.0,-179.5,4.3,7,297.8728571428572
-29.0,-179.0,4.9,28,313.7317857142857
-29.0,-178.5,5.7,56,184.75262500000002
-29.0,-178.0,5.0,41,88.53487804878048
-29.0,-177.5,7.2,90,56.60616666666667
-29.0,-177.0,6.6,219,24.989301369863014
-29.0,-176.5,6.2,182,17.293186813186814
-29.0,-176.0,7.4,65,20.917384615384613
-29.0,-175.5,4.9,6,22.21666666666667
-29.0,-175.0,4.2,1,20.7
-29.0,-167.5,4.6,1,11.9
-29.0,-113.0,5.0,3,10.0
-29.0,-112.5,6.2,8,10.0
-29.0,-112.0,5.4,8,10.629999999999999
-29.0,-75.5,4.7,1,33.0
-29.0,-74.0,4.3,2,10.0
-29.0,-73.0,4.7,6,18.0
-29.0,-72.5,5.1,14,21.93285714285714
-29.0,-72.0,5.2,18,35.78788888888889
-29.0,-71.5,6.7,148,35.461581081081086
-29.0,-71.0,6.1,58,58.794137931034484
-29.0,-70.5,4.8,29,83.15137931034482
-29.0,-70.0,5.8,33,115.11087878787879
-29.0,-69.5,5.5,38,109.91160526315788
-29.0,-69.0,6.0,16,93.92125
-29.0,-68.5,5.7,21,88.2247619047619
-29.0,-68.0,4.8,16,87.145
-29.0,-67.5,5.8,35,124.48542857142857
-29.0,-67.0,6.0,16,117.151875
-29.0,-66.5,5.3,11,30.14909090909091
-29.0,-66.0,4.9,1,22.4
-29.0,-65.5,4.5,1,53.8
-29.0,-64.5,4.3,2,49.0
-29.0,-63.0,5.5,3,602.0100000000001
-29.0,-62.5,4.2,1,605.91
-29.0,-14.0,4.4,1,10.0
-29.0,-13.5,5.7,2,10.0
-29.0,-13.0,5.8,19,9.678947368421053
-29.0,-12.5,5.2,5,10.0
-29.0,-4.0,5.1,1,10.0
-29.0,19.0,4.3,1,10.0
-29.0,20.5,4.1,1,5.0
-29.0,31.5,4.3,1,15.3
-29.0,33.5,4.4,1,10.0
-29.0,60.5,4.6,7,10.0
-29.0,61.0,5.5,101,10.344851485148514
-29.0,61.5,5.9,26,10.27076923076923
-29.0,62.0,5.2,14,10.0
-29.0,62.5,4.4,1,10.0
-29.0,73.5,4.4,1,10.0
-29.0,74.0,4.9,6,10.0
-29.0,74.5,5.5,5,10.0
-29.0,75.0,5.0,16,10.0
-29.0,75.5,5.2,1,10.0
-29.0,97.0,5.2,1,10.0
-29.0,112.5,4.4,1,10.0
-29.0,114.0,2.5,1,18.0
-29.0,124.0,3.5,1,10.0
-29.0,135.0,3.7,1,10.0
-29.0,136.5,3.3,1,10.0
-29.0,139.0,4.3,1,10.0
-29.0,143.5,3.2,1,10.0
-29.0,144.0,3.2,3,6.666666666666667
-29.0,147.5,2.5,1,10.0
-29.0,150.5,2.6,1,10.0
-29.0,178.5,5.7,1,617.3
-29.0,179.0,4.7,2,571.27
-29.0,180.0,4.8,2,462.15
-28.5,-180.0,4.8,3,405.25666666666666
-28.5,-179.5,4.6,6,406.6366666666667
-28.5,-179.0,6.1,17,327.25176470588235
-28.5,-178.5,5.9,35,182.9322857142857
-28.5,-178.0,6.2,106,51.690622641509435
-28.5,-177.5,7.0,143,38.267916083916084
-28.5,-177.0,6.7,123,25.884317073170735
-28.5,-176.5,6.5,158,19.426518987341773
-28.5,-176.0,5.3,42,26.940952380952382
-28.5,-175.5,4.9,10,11.183
-28.5,-175.0,4.4,1,33.0
-28.5,-174.5,4.8,1,15.88
-28.5,-119.5,4.8,1,10.0
-28.5,-114.5,4.3,1,10.0
-28.5,-114.0,5.0,1,10.0
-28.5,-113.5,4.9,1,10.0
-28.5,-113.0,5.7,6,9.833333333333334
-28.5,-112.5,5.9,3,10.0
-28.5,-112.0,6.1,4,10.0
-28.5,-111.5,4.7,2,10.0
-28.5,-111.0,4.9,1,10.0
-28.5,-81.5,4.3,1,10.0
-28.5,-73.0,4.3,1,28.2
-28.5,-72.5,6.2,17,28.511764705882353
-28.5,-72.0,4.8,16,33.699375
-28.5,-71.5,6.0,121,31.786264462809918
-28.5,-71.0,5.7,96,50.611697916666664
-28.5,-70.5,5.1,59,75.06537288135593
-28.5,-70.0,4.8,34,92.26058823529412
-28.5,-69.5,5.6,32,110.481875
-28.5,-69.0,5.8,32,102.9865625
-28.5,-68.5,5.5,14,101.42
-28.5,-68.0,4.9,14,118.72071428571428
-28.5,-67.5,5.5,70,125.4755
-28.5,-67.0,4.8,11,131.29
-28.5,-66.5,4.3,2,42.85
-28.5,-66.0,6.4,8,33.2
-28.5,-65.5,4.0,1,10.0
-28.5,-65.0,4.4,3,25.426666666666666
-28.5,-64.5,4.4,1,27.42
-28.5,-64.0,4.4,1,30.9
-28.5,-63.5,6.9,4,562.7375
-28.5,-63.0,7.0,14,601.2040714285714
-28.5,-13.5,4.8,3,10.0
-28.5,-13.0,5.0,7,9.197142857142856
-28.5,-12.5,5.2,7,9.925714285714287
-28.5,20.5,4.6,6,5.0
-28.5,27.0,4.3,1,5.0
-28.5,30.5,3.3,1,5.0
-28.5,31.0,4.6,1,9.357
-28.5,40.5,4.3,1,10.0
-28.5,60.5,4.6,3,10.0
-28.5,61.0,4.4,1,10.0
-28.5,62.0,4.5,3,10.0
-28.5,62.5,4.9,19,9.986842105263158
-28.5,63.0,5.2,3,10.0
-28.5,65.5,4.7,1,10.0
-28.5,66.5,4.4,1,10.0
-28.5,73.5,4.6,1,10.0
-28.5,74.0,5.0,19,10.0
-28.5,74.5,5.1,15,10.0
-28.5,75.0,4.4,1,10.0
-28.5,75.5,4.1,1,10.0
-28.5,84.5,4.7,1,10.0
-28.5,113.0,3.2,1,15.0
-28.5,114.0,4.3,1,10.0
-28.5,124.0,3.1,1,9.0
-28.5,126.0,2.7,1,10.0
-28.5,136.5,3.8,1,10.0
-28.5,139.0,4.1,2,10.0
-28.5,139.5,4.4,1,10.0
-28.5,142.0,3.3,2,10.0
-28.5,148.5,2.8,1,0.0
-28.5,149.0,3.0,2,10.0
-28.5,149.5,3.2,1,0.0
-28.5,167.5,4.6,1,16.91
-28.5,178.0,3.9,1,177.5
-28.5,178.5,4.7,2,608.65
-28.5,180.0,4.9,1,478.7
-28.0,-179.5,6.1,10,405.005
-28.0,-179.0,4.6,11,358.94036363636366
-28.0,-178.5,6.0,26,213.21076923076922
-28.0,-178.0,5.6,33,102.47563636363635
-28.0,-177.5,5.9,59,54.21349152542373
-28.0,-177.0,6.1,66,40.07368181818182
-28.0,-176.5,6.3,140,28.1455
-28.0,-176.0,5.5,45,21.47511111111111
-28.0,-175.5,5.2,9,37.52
-28.0,-175.0,4.7,1,50.0
-28.0,-114.0,4.7,1,10.0
-28.0,-113.5,4.7,2,10.0
-28.0,-113.0,5.0,4,10.0
-28.0,-112.0,5.1,1,10.0
-28.0,-111.5,5.0,2,12.915
-28.0,-91.0,5.0,1,10.0
-28.0,-72.5,5.3,2,22.35
-28.0,-72.0,5.3,5,30.1
-28.0,-71.5,6.8,133,24.025022556390976
-28.0,-71.0,6.3,115,38.952695652173915
-28.0,-70.5,6.8,45,60.50977777777778
-28.0,-70.0,4.9,16,91.476875
-28.0,-69.5,5.0,30,95.993
-28.0,-69.0,4.8,19,96.98052631578948
-28.0,-68.5,4.4,5,110.44980000000001
-28.0,-68.0,4.5,3,128.42666666666665
-28.0,-67.5,5.3,30,133.8781
-28.0,-67.0,5.8,61,159.5680163934426
-28.0,-66.5,5.7,128,162.9176875
-28.0,-66.0,4.6,6,69.57716666666666
-28.0,-65.5,3.6,1,13.0
-28.0,-65.0,4.3,1,29.6
-28.0,-64.5,4.8,6,22.608333333333334
-28.0,-63.5,6.1,4,565.65
-28.0,-63.0,6.7,5,581.754
-28.0,-13.5,4.8,3,11.483333333333334
-28.0,-13.0,5.5,13,9.973846153846154
-28.0,-12.5,5.3,4,10.0
-28.0,-12.0,4.4,2,10.0
-28.0,-11.5,4.8,1,10.0
-28.0,26.5,5.7,69,5.16159420289855
-28.0,27.0,5.3,134,5.121940298507463
-28.0,27.5,4.2,1,5.0
-28.0,61.5,4.8,1,10.0
-28.0,62.5,4.6,5,10.346
-28.0,63.0,5.1,14,10.0
-28.0,63.5,5.0,14,10.36
-28.0,64.0,5.3,2,10.0
-28.0,64.5,5.0,10,10.508
-28.0,65.0,4.6,4,10.0
-28.0,65.5,5.2,12,10.008333333333333
-28.0,66.0,4.6,6,13.833333333333334
-28.0,67.0,4.2,1,10.0
-28.0,69.0,4.5,1,10.0
-28.0,73.5,4.6,2,10.0
-28.0,74.0,5.6,35,10.655714285714286
-28.0,74.5,4.9,10,10.709999999999999
-28.0,75.0,4.5,2,10.0
-28.0,76.0,5.5,5,10.0
-28.0,109.5,4.1,1,10.0
-28.0,113.0,2.5,1,10.0
-28.0,114.0,3.8,1,33.0
-28.0,124.5,2.9,2,10.0
-28.0,126.0,4.2,1,0.0
-28.0,126.5,2.9,1,10.0
-28.0,135.0,4.2,1,0.0
-28.0,136.0,4.5,1,10.0
-28.0,137.5,4.5,1,10.0
-28.0,138.0,3.5,1,6.0
-28.0,140.5,3.7,10,3.8
-28.0,141.0,2.9,1,6.0
-28.0,147.0,3.0,1,0.0
-28.0,148.0,3.6,1,0.0
-28.0,148.5,3.9,1,10.0
-28.0,172.0,5.2,2,10.0
-28.0,173.5,4.8,1,33.0
-28.0,178.5,4.1,1,500.0
-28.0,179.0,5.1,2,516.0074999999999
-28.0,179.5,6.2,3,484.1666666666667
-28.0,180.0,3.9,1,500.0
-27.5,-180.0,4.4,4,458.71799999999996
-27.5,-179.5,4.5,7,431.12757142857146
-27.5,-179.0,5.1,18,383.7055555555555
-27.5,-178.5,5.5,19,255.64631578947368
-27.5,-178.0,5.6,34,175.45382352941178
-27.5,-177.5,4.9,25,97.6048
-27.5,-177.0,5.7,39,60.607282051282056
-27.5,-176.5,7.0,117,32.039316239316236
-27.5,-176.0,5.8,28,28.545357142857142
-27.5,-175.5,6.4,15,26.266666666666666
-27.5,-175.0,5.8,3,17.666666666666668
-27.5,-173.0,4.9,1,10.0
-27.5,-169.0,4.4,1,10.0
-27.5,-149.0,5.5,1,10.0
-27.5,-136.0,5.2,1,10.0
-27.5,-114.0,4.5,2,10.0
-27.5,-113.5,4.9,3,10.0
-27.5,-113.0,5.6,4,10.0
-27.5,-110.0,5.1,1,10.0
-27.5,-108.5,4.9,1,10.0
-27.5,-104.5,6.0,3,10.166666666666666
-27.5,-73.0,3.9,1,33.0
-27.5,-72.5,4.3,2,26.5
-27.5,-72.0,4.9,5,20.06
-27.5,-71.5,5.5,101,24.066732673267325
-27.5,-71.0,5.9,127,32.80643307086614
-27.5,-70.5,6.7,52,55.95980769230769
-27.5,-70.0,5.3,20,90.669
-27.5,-69.5,5.4,33,105.27303030303031
-27.5,-69.0,5.2,33,95.30933333333334
-27.5,-68.0,4.6,5,134.232
-27.5,-67.5,5.2,30,138.82000000000002
-27.5,-67.0,5.1,10,133.8032
-27.5,-66.5,5.0,5,106.454
-27.5,-66.0,5.2,3,28.0
-27.5,-65.0,5.6,3,33.233333333333334
-27.5,-64.5,4.4,2,28.0
-27.5,-63.5,5.4,22,571.2472727272727
-27.5,-63.0,5.7,10,579.363
-27.5,-62.5,4.1,1,626.01
-27.5,-48.5,3.2,1,10.0
-27.5,-13.5,5.3,7,10.0
-27.5,6.5,4.5,1,10.0
-27.5,19.5,4.6,1,10.0
-27.5,26.0,3.7,2,5.0
-27.5,63.0,4.3,1,10.0
-27.5,64.0,4.9,4,10.0
-27.5,64.5,4.9,2,10.0
-27.5,65.0,4.8,7,10.0
-27.5,65.5,5.6,57,10.056842105263158
-27.5,66.0,5.3,25,10.0
-27.5,66.5,5.6,8,10.4475
-27.5,67.0,4.4,3,13.436666666666667
-27.5,72.5,4.5,1,10.0
-27.5,73.0,4.7,7,10.0
-27.5,73.5,5.7,5,10.0
-27.5,74.0,5.6,4,10.0
-27.5,74.5,4.6,4,10.0
-27.5,79.0,4.5,1,10.0
-27.5,113.5,3.3,1,10.0
-27.5,116.5,3.9,1,10.0
-27.5,125.5,3.8,2,8.5
-27.5,126.0,3.3,1,10.0
-27.5,136.0,4.3,1,1.0
-27.5,140.5,3.3,4,4.75
-27.5,146.5,4.2,1,0.0
-27.5,147.5,4.0,1,10.0
-27.5,155.0,3.9,1,33.0
-27.5,174.0,4.5,1,10.0
-27.5,178.5,4.8,2,343.6
-27.5,179.0,4.4,1,532.9
-27.5,179.5,4.6,3,392.59999999999997
-27.5,180.0,4.6,2,498.78999999999996
-27.0,-180.0,4.3,1,468.41
-27.0,-179.5,4.3,1,562.946
-27.0,-179.0,4.5,6,380.52
-27.0,-178.5,4.9,22,272.93699999999995
-27.0,-178.0,4.9,26,174.47076923076924
-27.0,-177.5,5.7,36,118.53888888888888
-27.0,-177.0,6.5,35,61.99914285714285
-27.0,-176.5,6.0,167,33.587556886227546
-27.0,-176.0,5.8,105,20.944761904761904
-27.0,-175.5,5.8,8,22.47625
-27.0,-175.0,4.8,4,27.37
-27.0,-141.0,4.8,1,10.0
-27.0,-115.5,4.6,1,10.0
-27.0,-115.0,5.6,5,10.0
-27.0,-114.5,5.9,9,10.0
-27.0,-114.0,5.3,18,10.0
-27.0,-113.5,5.8,9,10.0
-27.0,-113.0,5.4,7,10.0
-27.0,-112.5,4.8,2,10.85
-27.0,-109.5,5.0,1,14.8
-27.0,-107.5,5.1,5,10.0
-27.0,-107.0,5.0,11,10.0
-27.0,-73.5,4.8,1,33.0
-27.0,-72.0,4.8,4,20.515
-27.0,-71.5,5.3,77,22.458701298701296
-27.0,-71.0,6.7,145,25.76072413793103
-27.0,-70.5,4.4,17,54.688235294117646
-27.0,-70.0,4.5,15,78.09693333333333
-27.0,-69.5,5.5,11,101.97127272727272
-27.0,-69.0,4.8,3,112.78666666666668
-27.0,-68.5,4.2,1,100.0
-27.0,-67.5,4.5,1,10.0
-27.0,-67.0,4.9,5,110.35999999999999
-27.0,-66.5,5.0,4,131.4
-27.0,-66.0,5.2,3,40.01333333333333
-27.0,-65.5,5.0,3,36.45666666666667
-27.0,-65.0,4.3,3,45.36666666666667
-27.0,-64.5,5.6,4,25.15
-27.0,-63.5,7.3,30,567.1385666666666
-27.0,-63.0,7.0,6,584.35
-27.0,-14.0,4.6,1,10.0
-27.0,-13.5,4.7,4,10.0
-27.0,-13.0,4.8,1,10.0
-27.0,-12.5,4.5,1,10.0
-27.0,26.5,5.4,285,5.109824561403508
-27.0,27.0,5.2,206,5.067961165048544
-27.0,27.5,4.4,2,5.0
-27.0,31.0,4.4,1,5.0
-27.0,38.5,4.9,1,1.2
-27.0,66.0,5.1,2,10.0
-27.0,66.5,4.8,5,10.0
-27.0,67.0,5.1,15,10.0
-27.0,67.5,4.9,11,10.0
-27.0,71.0,3.6,1,10.0
-27.0,73.0,4.5,1,10.0
-27.0,75.0,5.1,1,10.0
-27.0,75.5,4.5,1,10.0
-27.0,111.5,4.1,1,10.0
-27.0,115.0,3.4,1,10.0
-27.0,135.0,3.2,1,10.0
-27.0,173.5,4.4,1,22.22
-27.0,177.0,4.5,1,10.0
-27.0,178.5,5.0,7,617.4028571428571
-27.0,179.0,4.8,2,517.0
-27.0,179.5,4.1,1,471.6
-26.5,-180.0,4.6,4,476.275
-26.5,-179.5,4.5,2,483.755
-26.5,-179.0,4.8,7,396.65999999999997
-26.5,-178.5,6.0,19,258.8903157894737
-26.5,-178.0,5.8,26,175.74461538461537
-26.5,-177.5,6.6,49,119.41428571428571
-26.5,-177.0,5.9,30,73.077
-26.5,-176.5,5.4,44,41.13045454545455
-26.5,-176.0,5.8,27,22.416666666666668
-26.5,-175.5,5.5,15,20.220666666666666
-26.5,-174.5,4.6,2,10.0
-26.5,-174.0,4.8,1,35.0
-26.5,-141.5,5.2,1,10.0
-26.5,-141.0,4.6,1,10.0
-26.5,-139.5,4.7,1,10.0
-26.5,-115.5,5.4,7,10.0
-26.5,-115.0,5.9,12,10.022499999999999
-26.5,-114.5,6.1,28,10.451785714285714
-26.5,-114.0,6.6,12,10.333333333333334
-26.5,-113.5,4.8,2,10.0
-26.5,-112.5,5.6,2,10.0
-26.5,-112.0,4.7,2,10.0
-26.5,-107.5,4.8,2,10.0
-26.5,-107.0,5.2,2,10.0
-26.5,-106.5,5.7,2,10.0
-26.5,-105.5,4.9,1,10.0
-26.5,-72.0,4.2,2,30.0
-26.5,-71.5,4.9,11,19.01809090909091
-26.5,-71.0,6.7,35,35.41834285714286
-26.5,-70.5,5.8,35,47.24885714285714
-26.5,-70.0,5.3,7,71.1662857142857
-26.5,-69.5,4.9,8,40.1325
-26.5,-69.0,5.0,4,95.67875
-26.5,-68.0,4.7,1,35.98
-26.5,-67.0,4.3,1,131.8
-26.5,-66.5,4.8,3,139.29999999999998
-26.5,-65.5,4.2,2,34.855000000000004
-26.5,-65.0,5.2,2,34.1
-26.5,-64.5,5.0,4,27.2
-26.5,-63.5,6.5,9,567.4677777777778
-26.5,-63.0,6.4,2,574.8
-26.5,-14.0,4.8,10,9.997
-26.5,-13.5,5.8,25,10.0
-26.5,-13.0,4.6,1,10.0
-26.5,26.5,4.5,6,5.0
-26.5,27.0,4.3,14,5.0
-26.5,27.5,5.0,649,5.045362095531587
-26.5,28.0,4.9,21,5.0
-26.5,28.5,4.1,7,5.285714285714286
-26.5,29.0,4.7,3,5.0
-26.5,31.0,4.5,1,5.0
-26.5,34.5,3.7,1,5.0
-26.5,40.0,4.7,1,10.0
-26.5,40.5,4.5,1,10.0
-26.5,67.5,5.7,48,10.000625
-26.5,68.0,5.1,11,10.0
-26.5,68.5,5.0,1,10.0
-26.5,70.5,4.2,2,10.0
-26.5,71.0,4.9,7,10.0
-26.5,71.5,5.0,14,10.026428571428571
-26.5,72.0,4.8,10,10.443999999999999
-26.5,73.0,4.7,1,10.0
-26.5,74.0,4.8,2,10.0
-26.5,74.5,6.3,6,10.0
-26.5,75.0,4.9,2,10.0
-26.5,75.5,4.4,1,10.0
-26.5,78.5,3.8,1,10.0
-26.5,80.0,4.2,1,10.0
-26.5,83.5,5.0,1,10.0
-26.5,85.0,5.1,3,10.0
-26.5,112.5,3.8,1,10.0
-26.5,114.0,2.8,1,10.0
-26.5,128.0,4.2,1,10.0
-26.5,131.5,3.9,3,10.0
-26.5,132.0,2.8,1,0.0
-26.5,142.0,2.3,1,10.0
-26.5,151.5,3.9,3,3.0
-26.5,178.0,6.2,16,648.45625
-26.5,178.5,6.8,41,609.7103902439025
-26.5,179.0,4.4,8,547.4075
-26.5,179.5,5.0,20,512.692
-26.5,180.0,4.9,4,492.577
-26.0,-180.0,5.0,25,470.44876
-26.0,-179.5,5.1,12,463.57675
-26.0,-179.0,4.9,21,385.21780952380954
-26.0,-178.5,6.3,18,291.6477777777778
-26.0,-178.0,5.7,14,207.3685714285714
-26.0,-177.5,7.8,88,140.66510227272727
-26.0,-177.0,5.3,34,82.72882352941177
-26.0,-176.5,5.4,15,78.26133333333334
-26.0,-176.0,6.0,11,28.62181818181818
-26.0,-175.5,5.7,7,21.935714285714287
-26.0,-175.0,4.9,5,23.192
-26.0,-174.5,4.7,1,10.0
-26.0,-174.0,5.0,1,33.0
-26.0,-116.5,4.8,1,10.0
-26.0,-115.5,4.1,1,10.0
-26.0,-114.0,4.2,1,10.0
-26.0,-112.0,4.6,1,9.99
-26.0,-72.0,4.4,2,28.865000000000002
-26.0,-71.5,4.5,5,23.119999999999997
-26.0,-71.0,5.5,37,36.47486486486486
-26.0,-70.5,6.1,44,47.807500000000005
-26.0,-70.0,5.2,11,57.121818181818185
-26.0,-69.5,5.5,17,62.550588235294114
-26.0,-69.0,5.4,30,89.77536666666667
-26.0,-68.5,4.6,5,114.046
-26.0,-67.5,4.3,1,49.57
-26.0,-67.0,4.8,3,47.76666666666667
-26.0,-66.5,5.1,4,20.045
-26.0,-65.5,5.6,3,35.5
-26.0,-65.0,5.0,2,48.0
-26.0,-64.5,5.2,3,19.866666666666664
-26.0,-63.5,6.8,2,565.2
-26.0,-63.0,4.5,1,585.7
-26.0,-45.5,5.2,1,10.0
-26.0,-15.5,4.8,1,10.0
-26.0,-14.0,5.5,4,10.0
-26.0,-13.5,4.8,3,10.0
-26.0,-11.5,5.4,5,11.016
-26.0,27.0,3.9,5,5.0
-26.0,27.5,4.3,21,5.0
-26.0,28.0,4.5,53,5.132075471698113
-26.0,28.5,2.9,2,5.0
-26.0,29.0,2.9,1,5.0
-26.0,29.5,3.6,2,5.0
-26.0,36.0,4.7,1,10.0
-26.0,68.0,4.7,1,10.0
-26.0,68.5,4.5,2,10.0
-26.0,69.0,5.2,5,10.0
-26.0,69.5,5.0,5,10.0
-26.0,70.0,4.7,1,10.0
-26.0,70.5,5.4,22,10.225909090909092
-26.0,71.0,5.5,48,10.001875
-26.0,71.5,5.1,8,10.0
-26.0,72.0,4.7,4,10.225
-26.0,73.5,4.3,1,10.0
-26.0,75.5,4.5,1,10.0
-26.0,78.5,4.6,1,10.0
-26.0,84.0,4.4,1,10.0
-26.0,88.0,4.5,1,10.0
-26.0,111.5,2.5,1,10.0
-26.0,112.5,4.0,1,15.0
-26.0,113.5,4.9,1,19.0
-26.0,125.0,4.5,1,1.0
-26.0,125.5,3.6,1,9.0
-26.0,129.0,4.4,1,13.86
-26.0,130.5,3.9,1,10.0
-26.0,131.0,4.8,4,8.0
-26.0,131.5,4.5,1,5.0
-26.0,132.0,5.3,6,7.958333333333333
-26.0,135.5,3.3,1,10.0
-26.0,137.0,3.6,1,0.0
-26.0,137.5,3.8,5,10.0
-26.0,138.0,3.0,1,10.0
-26.0,155.5,4.6,1,10.0
-26.0,178.0,6.3,8,641.594375
-26.0,178.5,7.0,51,611.0347647058824
-26.0,179.0,4.7,10,578.762
-26.0,179.5,6.7,78,505.34650000000005
-26.0,180.0,5.4,43,490.8330465116279
-25.5,-180.0,6.1,36,487.24108333333334
-25.5,-179.5,5.7,47,454.5274255319149
-25.5,-179.0,4.9,19,413.8142105263158
-25.5,-178.5,4.8,8,387.8725
-25.5,-178.0,5.8,11,239.02272727272728
-25.5,-177.5,6.0,54,153.5225740740741
-25.5,-177.0,5.4,53,88.67841509433963
-25.5,-176.5,6.2,40,42.191500000000005
-25.5,-176.0,5.5,28,36.3425
-25.5,-175.5,5.6,20,16.2605
-25.5,-175.0,5.0,12,20.504166666666666
-25.5,-174.5,4.9,6,9.796666666666667
-25.5,-174.0,4.5,1,10.0
-25.5,-173.0,4.3,1,33.0
-25.5,-116.5,4.4,1,10.0
-25.5,-116.0,5.7,3,10.633333333333333
-25.5,-115.5,4.9,1,10.0
-25.5,-115.0,4.8,1,10.0
-25.5,-105.5,4.8,2,10.0
-25.5,-84.0,4.6,1,10.0
-25.5,-71.0,5.7,37,32.84243243243243
-25.5,-70.5,5.8,38,42.901105263157895
-25.5,-70.0,6.6,18,60.96777777777778
-25.5,-69.5,4.7,15,86.90826666666666
-25.5,-69.0,5.1,16,95.1965
-25.5,-68.5,5.4,3,116.03333333333335
-25.5,-67.0,4.3,2,41.5
-25.5,-66.5,5.8,2,80.0
-25.5,-66.0,4.5,2,196.23649999999998
-25.5,-65.5,4.3,1,123.27
-25.5,-65.0,4.7,1,10.0
-25.5,-64.5,5.8,3,27.666666666666668
-25.5,-63.5,4.0,1,568.5
-25.5,-14.0,5.5,8,10.15625
-25.5,-13.5,5.4,8,9.96
-25.5,-1.0,4.8,1,21.5
-25.5,2.5,5.3,1,10.0
-25.5,27.5,4.2,1,5.0
-25.5,28.0,4.4,1,5.0
-25.5,30.5,4.6,1,5.0
-25.5,35.5,3.9,1,10.0
-25.5,68.0,4.5,1,10.0
-25.5,69.0,4.9,2,10.0
-25.5,69.5,5.6,8,10.0
-25.5,70.0,5.3,60,10.840499999999999
-25.5,71.5,4.8,1,10.0
-25.5,72.0,4.3,1,10.0
-25.5,75.5,4.6,1,10.0
-25.5,83.0,4.9,1,10.0
-25.5,84.0,5.1,2,10.0
-25.5,116.0,4.5,1,10.0
-25.5,116.5,3.5,1,10.0
-25.5,120.5,3.6,1,10.0
-25.5,130.0,6.0,10,3.08
-25.5,131.0,3.5,2,5.0
-25.5,137.5,3.4,1,10.0
-25.5,138.0,2.5,2,10.0
-25.5,154.0,5.5,4,11.0775
-25.5,154.5,5.4,2,9.5
-25.5,177.0,4.7,1,600.0
-25.5,178.0,6.5,9,619.6333333333333
-25.5,178.5,6.0,33,597.3568181818182
-25.5,179.0,4.7,20,567.8805
-25.5,179.5,6.1,185,519.3671459459459
-25.5,180.0,5.5,83,497.19134939759033
-25.0,-180.0,5.5,72,496.31125000000003
-25.0,-179.5,5.0,44,467.71061363636363
-25.0,-179.0,5.7,34,415.99317647058825
-25.0,-178.5,4.7,6,320.34549999999996
-25.0,-178.0,5.2,9,205.17444444444445
-25.0,-177.5,6.1,41,133.5421951219512
-25.0,-177.0,5.5,74,80.56808108108109
-25.0,-176.5,5.3,22,41.01772727272727
-25.0,-176.0,5.4,33,34.175060606060605
-25.0,-175.5,5.5,36,18.251944444444447
-25.0,-175.0,5.0,23,14.508260869565218
-25.0,-174.5,4.1,1,10.0
-25.0,-129.5,5.0,4,10.0
-25.0,-116.5,4.7,3,10.0
-25.0,-116.0,6.1,8,10.8325
-25.0,-115.5,4.7,2,10.0
-25.0,-112.5,5.9,6,10.0
-25.0,-112.0,5.6,15,10.012666666666666
-25.0,-71.5,4.6,1,37.6
-25.0,-71.0,6.3,27,34.1197037037037
-25.0,-70.5,6.2,38,40.83921052631579
-25.0,-70.0,5.6,23,57.52826086956522
-25.0,-69.5,5.1,14,82.44521428571429
-25.0,-69.0,5.2,33,100.95666666666668
-25.0,-68.5,5.8,14,113.4892142857143
-25.0,-68.0,5.0,5,131.966
-25.0,-67.5,4.3,2,110.25
-25.0,-67.0,4.2,1,40.0
-25.0,-66.5,4.8,1,33.0
-25.0,-65.5,6.3,6,24.53333333333333
-25.0,-65.0,4.8,5,30.606
-25.0,-64.5,5.0,4,29.9525
-25.0,-63.5,6.9,2,570.25
-25.0,-14.5,4.1,1,10.0
-25.0,-14.0,4.7,2,10.0
-25.0,-13.5,5.5,21,10.001428571428571
-25.0,-13.0,4.7,1,10.0
-25.0,-12.5,4.8,1,10.0
-25.0,26.0,3.3,1,10.0
-25.0,27.0,3.6,1,5.0
-25.0,28.5,4.8,2,5.0
-25.0,34.0,4.4,1,10.0
-25.0,37.0,4.6,1,10.0
-25.0,67.5,5.1,1,10.0
-25.0,68.5,4.5,1,10.0
-25.0,69.0,4.2,2,10.0
-25.0,70.0,5.1,30,10.000333333333334
-25.0,70.5,4.8,4,9.6125
-25.0,76.0,4.6,1,10.0
-25.0,86.5,4.3,1,10.0
-25.0,92.0,4.4,1,10.0
-25.0,111.0,3.3,1,22.0
-25.0,112.0,4.1,1,10.0
-25.0,113.0,3.5,1,0.0
-25.0,115.0,3.3,1,10.0
-25.0,115.5,2.6,1,10.0
-25.0,117.5,4.1,6,8.666666666666666
-25.0,139.5,3.0,1,10.0
-25.0,151.5,4.9,2,7.5
-25.0,173.5,4.5,1,33.0
-25.0,178.0,4.5,2,572.9
-25.0,178.5,6.6,44,580.6694772727272
-25.0,179.0,5.9,18,556.8047777777779
-25.0,179.5,6.5,162,530.5411172839506
-25.0,180.0,5.7,251,504.5033067729084
-24.5,-180.0,5.9,240,504.4944541666666
-24.5,-179.5,5.6,103,489.3119417475728
-24.5,-179.0,6.0,29,434.41496551724134
-24.5,-178.5,4.6,6,398.0216666666667
-24.5,-178.0,4.8,11,295.5163636363637
-24.5,-177.5,6.5,45,152.95926666666668
-24.5,-177.0,6.1,68,90.89308823529412
-24.5,-176.5,5.8,42,66.55452380952381
-24.5,-176.0,6.0,91,27.740362637362637
-24.5,-175.5,5.3,48,24.86583333333333
-24.5,-175.0,5.9,34,18.03205882352941
-24.5,-174.5,4.7,2,17.5
-24.5,-174.0,4.3,1,35.0
-24.5,-173.5,4.6,1,10.0
-24.5,-173.0,4.8,2,23.45
-24.5,-172.5,4.5,1,35.0
-24.5,-129.5,4.8,1,10.0
-24.5,-128.0,5.6,1,10.0
-24.5,-117.5,5.0,1,10.0
-24.5,-117.0,4.6,1,10.0
-24.5,-116.5,4.7,3,10.0
-24.5,-116.0,5.7,39,10.01051282051282
-24.5,-115.5,4.9,22,10.0
-24.5,-112.5,4.5,2,10.0
-24.5,-112.0,6.4,13,10.930769230769231
-24.5,-111.5,6.0,7,10.0
-24.5,-72.0,4.4,2,21.5
-24.5,-71.5,4.2,1,22.4
-24.5,-71.0,4.9,16,31.5475625
-24.5,-70.5,5.8,42,40.903333333333336
-24.5,-70.0,5.8,32,58.73659375
-24.5,-69.5,5.2,36,80.92194444444445
-24.5,-69.0,5.8,33,94.50396969696969
-24.5,-68.5,5.2,9,100.19855555555556
-24.5,-68.0,4.8,30,135.43803333333332
-24.5,-67.5,5.0,111,189.71081981981985
-24.5,-67.0,6.6,330,172.7110090909091
-24.5,-66.5,4.8,8,130.99
-24.5,-66.0,4.5,1,33.0
-24.5,-65.5,4.8,3,37.0
-24.5,-65.0,5.0,1,33.0
-24.5,-64.5,5.1,4,39.3175
-24.5,-64.0,4.3,1,10.0
-24.5,-63.5,6.4,2,562.5
-24.5,-63.0,4.3,1,33.0
-24.5,-50.5,4.3,1,10.0
-24.5,-14.5,4.8,1,10.0
-24.5,-14.0,4.5,1,10.0
-24.5,-13.5,5.1,5,10.0
-24.5,-13.0,4.7,2,9.65
-24.5,-9.5,5.8,1,10.0
-24.5,16.0,4.1,1,10.0
-24.5,16.5,4.4,1,10.0
-24.5,26.0,3.6,1,5.0
-24.5,27.0,3.6,1,5.0
-24.5,27.5,4.2,1,5.0
-24.5,44.5,3.6,1,10.0
-24.5,69.0,4.5,2,10.0
-24.5,69.5,4.2,2,10.0
-24.5,70.0,4.8,8,10.0
-24.5,70.5,4.8,1,10.0
-24.5,83.0,4.8,1,10.0
-24.5,84.0,4.6,1,10.0
-24.5,112.5,3.3,1,10.0
-24.5,113.0,4.5,2,15.0
-24.5,116.5,3.5,1,5.0
-24.5,170.5,4.6,1,33.0
-24.5,171.0,4.4,1,33.0
-24.5,171.5,4.1,1,15.03
-24.5,178.5,5.1,11,597.91
-24.5,179.0,6.6,43,558.5447441860465
-24.5,179.5,5.6,142,558.0273661971831
-24.5,180.0,5.7,310,517.5390483870968
-24.0,-180.0,6.1,385,517.8835324675325
-24.0,-179.5,5.3,201,498.6355472636816
-24.0,-179.0,5.7,25,455.7252
-24.0,-178.5,4.8,11,348.27272727272725
-24.0,-178.0,4.8,9,295.29777777777775
-24.0,-177.5,6.0,37,124.20516216216217
-24.0,-177.0,7.2,51,107.51703921568627
-24.0,-176.5,5.9,31,65.5166129032258
-24.0,-176.0,6.2,121,33.2601652892562
-24.0,-175.5,6.2,99,23.198545454545453
-24.0,-175.0,6.2,38,17.115526315789474
-24.0,-174.5,5.8,18,20.946111111111108
-24.0,-174.0,4.7,6,38.199999999999996
-24.0,-173.5,4.3,1,5.1
-24.0,-173.0,4.4,1,10.0
-24.0,-172.0,4.4,1,10.0
-24.0,-171.5,4.6,1,10.0
-24.0,-116.0,5.3,8,10.0
-24.0,-115.5,5.4,21,10.057142857142857
-24.0,-115.0,5.0,11,10.0
-24.0,-114.5,4.5,1,10.0
-24.0,-113.0,4.8,3,10.003333333333332
-24.0,-112.0,5.7,16,10.00625
-24.0,-111.5,5.7,6,10.0
-24.0,-111.0,4.7,1,10.0
-24.0,-82.5,4.5,1,10.0
-24.0,-71.5,5.0,4,36.99425
-24.0,-71.0,5.3,19,34.27894736842105
-24.0,-70.5,6.0,41,36.101975609756096
-24.0,-70.0,7.1,34,47.07223529411765
-24.0,-69.5,5.2,25,83.17644
-24.0,-69.0,5.7,32,89.475625
-24.0,-68.5,5.2,10,112.227
-24.0,-68.0,5.8,39,132.2068205128205
-24.0,-67.5,5.4,172,199.80916279069768
-24.0,-67.0,6.2,954,192.02053144654087
-24.0,-66.5,6.4,381,197.3283622047244
-24.0,-66.0,3.5,1,200.0
-24.0,-65.5,4.5,2,21.5
-24.0,-65.0,5.1,13,35.00307692307692
-24.0,-64.5,5.4,9,15.404444444444444
-24.0,-64.0,5.9,7,27.542857142857144
-24.0,-63.5,4.2,1,531.5
-24.0,-15.0,4.5,2,10.0
-24.0,-13.5,5.3,3,10.0
-24.0,-13.0,4.3,1,10.0
-24.0,17.5,5.0,1,10.0
-24.0,25.5,3.9,1,10.0
-24.0,31.0,4.5,2,5.0
-24.0,32.5,3.5,1,10.0
-24.0,36.5,4.5,1,33.0
-24.0,39.5,4.0,1,10.0
-24.0,69.0,5.0,4,10.0
-24.0,69.5,5.4,50,10.0
-24.0,70.0,4.9,11,9.754545454545454
-24.0,75.0,4.4,1,10.0
-24.0,82.0,4.6,1,10.0
-24.0,82.5,5.6,15,10.156666666666666
-24.0,83.0,5.4,1,10.0
-24.0,85.0,4.6,1,10.0
-24.0,112.5,4.6,1,33.0
-24.0,114.5,3.5,1,19.0
-24.0,115.0,4.0,1,15.0
-24.0,128.5,3.1,1,10.0
-24.0,153.0,4.6,1,10.0
-24.0,169.0,4.0,1,10.0
-24.0,169.5,5.2,2,25.84
-24.0,170.0,4.3,1,33.0
-24.0,171.0,4.6,3,29.333333333333332
-24.0,171.5,5.4,2,13.3055
-24.0,172.0,5.1,4,10.0
-24.0,176.5,5.3,1,10.0
-24.0,177.5,4.8,1,634.8
-24.0,178.5,7.7,15,596.0227333333333
-24.0,179.0,6.1,79,553.0134556962025
-24.0,179.5,5.6,125,561.6697839999999
-24.0,180.0,6.8,286,533.2008146853146
-23.5,-180.0,6.3,481,527.5180706860707
-23.5,-179.5,5.7,263,522.239041825095
-23.5,-179.0,6.9,43,471.8030232558139
-23.5,-178.5,4.5,11,406.44090909090914
-23.5,-178.0,4.8,13,270.1053846153846
-23.5,-177.5,5.5,46,164.1554347826087
-23.5,-177.0,6.4,60,130.0379
-23.5,-176.5,5.7,28,105.84828571428571
-23.5,-176.0,6.2,118,36.58604237288136
-23.5,-175.5,6.2,152,28.47454605263158
-23.5,-175.0,5.6,83,21.778771084337347
-23.5,-174.5,5.2,55,24.68490909090909
-23.5,-174.0,5.7,11,15.614545454545453
-23.5,-173.5,4.7,2,22.5
-23.5,-173.0,4.3,1,10.0
-23.5,-172.5,4.5,1,10.0
-23.5,-151.0,2.2,1,10.0
-23.5,-116.5,4.5,1,10.0
-23.5,-115.5,4.8,12,10.0
-23.5,-115.0,5.1,29,10.048275862068964
-23.5,-114.5,5.4,7,10.0
-23.5,-114.0,4.7,1,10.0
-23.5,-112.5,6.0,4,9.995000000000001
-23.5,-112.0,5.7,13,10.0
-23.5,-111.5,5.6,15,9.964666666666666
-23.5,-71.5,4.4,2,54.95
-23.5,-71.0,5.2,16,32.60125
-23.5,-70.5,8.0,76,35.76513157894737
-23.5,-70.0,5.7,19,50.78421052631579
-23.5,-69.5,5.5,24,82.67204166666666
-23.5,-69.0,5.4,54,95.37248148148147
-23.5,-68.5,5.7,48,113.85585416666667
-23.5,-68.0,5.3,51,125.35678431372548
-23.5,-67.5,6.3,29,175.18396551724138
-23.5,-67.0,4.8,95,216.4837157894737
-23.5,-66.5,7.2,149,206.71071812080538
-23.5,-66.0,4.2,3,241.76666666666665
-23.5,-65.0,5.8,10,30.720999999999997
-23.5,-64.5,5.8,24,21.019583333333333
-23.5,-64.0,4.6,1,20.4
-23.5,-63.5,5.6,8,542.2825
-23.5,-21.0,4.4,1,10.0
-23.5,-13.5,5.4,9,10.0
-23.5,-13.0,4.9,2,10.0
-23.5,17.5,3.7,1,10.0
-23.5,25.5,4.9,1,10.0
-23.5,26.0,4.5,1,10.0
-23.5,26.5,4.3,1,33.0
-23.5,30.5,3.3,1,5.0
-23.5,38.0,4.5,2,10.0
-23.5,39.0,4.5,1,10.0
-23.5,43.5,5.3,1,10.0
-23.5,69.0,4.5,5,10.0
-23.5,69.5,5.8,23,10.326086956521738
-23.5,70.0,4.9,3,17.666666666666668
-23.5,85.5,4.1,1,10.0
-23.5,88.0,4.4,1,10.0
-23.5,112.5,5.8,1,10.0
-23.5,113.0,4.3,1,10.0
-23.5,114.5,4.3,1,10.0
-23.5,116.0,2.8,1,10.0
-23.5,118.0,4.0,1,10.0
-23.5,119.5,4.7,1,9.0
-23.5,126.5,4.4,1,10.0
-23.5,127.5,4.1,1,10.0
-23.5,130.0,3.4,3,6.666666666666667
-23.5,130.5,5.0,1,10.0
-23.5,131.0,3.1,1,10.0
-23.5,134.5,3.6,1,10.0
-23.5,136.5,3.6,2,0.0
-23.5,168.5,5.0,3,25.333333333333332
-23.5,169.0,5.2,2,10.0
-23.5,169.5,4.9,8,41.375
-23.5,170.0,5.1,24,27.974999999999998
-23.5,170.5,5.3,48,24.263395833333334
-23.5,171.0,6.5,51,19.733764705882354
-23.5,171.5,5.7,99,11.2199898989899
-23.5,172.0,6.0,39,10.732564102564103
-23.5,172.5,5.4,5,10.0
-23.5,173.0,5.2,1,33.0
-23.5,173.5,4.5,3,20.416666666666668
-23.5,174.0,4.5,1,10.0
-23.5,176.5,4.5,1,33.0
-23.5,178.5,5.9,6,608.3333333333334
-23.5,179.0,6.4,71,558.5742535211267
-23.5,179.5,5.9,115,558.0505913043478
-23.5,180.0,5.8,214,550.7149672897197
-23.0,-180.0,5.0,61,527.0152622950819
-23.0,-179.5,6.0,120,531.516425
-23.0,-179.0,6.0,38,443.72542105263153
-23.0,-178.5,5.3,26,399.4271153846154
-23.0,-178.0,5.2,19,293.2294736842105
-23.0,-177.5,5.0,17,212.27458823529412
-23.0,-177.0,7.4,56,152.607125
-23.0,-176.5,5.6,41,102.20134146341464
-23.0,-176.0,5.6,48,54.31497916666667
-23.0,-175.5,5.6,112,33.14241071428571
-23.0,-175.0,5.8,91,32.74241758241758
-23.0,-174.5,7.6,56,25.11625
-23.0,-174.0,5.0,12,21.243333333333336
-23.0,-173.5,5.2,7,27.8
-23.0,-173.0,4.9,3,20.0
-23.0,-172.0,4.6,2,12.530000000000001
-23.0,-171.5,4.6,1,10.0
-23.0,-115.5,4.5,1,10.0
-23.0,-115.0,5.3,7,10.0
-23.0,-114.5,5.6,20,11.25
-23.0,-114.0,4.6,5,10.0
-23.0,-113.5,5.1,4,10.0
-23.0,-113.0,5.2,3,11.566666666666668
-23.0,-112.5,5.8,10,10.0
-23.0,-112.0,5.3,16,10.0
-23.0,-111.5,3.9,1,10.0
-23.0,-111.0,4.4,1,10.0
-23.0,-77.0,4.4,1,10.0
-23.0,-72.0,4.6,3,21.043333333333333
-23.0,-71.5,5.1,3,17.666666666666668
-23.0,-71.0,5.9,27,25.33888888888889
-23.0,-70.5,6.4,138,31.666000000000004
-23.0,-70.0,6.8,52,50.5195
-23.0,-69.5,5.4,27,83.62574074074074
-23.0,-69.0,5.5,113,96.12387610619469
-23.0,-68.5,5.8,98,108.91336734693878
-23.0,-68.0,5.7,49,129.13489795918366
-23.0,-67.5,5.1,19,166.00842105263158
-23.0,-67.0,4.6,63,222.3179365079365
-23.0,-66.5,6.7,231,221.95603896103896
-23.0,-66.0,5.5,53,240.7091320754717
-23.0,-65.5,3.8,1,198.1
-23.0,-65.0,5.0,1,24.36
-23.0,-64.5,5.8,4,29.950000000000003
-23.0,-64.0,4.7,12,493.0541666666666
-23.0,-63.5,5.4,23,509.5386956521739
-23.0,-14.0,4.8,1,10.0
-23.0,-13.5,5.5,6,10.0
-23.0,-13.0,4.9,7,10.0
-23.0,-12.5,4.7,1,10.0
-23.0,25.0,4.5,1,10.0
-23.0,38.5,4.8,1,10.0
-23.0,39.0,4.0,1,10.0
-23.0,39.5,4.6,1,10.0
-23.0,46.0,5.0,1,22.9
-23.0,68.5,4.7,1,10.0
-23.0,69.0,5.4,19,10.0
-23.0,69.5,5.2,19,10.0
-23.0,70.0,4.9,1,10.0
-23.0,77.5,4.9,1,10.0
-23.0,82.5,4.6,2,10.0
-23.0,112.5,4.0,1,10.0
-23.0,114.0,4.5,1,13.77
-23.0,114.5,4.1,1,10.0
-23.0,115.0,3.7,2,12.5
-23.0,119.0,4.4,1,10.0
-23.0,120.5,3.7,1,10.0
-23.0,125.5,4.2,1,10.0
-23.0,127.5,3.8,3,6.666666666666667
-23.0,128.0,3.2,2,5.5
-23.0,128.5,4.2,4,5.0
-23.0,130.0,3.9,4,7.5
-23.0,130.5,3.0,1,0.0
-23.0,132.0,2.8,1,0.0
-23.0,166.0,4.6,1,10.0
-23.0,167.5,4.6,1,10.0
-23.0,168.0,4.7,1,10.0
-23.0,168.5,4.2,3,25.333333333333332
-23.0,169.0,6.3,33,16.6030303030303
-23.0,169.5,6.1,66,32.76590909090909
-23.0,170.0,7.7,114,25.68163157894737
-23.0,170.5,7.7,194,20.261829896907216
-23.0,171.0,6.1,138,16.148818840579708
-23.0,171.5,7.7,176,15.518068181818181
-23.0,172.0,6.6,121,12.814793388429752
-23.0,172.5,5.7,43,16.11627906976744
-23.0,173.0,5.4,30,13.966666666666667
-23.0,173.5,5.5,12,13.608333333333334
-23.0,174.0,4.6,1,33.0
-23.0,178.0,4.7,1,685.5
-23.0,178.5,5.1,1,650.0
-23.0,179.0,6.0,49,571.1232857142858
-23.0,179.5,5.3,33,556.5061818181817
-23.0,180.0,5.1,30,557.6076666666667
-22.5,-180.0,6.1,30,605.1156666666667
-22.5,-179.5,5.9,200,576.4089299999999
-22.5,-179.0,5.6,33,497.74993939393937
-22.5,-178.5,7.2,23,404.6074782608695
-22.5,-178.0,6.3,32,350.491
-22.5,-177.5,4.8,20,278.9307
-22.5,-177.0,5.5,30,190.60533333333333
-22.5,-176.5,5.7,55,114.52796363636362
-22.5,-176.0,5.9,57,76.79719298245615
-22.5,-175.5,5.8,47,38.5576170212766
-22.5,-175.0,6.0,116,28.65081896551724
-22.5,-174.5,5.6,71,22.113098591549296
-22.5,-174.0,5.4,22,22.664545454545454
-22.5,-173.5,4.6,8,29.485
-22.5,-173.0,4.7,5,24.71
-22.5,-172.5,4.5,1,35.0
-22.5,-115.5,4.6,1,10.0
-22.5,-114.5,6.8,4,10.0
-22.5,-114.0,5.6,10,10.08
-22.5,-113.5,5.6,5,10.0
-22.5,-113.0,5.9,4,10.0
-22.5,-112.5,6.0,9,10.0
-22.5,-112.0,4.7,4,10.0
-22.5,-110.0,3.5,1,10.0
-22.5,-71.5,4.2,1,33.0
-22.5,-71.0,5.9,7,31.18
-22.5,-70.5,5.2,44,37.1965
-22.5,-70.0,5.5,35,50.15714285714286
-22.5,-69.5,4.8,13,73.81084615384616
-22.5,-69.0,5.6,93,104.03755913978495
-22.5,-68.5,6.0,177,114.31612994350283
-22.5,-68.0,6.8,46,146.48776086956522
-22.5,-67.5,5.3,69,171.3604347826087
-22.5,-67.0,5.2,26,192.3553846153846
-22.5,-66.5,7.0,64,247.2663125
-22.5,-66.0,6.2,137,254.5798686131387
-22.5,-65.5,4.5,2,188.55
-22.5,-65.0,4.2,1,336.34
-22.5,-64.0,5.3,4,161.78
-22.5,-63.5,5.9,5,528.0600000000001
-22.5,-40.5,4.2,1,10.0
-22.5,-14.0,4.5,1,10.0
-22.5,-13.0,5.3,9,10.0
-22.5,-12.5,5.4,26,10.0
-22.5,-12.0,4.1,1,10.0
-22.5,-11.0,5.6,2,10.0
-22.5,-10.5,5.3,8,10.0
-22.5,25.0,6.5,8,15.05625
-22.5,25.5,4.2,1,10.0
-22.5,38.5,4.4,1,10.0
-22.5,39.0,4.5,1,10.0
-22.5,40.0,4.6,1,14.69
-22.5,48.5,4.5,1,15.6
-22.5,67.0,4.4,1,10.0
-22.5,69.0,4.8,9,10.0
-22.5,69.5,5.2,12,9.916666666666666
-22.5,70.0,4.2,1,10.0
-22.5,71.0,4.8,1,10.0
-22.5,112.5,3.7,1,10.0
-22.5,114.0,3.0,1,26.0
-22.5,120.0,4.4,1,10.0
-22.5,121.0,4.5,2,10.625
-22.5,126.5,5.2,3,10.0
-22.5,127.5,4.2,1,10.0
-22.5,129.5,4.5,2,10.0
-22.5,130.0,4.9,2,13.0
-22.5,130.5,3.2,1,0.0
-22.5,133.0,3.2,1,10.0
-22.5,147.5,3.7,1,10.0
-22.5,148.5,3.4,1,10.0
-22.5,152.0,4.3,1,10.0
-22.5,166.5,5.6,3,25.933333333333334
-22.5,167.5,4.5,1,10.0
-22.5,168.0,4.5,3,39.733333333333334
-22.5,168.5,4.3,3,25.49
-22.5,169.0,5.2,11,26.718181818181815
-22.5,169.5,7.1,109,16.817522935779817
-22.5,170.0,6.1,124,16.380080645161293
-22.5,170.5,6.9,178,23.547264044943816
-22.5,171.0,7.5,123,29.12760162601626
-22.5,171.5,6.1,139,57.53934532374101
-22.5,172.0,6.4,55,25.0
-22.5,172.5,5.0,26,33.10192307692308
-22.5,173.0,7.2,59,26.08406779661017
-22.5,173.5,5.9,32,21.2734375
-22.5,174.0,6.6,20,26.282
-22.5,174.5,5.9,6,38.38333333333333
-22.5,175.0,5.0,1,33.0
-22.5,175.5,4.7,1,33.0
-22.5,176.0,4.9,2,32.4
-22.5,178.0,3.9,1,600.0
-22.5,179.0,6.5,17,603.3017647058823
-22.5,179.5,6.0,32,582.62703125
-22.5,180.0,4.8,6,570.4333333333333
-22.0,-180.0,5.0,35,609.2988571428572
-22.0,-179.5,6.9,439,587.8448564920274
-22.0,-179.0,5.4,97,545.0297731958763
-22.0,-178.5,5.8,22,499.0072727272727
-22.0,-178.0,5.3,62,369.9715483870968
-22.0,-177.5,5.5,34,325.77623529411767
-22.0,-177.0,7.8,50,211.25080000000003
-22.0,-176.5,6.0,110,151.54281818181818
-22.0,-176.0,6.0,47,96.02919148936171
-22.0,-175.5,5.7,36,43.552638888888886
-22.0,-175.0,6.2,65,29.976
-22.0,-174.5,6.0,62,29.756612903225808
-22.0,-174.0,6.9,41,28.659024390243903
-22.0,-173.5,5.6,18,19.39
-22.0,-173.0,4.7,1,10.0
-22.0,-172.5,4.5,4,16.560000000000002
-22.0,-172.0,4.6,2,12.504999999999999
-22.0,-114.5,5.5,5,10.0
-22.0,-114.0,4.8,2,10.0
-22.0,-113.5,6.9,4,10.0
-22.0,-113.0,6.2,2,10.0
-22.0,-77.5,4.2,1,10.0
-22.0,-71.5,4.2,2,17.715
-22.0,-71.0,4.9,2,34.15
-22.0,-70.5,6.1,32,39.201125
-22.0,-70.0,7.7,34,56.28
-22.0,-69.5,4.7,4,79.05
-22.0,-69.0,5.9,67,108.57628358208954
-22.0,-68.5,6.3,339,119.1439970501475
-22.0,-68.0,6.3,41,133.08048780487806
-22.0,-67.5,5.8,81,190.54901234567902
-22.0,-67.0,5.7,68,181.0843529411765
-22.0,-66.5,4.4,7,246.29671428571427
-22.0,-66.0,6.4,33,265.4243333333334
-22.0,-65.5,7.1,5,281.338
-22.0,-64.0,5.4,9,529.1866666666667
-22.0,-63.5,5.9,23,529.0491739130434
-22.0,-63.0,5.6,1,557.17
-22.0,-13.0,4.9,3,10.0
-22.0,-12.5,4.7,1,10.0
-22.0,-12.0,5.3,4,14.05
-22.0,-11.5,5.4,3,10.0
-22.0,-11.0,4.6,1,10.0
-22.0,-10.5,4.7,1,10.0
-22.0,16.0,3.5,2,10.0
-22.0,25.0,5.0,1,10.0
-22.0,33.0,4.3,1,10.0
-22.0,33.5,4.9,1,10.0
-22.0,36.5,4.3,1,10.0
-22.0,47.0,4.0,1,10.0
-22.0,64.5,4.7,1,10.0
-22.0,68.5,5.1,5,10.0
-22.0,69.0,4.8,9,11.144444444444444
-22.0,69.5,4.8,3,10.0
-22.0,80.0,4.1,1,10.0
-22.0,89.5,5.3,1,10.0
-22.0,115.0,3.3,1,10.0
-22.0,115.5,3.2,1,6.0
-22.0,118.5,4.0,1,14.0
-22.0,120.0,4.4,1,33.0
-22.0,126.5,4.2,8,7.625
-22.0,127.5,3.0,1,3.0
-22.0,129.0,3.8,1,10.0
-22.0,129.5,3.2,1,1.0
-22.0,168.5,5.0,25,22.3992
-22.0,169.0,5.9,146,11.296438356164384
-22.0,169.5,7.5,209,14.069617224880384
-22.0,170.0,7.3,249,20.661887550200806
-22.0,170.5,6.7,128,37.1442421875
-22.0,171.0,5.6,45,71.85444444444444
-22.0,171.5,6.2,21,83.06547619047619
-22.0,172.0,5.0,10,47.306
-22.0,172.5,5.0,12,35.056666666666665
-22.0,173.0,5.4,15,24.667333333333332
-22.0,173.5,6.0,41,14.240731707317073
-22.0,174.0,4.9,12,28.516666666666666
-22.0,174.5,5.7,12,31.3
-22.0,175.0,7.6,11,29.66181818181818
-22.0,175.5,5.0,3,33.0
-22.0,178.5,4.4,2,600.0
-22.0,179.0,6.5,3,598.0333333333333
-22.0,179.5,5.9,20,604.73315
-22.0,180.0,5.1,10,585.3430000000001
-21.5,-180.0,4.9,6,441.13149999999996
-21.5,-179.5,7.7,157,605.578382165605
-21.5,-179.0,5.9,215,581.9510837209302
-21.5,-178.5,5.8,104,520.2303461538461
-21.5,-178.0,6.2,96,417.10572916666666
-21.5,-177.5,5.4,25,326.5322
-21.5,-177.0,6.5,30,273.44683333333336
-21.5,-176.5,6.9,91,176.38893406593408
-21.5,-176.0,5.3,37,122.19743243243244
-21.5,-175.5,5.6,41,72.42780487804878
-21.5,-175.0,5.6,24,51.46125
-21.5,-174.5,6.1,113,33.626893805309734
-21.5,-174.0,5.9,102,21.46323529411765
-21.5,-173.5,6.3,39,22.740000000000002
-21.5,-173.0,4.7,6,26.0
-21.5,-172.5,4.7,3,21.703333333333333
-21.5,-172.0,4.8,3,19.296666666666667
-21.5,-152.5,2.5,1,10.0
-21.5,-130.0,5.3,1,10.0
-21.5,-114.5,4.9,1,10.0
-21.5,-114.0,5.5,2,10.0
-21.5,-113.5,5.8,7,10.0
-21.5,-113.0,5.3,3,10.0
-21.5,-110.0,5.8,1,10.0
-21.5,-72.5,4.1,1,10.0
-21.5,-72.0,4.4,1,33.0
-21.5,-71.5,5.0,6,18.166666666666668
-21.5,-71.0,3.9,1,14.3
-21.5,-70.5,5.1,17,42.492823529411766
-21.5,-70.0,6.2,51,58.29576470588235
-21.5,-69.5,5.2,19,49.67505263157894
-21.5,-69.0,5.2,90,116.43222222222222
-21.5,-68.5,6.5,331,124.88968882175227
-21.5,-68.0,6.4,103,133.72521359223302
-21.5,-67.5,4.7,48,191.78479166666668
-21.5,-67.0,5.4,78,220.55392307692304
-21.5,-66.5,5.1,130,219.3263
-21.5,-66.0,4.7,4,278.975
-21.5,-65.5,4.9,7,293.4585714285714
-21.5,-64.5,5.1,1,33.0
-21.5,-63.0,4.9,1,20.57
-21.5,-12.0,4.9,4,10.0025
-21.5,-11.5,4.9,4,10.0
-21.5,-11.0,4.7,1,10.0
-21.5,17.0,4.8,2,10.0
-21.5,32.5,4.7,3,10.0
-21.5,33.0,5.1,29,10.367241379310345
-21.5,33.5,7.0,56,10.87142857142857
-21.5,35.0,4.5,2,10.0
-21.5,68.5,4.7,8,10.675
-21.5,69.0,4.8,20,10.504999999999999
-21.5,114.5,5.2,1,15.0
-21.5,115.0,4.3,1,10.0
-21.5,117.5,3.5,1,10.0
-21.5,120.0,4.3,1,10.0
-21.5,120.5,4.6,1,10.0
-21.5,121.0,4.4,1,15.69
-21.5,131.0,4.5,1,10.0
-21.5,132.0,4.9,3,11.479999999999999
-21.5,148.0,3.6,1,10.0
-21.5,168.0,4.7,7,15.585714285714285
-21.5,168.5,7.0,203,13.163103448275862
-21.5,169.0,6.6,134,13.575597014925373
-21.5,169.5,6.5,181,22.470381215469615
-21.5,170.0,6.7,141,38.056936170212765
-21.5,170.5,6.6,84,106.45591666666667
-21.5,171.0,6.1,23,71.2921304347826
-21.5,171.5,6.0,14,29.685
-21.5,172.0,4.6,3,40.0
-21.5,172.5,4.8,5,15.407999999999998
-21.5,173.0,5.0,8,21.036250000000003
-21.5,173.5,5.7,8,18.625
-21.5,174.0,4.4,3,25.333333333333332
-21.5,174.5,5.8,5,319.644
-21.5,175.0,4.8,2,33.0
-21.5,175.5,5.5,9,53.78888888888889
-21.5,176.0,6.2,12,29.590833333333332
-21.5,176.5,4.5,2,25.635
-21.5,179.0,4.4,2,287.685
-21.5,179.5,4.4,1,600.0
-21.5,180.0,5.0,3,621.0666666666666
-21.0,-180.0,4.4,2,585.9
-21.0,-179.5,6.0,44,624.20025
-21.0,-179.0,6.6,425,604.4514164705882
-21.0,-178.5,7.0,482,563.872856846473
-21.0,-178.0,5.9,197,484.9848680203046
-21.0,-177.5,5.5,65,423.61264615384613
-21.0,-177.0,5.5,31,283.6951612903226
-21.0,-176.5,6.6,36,220.9588888888889
-21.0,-176.0,6.1,43,129.44946511627907
-21.0,-175.5,6.4,77,51.360779220779214
-21.0,-175.0,5.6,17,65.87058823529412
-21.0,-174.5,6.1,134,28.226268656716417
-21.0,-174.0,6.1,144,22.80948611111111
-21.0,-173.5,6.2,43,19.773488372093023
-21.0,-173.0,4.7,4,18.2
-21.0,-172.5,4.6,2,25.55
-21.0,-153.0,2.4,1,10.0
-21.0,-150.0,2.6,1,12.0
-21.0,-149.0,2.1,1,12.0
-21.0,-114.0,5.0,5,10.0
-21.0,-113.5,5.7,3,9.799999999999999
-21.0,-111.0,4.7,1,10.0
-21.0,-71.5,4.7,4,43.7
-21.0,-71.0,5.3,18,17.55933333333333
-21.0,-70.5,6.4,45,32.6762
-21.0,-70.0,5.6,29,54.54720689655172
-21.0,-69.5,5.5,31,83.23490322580646
-21.0,-69.0,5.4,230,114.24353913043478
-21.0,-68.5,5.9,260,125.14174230769231
-21.0,-68.0,5.3,73,152.77550684931506
-21.0,-67.5,6.4,84,188.49390476190476
-21.0,-67.0,5.0,33,209.3498787878788
-21.0,-66.5,5.3,22,234.55954545454549
-21.0,-66.0,4.7,3,248.4666666666667
-21.0,-65.5,6.1,3,322.75666666666666
-21.0,-64.0,4.2,1,48.8
-21.0,-63.0,4.2,2,566.26
-21.0,-15.0,5.1,1,14.5
-21.0,-12.0,4.9,1,10.0
-21.0,-11.5,5.4,12,10.0
-21.0,-11.0,4.6,2,10.0
-21.0,32.5,4.6,1,10.0
-21.0,33.0,5.1,29,9.686206896551724
-21.0,33.5,5.4,15,10.346666666666666
-21.0,55.5,5.3,1,10.0
-21.0,56.5,4.1,1,14.08
-21.0,66.0,4.2,1,10.0
-21.0,68.0,4.6,4,10.0
-21.0,68.5,5.2,10,11.228
-21.0,78.5,4.6,1,10.0
-21.0,97.5,4.8,1,10.0
-21.0,114.0,4.5,1,10.0
-21.0,117.0,3.5,1,10.0
-21.0,117.5,4.5,1,10.0
-21.0,120.0,5.3,1,10.0
-21.0,120.5,4.0,1,12.0
-21.0,125.5,3.8,1,5.0
-21.0,127.5,4.2,1,10.0
-21.0,132.5,3.2,2,0.0
-21.0,135.5,4.0,1,0.6
-21.0,146.5,4.7,1,10.0
-21.0,152.0,4.7,1,10.0
-21.0,165.5,4.5,1,13.65
-21.0,166.5,4.4,1,35.0
-21.0,167.5,4.9,2,39.15
-21.0,168.0,5.1,12,23.359166666666667
-21.0,168.5,5.9,133,19.653909774436087
-21.0,169.0,6.1,91,24.765120879120882
-21.0,169.5,6.9,125,35.985224
-21.0,170.0,6.3,81,85.89800000000001
-21.0,170.5,7.0,16,122.821875
-21.0,171.0,4.4,1,33.0
-21.0,171.5,4.9,6,30.491666666666664
-21.0,172.0,4.5,3,9.023333333333333
-21.0,172.5,6.0,6,17.628333333333334
-21.0,173.0,6.7,8,89.375
-21.0,173.5,6.3,16,19.99375
-21.0,174.0,6.1,19,26.433684210526316
-21.0,174.5,6.9,6,276.39833333333337
-21.0,175.0,7.3,3,197.66666666666666
-21.0,175.5,4.9,5,212.98000000000002
-21.0,176.0,4.3,1,33.0
-21.0,176.5,5.1,7,37.46714285714285
-21.0,177.0,4.5,1,35.7
-21.0,177.5,4.8,1,33.0
-21.0,179.5,4.6,3,612.3333333333334
-21.0,180.0,4.3,1,500.0
-20.5,-179.5,5.9,14,619.8492857142857
-20.5,-179.0,5.9,156,601.846173076923
-20.5,-178.5,7.4,484,575.2679194214876
-20.5,-178.0,6.4,600,519.7777950000001
-20.5,-177.5,6.5,337,481.7617744807121
-20.5,-177.0,5.7,37,316.7756756756757
-20.5,-176.5,6.0,36,248.72030555555557
-20.5,-176.0,7.0,66,185.20315151515152
-20.5,-175.5,5.8,118,43.93812711864406
-20.5,-175.0,6.4,37,54.77997297297297
-20.5,-174.5,6.3,94,40.090031914893615
-20.5,-174.0,6.8,179,25.144603351955308
-20.5,-173.5,6.0,77,19.392207792207792
-20.5,-173.0,5.9,23,33.63695652173913
-20.5,-172.5,5.0,3,25.333333333333332
-20.5,-171.5,5.0,1,33.0
-20.5,-154.0,2.6,1,10.0
-20.5,-127.0,6.1,1,12.0
-20.5,-114.0,5.3,5,10.0
-20.5,-113.5,5.5,3,9.533333333333333
-20.5,-112.5,4.6,1,10.0
-20.5,-71.5,4.5,1,10.0
-20.5,-71.0,5.7,93,17.57193548387097
-20.5,-70.5,7.7,102,28.019058823529413
-20.5,-70.0,5.8,46,45.90921739130435
-20.5,-69.5,4.8,36,86.80158333333333
-20.5,-69.0,6.1,232,107.9971077586207
-20.5,-68.5,5.8,82,121.56190243902438
-20.5,-68.0,4.9,15,170.30180000000001
-20.5,-67.5,5.3,16,192.489375
-20.5,-67.0,4.8,16,226.7084375
-20.5,-66.5,4.8,21,240.73157142857144
-20.5,-65.5,4.4,2,336.875
-20.5,-65.0,4.3,1,354.1
-20.5,-63.5,4.6,1,567.46
-20.5,-63.0,6.8,7,565.9128571428572
-20.5,-12.5,4.8,1,10.0
-20.5,-12.0,5.4,12,10.0
-20.5,-11.5,5.5,32,10.365625
-20.5,-11.0,4.8,1,10.0
-20.5,-10.5,4.9,1,10.0
-20.5,16.5,4.1,1,10.0
-20.5,33.0,5.6,2,13.0
-20.5,33.5,4.5,3,10.0
-20.5,40.0,4.4,1,10.0
-20.5,47.5,4.8,1,16.64
-20.5,64.5,5.2,1,10.0
-20.5,66.0,4.6,4,12.592500000000001
-20.5,66.5,5.2,7,11.428571428571429
-20.5,67.0,5.2,12,9.683333333333334
-20.5,67.5,5.0,14,10.0
-20.5,68.0,5.4,33,10.333333333333334
-20.5,68.5,4.8,4,10.0
-20.5,69.0,4.1,1,10.0
-20.5,71.0,4.2,1,10.0
-20.5,72.0,4.5,1,10.0
-20.5,74.5,4.4,1,10.0
-20.5,94.5,4.9,2,10.0
-20.5,113.5,4.0,1,10.0
-20.5,114.0,4.5,1,33.0
-20.5,114.5,4.5,1,10.0
-20.5,115.5,3.7,1,37.0
-20.5,162.0,5.7,2,33.0
-20.5,162.5,3.6,1,33.0
-20.5,163.5,4.2,1,13.7
-20.5,166.5,4.9,1,15.7
-20.5,167.0,4.9,2,34.0
-20.5,167.5,4.5,5,24.292
-20.5,168.0,5.6,47,23.067021276595746
-20.5,168.5,7.0,185,19.87556756756757
-20.5,169.0,6.5,175,30.216422857142856
-20.5,169.5,7.1,108,67.92846296296297
-20.5,170.0,6.3,67,88.66074626865672
-20.5,170.5,4.7,3,79.5
-20.5,171.0,4.7,3,68.0
-20.5,171.5,4.3,2,56.745
-20.5,172.0,4.4,2,82.72
-20.5,172.5,5.8,39,27.791538461538458
-20.5,173.0,4.8,6,30.37
-20.5,173.5,4.6,2,10.0
-20.5,174.0,5.9,2,21.5
-20.5,174.5,5.2,5,35.63
-20.5,175.0,4.6,1,550.0
-20.5,176.5,4.3,1,35.0
-20.5,177.0,4.7,3,27.113333333333333
-20.5,177.5,4.8,1,10.0
-20.5,178.5,4.1,1,476.25
-20.5,179.0,4.0,1,480.98
-20.5,179.5,5.4,5,329.36800000000005
-20.5,180.0,4.5,4,563.5825
-20.0,-179.5,5.2,8,587.34
-20.0,-179.0,6.0,44,584.3879545454546
-20.0,-178.5,6.9,204,578.8405539215686
-20.0,-178.0,7.2,416,531.1334951923077
-20.0,-177.5,6.1,393,485.179417302799
-20.0,-177.0,4.9,36,387.5250277777778
-20.0,-176.5,5.8,27,254.8924074074074
-20.0,-176.0,6.4,96,191.5764375
-20.0,-175.5,6.1,77,161.43402597402599
-20.0,-175.0,5.4,25,94.29248
-20.0,-174.5,5.9,84,35.745916666666666
-20.0,-174.0,8.0,97,30.029896907216497
-20.0,-173.5,6.4,69,22.10463768115942
-20.0,-173.0,5.8,35,24.258285714285712
-20.0,-172.5,4.9,10,20.702
-20.0,-172.0,4.6,1,13.31
-20.0,-126.5,5.3,1,10.0
-20.0,-125.0,5.0,1,10.0
-20.0,-71.5,4.5,8,24.1375
-20.0,-71.0,6.9,392,16.36076275510204
-20.0,-70.5,6.7,156,30.360269230769234
-20.0,-70.0,6.3,65,50.23389230769231
-20.0,-69.5,5.9,64,101.35025
-20.0,-69.0,7.8,285,107.46138596491228
-20.0,-68.5,5.8,47,125.94361702127661
-20.0,-68.0,5.0,11,190.3539090909091
-20.0,-67.5,4.6,5,202.22
-20.0,-67.0,4.9,14,243.8704285714286
-20.0,-66.5,4.7,5,249.94
-20.0,-66.0,4.8,2,132.20000000000002
-20.0,-65.5,4.3,1,360.0
-20.0,-65.0,6.2,3,343.56666666666666
-20.0,-64.5,4.6,2,17.66
-20.0,-63.5,6.1,2,296.28
-20.0,-63.0,4.5,1,583.55
-20.0,-12.5,4.6,1,10.0
-20.0,-12.0,5.3,20,10.0
-20.0,-11.5,4.8,5,10.0
-20.0,-11.0,4.5,1,10.0
-20.0,14.5,5.4,8,9.94625
-20.0,15.0,5.0,3,10.0
-20.0,33.0,4.3,1,10.0
-20.0,33.5,4.3,1,10.0
-20.0,34.0,3.4,1,33.0
-20.0,41.0,4.7,2,10.0
-20.0,41.5,4.8,1,10.0
-20.0,44.5,4.3,1,10.0
-20.0,45.5,4.7,1,10.0
-20.0,46.5,5.5,1,7.26
-20.0,60.0,4.8,1,10.0
-20.0,66.0,5.1,21,10.477142857142857
-20.0,66.5,5.5,61,9.934426229508198
-20.0,67.0,5.3,15,10.0
-20.0,67.5,5.2,23,10.495652173913044
-20.0,68.0,5.4,7,10.942857142857141
-20.0,68.5,4.5,3,12.043333333333331
-20.0,113.0,5.1,1,10.0
-20.0,113.5,5.3,1,10.0
-20.0,117.0,3.3,1,36.0
-20.0,119.5,4.6,2,18.0
-20.0,120.0,4.3,1,10.0
-20.0,127.5,3.4,1,10.0
-20.0,133.5,4.8,17,10.176470588235293
-20.0,134.0,5.2,61,8.5827868852459
-20.0,147.5,4.3,2,2.5
-20.0,148.0,5.0,1,7.0
-20.0,148.5,5.7,1,10.0
-20.0,149.0,5.0,1,10.0
-20.0,156.5,5.0,1,28.9
-20.0,163.5,5.3,6,23.433333333333334
-20.0,167.0,4.4,2,21.5
-20.0,167.5,5.0,7,29.314285714285713
-20.0,168.0,6.8,95,19.51663157894737
-20.0,168.5,5.9,144,23.896597222222223
-20.0,169.0,7.3,106,37.26221698113208
-20.0,169.5,5.9,62,92.27120967741935
-20.0,170.0,7.0,51,59.45305882352941
-20.0,170.5,5.2,3,33.0
-20.0,171.0,4.4,2,33.0
-20.0,172.0,4.8,2,21.5
-20.0,172.5,4.7,1,10.0
-20.0,173.0,5.8,9,32.733333333333334
-20.0,173.5,4.8,8,36.36875
-20.0,174.0,5.5,2,291.5
-20.0,174.5,5.6,4,286.38
-20.0,175.0,4.8,2,38.1
-20.0,175.5,4.7,2,33.0
-20.0,177.0,4.7,2,21.5
-20.0,177.5,5.2,1,10.0
-20.0,178.0,4.7,4,45.06375
-20.0,178.5,4.8,2,317.495
-20.0,179.0,5.6,7,362.41999999999996
-20.0,179.5,4.6,3,531.4666666666667
-20.0,180.0,5.3,2,522.19
-19.5,-180.0,4.7,1,529.76
-19.5,-179.5,6.5,19,579.7738947368421
-19.5,-179.0,5.7,28,594.2739642857142
-19.5,-178.5,4.9,30,555.5591000000001
-19.5,-178.0,7.1,165,535.7365757575758
-19.5,-177.5,6.0,289,515.371740484429
-19.5,-177.0,5.2,38,406.8137368421053
-19.5,-176.5,6.0,39,185.8294871794872
-19.5,-176.0,6.2,76,159.45794736842106
-19.5,-175.5,6.0,69,175.43449275362318
-19.5,-175.0,5.6,40,100.58745
-19.5,-174.5,5.7,38,48.24810526315789
-19.5,-174.0,6.4,45,36.08577777777778
-19.5,-173.5,5.8,70,30.063428571428574
-19.5,-173.0,5.2,46,24.073152173913044
-19.5,-172.5,5.9,27,18.22851851851852
-19.5,-172.0,7.3,2,36.0
-19.5,-170.5,5.3,1,33.0
-19.5,-127.0,4.7,1,10.0
-19.5,-115.5,4.9,1,10.0
-19.5,-71.5,4.7,4,21.5
-19.5,-71.0,8.2,127,19.468740157480315
-19.5,-70.5,6.5,74,40.03360810810811
-19.5,-70.0,5.9,55,60.951890909090906
-19.5,-69.5,6.4,94,101.03308510638298
-19.5,-69.0,5.9,134,112.51627611940299
-19.5,-68.5,5.3,26,127.98580769230769
-19.5,-68.0,5.4,11,190.49263636363636
-19.5,-67.5,4.6,14,220.3557857142857
-19.5,-67.0,4.7,11,255.57518181818185
-19.5,-66.5,6.6,15,259.52133333333336
-19.5,-64.5,4.3,3,123.03666666666668
-19.5,-64.0,6.5,12,500.56
-19.5,-56.5,4.1,1,12.31
-19.5,-48.0,4.1,1,33.0
-19.5,-12.0,5.7,7,10.0
-19.5,-11.5,4.8,2,10.0
-19.5,14.5,4.3,2,10.0
-19.5,23.5,4.1,2,11.5
-19.5,33.5,4.6,1,10.0
-19.5,34.0,4.3,1,15.56
-19.5,34.5,5.6,3,17.849999999999998
-19.5,35.0,4.5,2,10.0
-19.5,41.0,4.3,1,27.8
-19.5,65.5,4.7,3,10.0
-19.5,66.0,4.8,1,10.0
-19.5,67.0,4.3,2,10.0
-19.5,67.5,4.6,2,10.0
-19.5,87.5,4.3,1,13.74
-19.5,113.0,4.4,1,10.0
-19.5,125.5,3.0,2,5.5
-19.5,133.0,4.3,1,10.0
-19.5,134.0,3.5,19,9.052631578947368
-19.5,149.0,4.3,2,6.0
-19.5,161.5,4.6,1,33.0
-19.5,166.5,3.9,1,33.0
-19.5,167.0,4.6,1,35.0
-19.5,167.5,5.4,22,30.00272727272727
-19.5,168.0,7.3,163,15.025092024539878
-19.5,168.5,6.0,65,25.155846153846156
-19.5,169.0,7.1,100,104.32813
-19.5,169.5,6.6,127,141.43604724409448
-19.5,170.0,5.3,33,69.62878787878788
-19.5,170.5,4.5,4,75.505
-19.5,173.5,4.8,6,32.48
-19.5,174.0,5.1,4,44.7775
-19.5,174.5,4.8,3,72.2
-19.5,175.0,6.0,3,28.599999999999998
-19.5,175.5,5.4,2,34.0
-19.5,176.0,6.9,14,10.142857142857142
-19.5,176.5,4.7,4,10.0
-19.5,177.0,5.0,3,42.32666666666666
-19.5,177.5,6.2,16,21.261875
-19.5,178.0,4.9,5,35.738
-19.5,178.5,5.3,2,35.4
-19.5,179.0,4.7,4,465.0
-19.5,179.5,4.6,2,544.645
-19.5,180.0,5.3,3,517.0590000000001
-19.0,-180.0,4.1,1,552.12
-19.0,-179.5,5.8,11,645.3636363636364
-19.0,-179.0,6.5,8,572.352125
-19.0,-178.5,5.8,24,564.5729166666666
-19.0,-178.0,5.6,125,535.3446319999999
-19.0,-177.5,5.8,320,546.65615
-19.0,-177.0,5.4,36,341.6144444444444
-19.0,-176.5,6.5,32,144.40178125
-19.0,-176.0,5.8,29,186.4241379310345
-19.0,-175.5,6.2,70,184.64430000000002
-19.0,-175.0,6.0,65,136.33267692307692
-19.0,-174.5,5.4,48,69.58360416666666
-19.0,-174.0,5.6,32,31.2098125
-19.0,-173.5,5.8,100,31.884529999999998
-19.0,-173.0,5.7,68,19.026764705882353
-19.0,-172.5,6.2,42,15.423809523809522
-19.0,-172.0,5.4,13,18.23376923076923
-19.0,-171.5,4.6,2,25.674
-19.0,-171.0,4.3,1,10.0
-19.0,-150.5,1.6,1,12.0
-19.0,-149.0,2.9,1,12.0
-19.0,-148.5,2.5,3,11.333333333333334
-19.0,-112.5,4.7,1,10.0
-19.0,-85.0,4.6,1,10.0
-19.0,-73.0,3.8,1,33.0
-19.0,-72.5,4.0,1,35.0
-19.0,-72.0,4.8,2,29.6
-19.0,-71.5,5.9,5,36.92
-19.0,-71.0,4.0,1,35.0
-19.0,-70.5,5.1,14,63.195
-19.0,-70.0,5.2,39,68.76620512820513
-19.0,-69.5,6.3,119,112.49948739495798
-19.0,-69.0,6.6,56,113.86246428571428
-19.0,-68.5,5.4,8,130.10375
-19.0,-68.0,5.0,7,152.56571428571428
-19.0,-67.5,5.7,23,222.81439130434782
-19.0,-67.0,5.1,21,250.328
-19.0,-66.5,5.3,1,248.5
-19.0,-66.0,4.5,2,286.195
-19.0,-64.0,4.4,1,608.6
-19.0,-63.5,4.7,6,34.473333333333336
-19.0,-12.5,5.4,6,11.071666666666667
-19.0,-12.0,4.6,2,10.0
-19.0,24.0,4.0,1,10.0
-19.0,27.5,4.7,1,5.8
-19.0,32.0,4.5,1,10.0
-19.0,42.0,4.5,1,33.0
-19.0,65.0,4.8,6,10.908333333333333
-19.0,65.5,5.2,18,10.274444444444445
-19.0,66.0,4.5,2,10.0
-19.0,67.5,5.1,2,10.0
-19.0,112.0,4.4,1,33.0
-19.0,118.0,4.0,1,10.0
-19.0,119.5,4.2,1,33.0
-19.0,122.5,4.0,1,10.0
-19.0,123.5,4.0,1,10.0
-19.0,125.0,3.9,3,17.333333333333332
-19.0,128.0,4.9,2,7.285
-19.0,158.5,4.3,1,10.0
-19.0,167.0,4.8,7,27.285714285714285
-19.0,167.5,5.5,87,21.26494252873563
-19.0,168.0,6.4,52,30.328461538461536
-19.0,168.5,6.5,90,50.00833333333333
-19.0,169.0,7.4,231,151.88087445887447
-19.0,169.5,6.7,348,213.4185632183908
-19.0,170.0,4.9,17,92.15588235294118
-19.0,170.5,4.4,2,141.86
-19.0,171.5,4.0,1,33.0
-19.0,172.5,5.6,2,64.95
-19.0,173.5,4.3,1,10.0
-19.0,174.0,5.9,3,26.0
-19.0,174.5,6.5,1,33.0
-19.0,175.5,5.0,4,53.9
-19.0,176.0,6.0,26,23.768846153846155
-19.0,176.5,5.7,18,15.85222222222222
-19.0,177.0,5.0,3,26.900000000000002
-19.0,177.5,5.0,5,33.8
-19.0,178.0,5.7,3,27.83
-19.0,179.0,5.1,2,309.565
-19.0,179.5,4.6,2,594.0
-19.0,180.0,4.4,3,342.74666666666667
-18.5,-180.0,4.4,3,564.2066666666666
-18.5,-179.5,5.0,9,608.8255555555556
-18.5,-179.0,5.1,21,523.4447619047619
-18.5,-178.5,5.7,75,575.7593333333333
-18.5,-178.0,6.7,421,555.6717814726841
-18.5,-177.5,6.3,168,553.8970297619047
-18.5,-177.0,5.5,21,368.5890476190476
-18.5,-176.5,5.4,20,202.995
-18.5,-176.0,5.7,22,169.61
-18.5,-175.5,6.6,104,193.27787500000002
-18.5,-175.0,6.0,63,147.2584285714286
-18.5,-174.5,6.6,75,89.16296
-18.5,-174.0,6.0,42,39.364690476190475
-18.5,-173.5,5.6,53,32.518113207547174
-18.5,-173.0,5.6,68,25.139117647058825
-18.5,-172.5,6.2,44,18.766136363636363
-18.5,-172.0,5.4,28,24.683214285714286
-18.5,-171.5,5.5,3,11.719999999999999
-18.5,-169.5,4.3,1,33.0
-18.5,-133.0,5.0,1,10.0
-18.5,-73.5,4.6,2,23.05
-18.5,-73.0,4.7,2,33.0
-18.5,-72.5,4.9,1,35.0
-18.5,-72.0,4.5,7,26.8
-18.5,-71.5,5.5,48,37.46870833333333
-18.5,-71.0,5.6,47,40.8206170212766
-18.5,-70.5,6.0,24,56.096624999999996
-18.5,-70.0,6.3,35,92.23637142857143
-18.5,-69.5,6.2,110,122.17967272727272
-18.5,-69.0,6.4,31,127.3181935483871
-18.5,-68.5,4.2,1,141.7
-18.5,-68.0,4.1,2,203.25
-18.5,-67.5,4.1,2,229.45
-18.5,-67.0,4.9,11,264.39063636363636
-18.5,-66.5,4.6,1,268.2
-18.5,-66.0,5.3,3,47.98333333333333
-18.5,-65.5,4.5,1,10.0
-18.5,-65.0,4.0,1,36.8
-18.5,-64.0,4.7,1,13.74
-18.5,-63.5,5.0,7,40.93
-18.5,-63.0,4.9,3,39.85666666666666
-18.5,-56.0,4.9,1,10.0
-18.5,-12.5,5.5,3,10.4
-18.5,-11.5,4.3,1,10.0
-18.5,35.0,5.1,2,21.0
-18.5,41.0,4.2,1,10.0
-18.5,46.5,5.6,1,18.6
-18.5,64.0,4.3,1,10.0
-18.5,64.5,4.5,1,10.0
-18.5,65.0,5.2,11,10.0
-18.5,65.5,5.2,27,10.0
-18.5,66.0,5.2,3,10.0
-18.5,86.0,4.7,1,10.0
-18.5,87.5,4.2,1,10.0
-18.5,88.5,4.6,1,14.98
-18.5,91.5,4.4,1,10.0
-18.5,117.5,3.0,1,20.0
-18.5,119.0,4.0,1,33.0
-18.5,120.5,4.9,8,10.0
-18.5,123.0,3.5,1,16.0
-18.5,125.0,4.2,1,10.0
-18.5,127.5,2.7,1,0.0
-18.5,147.0,4.8,1,5.0
-18.5,150.0,4.1,1,10.0
-18.5,166.0,4.5,1,13.75
-18.5,166.5,4.4,4,31.3
-18.5,167.0,4.8,7,33.05714285714286
-18.5,167.5,5.5,70,32.503142857142855
-18.5,168.0,7.2,140,33.64567857142857
-18.5,168.5,5.8,70,66.81904285714285
-18.5,169.0,5.9,123,194.135
-18.5,169.5,6.0,96,185.80628124999998
-18.5,170.0,5.0,19,196.0342105263158
-18.5,170.5,4.6,2,240.70999999999998
-18.5,171.0,4.1,1,199.12
-18.5,173.0,4.8,3,224.83
-18.5,173.5,4.6,1,50.45
-18.5,175.0,4.3,2,276.15
-18.5,176.0,5.9,23,24.289130434782606
-18.5,176.5,5.2,21,20.684761904761906
-18.5,177.0,6.0,4,11.059999999999999
-18.5,177.5,3.1,1,10.0
-18.5,178.0,4.2,1,481.16
-18.5,178.5,5.3,5,580.992
-18.5,179.0,4.4,3,596.9766666666666
-18.5,179.5,7.9,5,624.85
-18.5,180.0,4.9,2,599.1700000000001
-18.0,-180.0,5.9,23,630.97
-18.0,-179.5,6.1,89,617.3134831460675
-18.0,-179.0,6.9,155,578.6315677419354
-18.0,-178.5,7.6,1474,577.0175447761194
-18.0,-178.0,8.2,963,569.826067497404
-18.0,-177.5,5.3,79,459.27286075949365
-18.0,-177.0,6.9,37,254.594027027027
-18.0,-176.5,5.5,44,128.7288409090909
-18.0,-176.0,5.0,19,226.48526315789476
-18.0,-175.5,5.2,54,221.35861111111112
-18.0,-175.0,6.9,135,191.19366666666667
-18.0,-174.5,6.2,103,81.78547572815535
-18.0,-174.0,5.8,59,48.893338983050846
-18.0,-173.5,6.2,47,30.40855319148936
-18.0,-173.0,5.7,62,27.83967741935484
-18.0,-172.5,5.7,57,21.692105263157895
-18.0,-172.0,5.1,30,19.979833333333332
-18.0,-171.5,4.8,3,30.333333333333332
-18.0,-149.0,2.1,4,12.25
-18.0,-147.5,1.7,2,11.0
-18.0,-116.0,6.4,26,10.365384615384615
-18.0,-114.0,4.7,1,10.1
-18.0,-77.0,4.5,1,10.0
-18.0,-74.5,4.4,1,10.0
-18.0,-73.5,5.2,6,16.44666666666667
-18.0,-73.0,4.6,7,21.728571428571428
-18.0,-72.5,4.9,12,33.19166666666667
-18.0,-72.0,5.4,15,34.35666666666667
-18.0,-71.5,5.8,21,42.05014285714286
-18.0,-71.0,5.8,20,54.5395
-18.0,-70.5,6.2,26,69.31876923076923
-18.0,-70.0,5.9,46,118.16441304347826
-18.0,-69.5,6.3,96,132.26342708333334
-18.0,-69.0,5.7,29,134.3896551724138
-18.0,-67.5,3.9,1,293.9
-18.0,-67.0,5.0,16,260.695
-18.0,-66.5,4.7,1,279.9
-18.0,-66.0,6.3,3,214.0
-18.0,-65.5,5.4,4,42.875
-18.0,-65.0,5.6,17,55.05294117647059
-18.0,-64.0,5.8,5,153.44
-18.0,-63.5,5.1,6,41.848333333333336
-18.0,-17.5,4.7,1,10.0
-18.0,-14.5,4.5,1,10.0
-18.0,-14.0,5.3,2,10.0
-18.0,-13.5,5.5,13,10.0
-18.0,-13.0,5.3,5,10.0
-18.0,-12.5,4.5,1,10.0
-18.0,34.5,4.1,1,10.0
-18.0,35.0,4.6,4,10.0
-18.0,35.5,5.1,2,10.0
-18.0,39.5,4.4,3,10.0
-18.0,41.5,4.5,2,10.0
-18.0,42.0,4.6,2,10.0
-18.0,49.0,4.4,1,10.0
-18.0,64.5,4.0,1,10.0
-18.0,65.0,5.0,12,11.916666666666666
-18.0,65.5,6.3,13,9.676923076923076
-18.0,66.0,5.1,2,10.0
-18.0,66.5,6.3,2,10.0
-18.0,69.5,4.6,1,10.0
-18.0,98.0,4.8,1,10.0
-18.0,118.0,4.3,1,33.0
-18.0,119.0,3.9,1,33.0
-18.0,120.5,5.1,6,10.0
-18.0,122.5,4.0,1,10.0
-18.0,123.0,4.3,1,10.0
-18.0,123.5,3.2,1,15.0
-18.0,126.5,4.6,1,0.0
-18.0,127.0,3.0,2,0.0
-18.0,140.5,4.2,1,10.0
-18.0,143.0,4.0,1,10.0
-18.0,147.5,3.9,1,10.0
-18.0,165.0,4.6,1,10.0
-18.0,166.0,4.7,8,33.0
-18.0,166.5,4.7,4,15.75
-18.0,167.0,7.1,49,23.132857142857144
-18.0,167.5,6.2,215,21.36860465116279
-18.0,168.0,6.3,243,31.169938271604938
-18.0,168.5,5.9,95,86.90538947368422
-18.0,169.0,6.0,40,106.19300000000001
-18.0,169.5,4.8,10,87.188
-18.0,170.0,4.5,1,200.0
-18.0,170.5,4.4,1,157.89
-18.0,172.5,5.1,1,3.5
-18.0,173.0,5.5,11,22.509090909090908
-18.0,173.5,5.2,2,59.46
-18.0,175.5,4.3,1,33.0
-18.0,176.0,6.0,5,28.4
-18.0,176.5,4.7,6,17.508333333333333
-18.0,177.0,4.6,3,85.16666666666667
-18.0,178.0,4.7,5,438.12
-18.0,178.5,6.2,7,406.9642857142857
-18.0,179.0,5.5,8,584.43025
-18.0,179.5,5.2,6,443.6066666666666
-18.0,180.0,6.3,9,598.55
-17.5,-180.0,4.7,14,552.3692142857143
-17.5,-179.5,6.3,31,576.8486129032258
-17.5,-179.0,7.2,754,553.0087718832891
-17.5,-178.5,6.7,755,550.6125337748344
-17.5,-178.0,5.4,127,526.4211653543307
-17.5,-177.5,6.4,59,382.39830508474574
-17.5,-177.0,5.7,54,277.5871296296296
-17.5,-176.5,5.8,33,98.49742424242424
-17.5,-176.0,4.6,3,179.16666666666666
-17.5,-175.5,4.8,21,235.68714285714287
-17.5,-175.0,6.4,121,199.73380165289257
-17.5,-174.5,6.1,122,106.9579262295082
-17.5,-174.0,6.3,87,81.46467816091953
-17.5,-173.5,5.7,85,30.28603529411765
-17.5,-173.0,5.7,91,21.947142857142858
-17.5,-172.5,6.1,68,21.066911764705882
-17.5,-172.0,6.0,29,19.509999999999998
-17.5,-171.5,4.7,4,25.3675
-17.5,-171.0,5.0,1,10.0
-17.5,-149.0,4.8,2,13.2
-17.5,-147.5,4.4,1,12.06
-17.5,-116.0,5.1,6,10.0
-17.5,-74.5,4.7,4,15.75
-17.5,-74.0,4.3,2,33.0
-17.5,-73.5,5.3,16,34.208125
-17.5,-73.0,6.0,28,33.496428571428574
-17.5,-72.5,5.5,97,36.58577319587629
-17.5,-72.0,7.6,86,35.45953488372093
-17.5,-71.5,6.7,26,58.12307692307692
-17.5,-71.0,5.5,29,61.93586206896552
-17.5,-70.5,5.9,35,104.81742857142858
-17.5,-70.0,5.7,95,82.61347368421052
-17.5,-69.5,6.3,137,146.78144525547447
-17.5,-69.0,5.4,24,156.60875000000001
-17.5,-68.0,4.4,3,153.42
-17.5,-67.5,4.4,2,136.65
-17.5,-67.0,3.9,2,182.20000000000002
-17.5,-66.0,4.6,5,26.654000000000003
-17.5,-65.5,6.6,4,36.075
-17.5,-65.0,5.3,6,36.81166666666667
-17.5,-64.5,4.8,7,25.211857142857145
-17.5,-64.0,5.3,9,148.23
-17.5,-63.5,4.5,4,30.845
-17.5,-63.0,4.6,1,39.5
-17.5,-16.5,4.9,1,10.0
-17.5,-14.5,5.6,3,10.0
-17.5,-14.0,5.2,19,10.045789473684211
-17.5,-13.5,5.4,8,9.9875
-17.5,-13.0,5.5,6,10.0
-17.5,-12.5,4.8,1,10.0
-17.5,-6.5,4.7,1,10.0
-17.5,25.0,5.0,1,10.0
-17.5,27.0,4.3,1,10.0
-17.5,27.5,4.7,4,10.0
-17.5,28.0,4.1,1,10.0
-17.5,35.0,4.2,1,10.0
-17.5,35.5,4.4,1,10.0
-17.5,41.5,4.6,4,12.075
-17.5,42.0,5.7,10,8.709999999999999
-17.5,47.0,4.1,1,10.0
-17.5,48.5,4.2,1,10.0
-17.5,64.5,5.4,1,10.0
-17.5,65.5,5.1,6,10.0
-17.5,66.0,6.2,15,10.0
-17.5,66.5,6.7,15,10.869333333333334
-17.5,67.0,5.5,4,10.0
-17.5,76.5,4.7,1,10.0
-17.5,117.0,3.8,1,33.0
-17.5,119.5,4.4,1,10.0
-17.5,121.5,4.4,1,10.0
-17.5,122.0,3.3,2,8.5
-17.5,122.5,3.8,2,10.0
-17.5,123.0,4.4,1,10.0
-17.5,123.5,4.5,2,10.0
-17.5,124.0,4.3,1,10.0
-17.5,124.5,3.8,1,10.0
-17.5,125.0,3.6,1,12.0
-17.5,146.5,3.6,1,0.0
-17.5,165.5,4.5,1,14.77
-17.5,166.0,4.6,1,14.39
-17.5,166.5,4.2,1,33.0
-17.5,167.0,5.7,77,18.57883116883117
-17.5,167.5,6.5,304,21.949638157894736
-17.5,168.0,7.3,320,25.757915625
-17.5,168.5,6.2,50,112.0544
-17.5,169.0,5.3,9,139.10222222222222
-17.5,169.5,4.6,2,34.0
-17.5,170.0,4.0,1,159.4
-17.5,170.5,4.4,1,160.17
-17.5,171.0,4.4,1,158.9
-17.5,172.0,4.8,1,33.0
-17.5,173.0,4.3,1,33.0
-17.5,173.5,4.9,2,10.0
-17.5,174.5,4.2,1,33.0
-17.5,175.0,5.7,3,22.133333333333336
-17.5,175.5,4.8,5,24.2
-17.5,176.0,5.3,8,32.3375
-17.5,176.5,5.2,10,28.576999999999998
-17.5,177.0,4.5,2,35.41
-17.5,178.5,4.9,2,603.65
-17.5,179.0,4.8,9,538.4055555555556
-17.5,179.5,5.3,19,586.5731052631579
-17.5,180.0,5.1,16,570.091125
-17.0,-180.0,4.8,2,280.0
-17.0,-179.5,4.9,41,523.2368292682927
-17.0,-179.0,5.5,127,504.4742992125984
-17.0,-178.5,5.6,61,484.52196721311475
-17.0,-178.0,6.4,32,348.55584375
-17.0,-177.5,5.9,54,302.6772222222222
-17.0,-177.0,5.7,84,120.0527380952381
-17.0,-176.5,6.5,13,197.91153846153844
-17.0,-176.0,4.7,8,282.04875
-17.0,-175.5,5.0,20,199.05965
-17.0,-175.0,5.5,65,204.53467692307694
-17.0,-174.5,5.9,101,124.21406930693068
-17.0,-174.0,7.2,148,90.64710810810811
-17.0,-173.5,5.8,119,41.42739495798319
-17.0,-173.0,5.5,81,26.653086419753087
-17.0,-172.5,5.8,57,24.763508771929825
-17.0,-172.0,5.5,21,19.07238095238095
-17.0,-171.5,5.4,3,20.333333333333332
-17.0,-170.0,4.8,2,10.0
-17.0,-148.5,2.3,1,12.0
-17.0,-148.0,1.2,1,15.0
-17.0,-147.5,2.0,1,1.3
-17.0,-75.0,4.8,1,33.0
-17.0,-74.5,4.5,2,32.705
-17.0,-74.0,5.7,16,31.951875
-17.0,-73.5,5.9,43,32.5946511627907
-17.0,-73.0,5.4,28,36.68178571428571
-17.0,-72.5,6.1,47,49.025276595744685
-17.0,-72.0,5.2,25,55.984399999999994
-17.0,-71.5,5.2,24,60.951125
-17.0,-71.0,5.5,29,82.88775862068965
-17.0,-70.5,5.7,56,64.43521428571428
-17.0,-70.0,5.3,44,107.44522727272728
-17.0,-69.5,5.9,52,173.8675769230769
-17.0,-69.0,5.1,5,179.248
-17.0,-68.5,3.9,2,189.85
-17.0,-67.5,4.4,1,19.2
-17.0,-66.5,4.5,3,146.41
-17.0,-66.0,4.5,3,35.080000000000005
-17.0,-65.5,6.2,10,29.107799999999997
-17.0,-65.0,4.6,7,36.728571428571435
-17.0,-64.5,4.5,4,40.4625
-17.0,-64.0,5.9,2,610.392
-17.0,-44.0,4.1,1,10.0
-17.0,-16.5,4.8,1,10.0
-17.0,-16.0,4.2,1,10.0
-17.0,-15.5,4.9,1,10.0
-17.0,-14.5,5.3,14,10.004285714285714
-17.0,-14.0,6.3,12,9.676666666666668
-17.0,-13.0,5.0,1,10.0
-17.0,27.5,4.5,1,10.0
-17.0,28.0,4.5,1,5.13
-17.0,28.5,4.8,2,13.852
-17.0,31.5,3.7,1,10.0
-17.0,34.5,3.8,1,10.0
-17.0,35.0,4.3,3,18.349999999999998
-17.0,35.5,5.5,10,13.0
-17.0,39.5,4.1,1,10.0
-17.0,40.5,4.5,1,10.0
-17.0,41.0,4.4,1,10.0
-17.0,66.0,6.5,2,10.0
-17.0,66.5,6.2,8,9.7875
-17.0,67.0,5.9,20,11.15
-17.0,67.5,4.5,1,10.0
-17.0,122.0,4.5,3,10.0
-17.0,124.0,4.3,1,5.0
-17.0,127.0,4.0,1,10.0
-17.0,128.0,3.7,1,10.0
-17.0,128.5,3.8,2,10.0
-17.0,129.0,4.0,1,10.0
-17.0,130.0,4.3,1,9.059
-17.0,147.0,4.5,1,10.451
-17.0,166.0,4.6,3,27.933333333333334
-17.0,167.0,6.7,64,27.335
-17.0,167.5,6.4,140,24.175821428571428
-17.0,168.0,6.0,85,36.78588235294118
-17.0,168.5,6.8,59,144.70557627118646
-17.0,169.0,4.6,3,82.05666666666666
-17.0,169.5,4.7,1,33.0
-17.0,171.5,5.2,6,11.733333333333334
-17.0,172.0,5.4,3,27.933333333333334
-17.0,172.5,4.9,2,10.0
-17.0,173.0,5.3,1,10.0
-17.0,173.5,4.6,5,41.5
-17.0,174.0,5.7,3,45.06666666666666
-17.0,174.5,6.4,13,23.123076923076926
-17.0,175.0,5.7,8,23.25
-17.0,175.5,5.3,10,21.907
-17.0,176.0,5.3,7,23.224285714285713
-17.0,176.5,5.3,15,32.214
-17.0,177.0,5.9,13,22.574615384615388
-17.0,177.5,5.5,6,17.086666666666666
-17.0,178.0,5.3,2,50.65
-17.0,178.5,7.3,5,260.98
-17.0,179.0,4.7,6,70.53333333333333
-17.0,179.5,4.5,2,279.8
-17.0,180.0,4.5,2,520.428
-16.5,-180.0,4.7,6,440.785
-16.5,-179.5,5.4,19,520.4778947368421
-16.5,-179.0,4.9,18,373.94166666666666
-16.5,-178.5,4.8,12,293.9764166666667
-16.5,-178.0,5.4,26,322.87192307692305
-16.5,-177.5,6.5,85,159.97674117647057
-16.5,-177.0,6.2,36,200.91680555555556
-16.5,-176.5,5.6,28,303.27135714285714
-16.5,-176.0,6.1,35,342.86814285714286
-16.5,-175.5,4.7,23,230.36130434782606
-16.5,-175.0,6.1,44,168.73863636363637
-16.5,-174.5,5.7,82,138.75796341463416
-16.5,-174.0,5.8,151,75.10921854304635
-16.5,-173.5,6.1,165,38.04943636363637
-16.5,-173.0,5.8,135,25.27488148148148
-16.5,-172.5,6.7,83,25.68686746987952
-16.5,-172.0,6.9,18,18.702222222222222
-16.5,-171.5,5.6,4,20.125
-16.5,-170.5,5.1,3,64.33333333333333
-16.5,-170.0,6.2,2,10.0
-16.5,-169.0,5.8,1,8.0
-16.5,-152.0,2.6,1,10.0
-16.5,-75.5,4.6,2,23.0
-16.5,-75.0,4.6,4,22.425
-16.5,-74.5,4.9,11,24.30636363636364
-16.5,-74.0,5.6,76,35.68939473684211
-16.5,-73.5,8.4,59,45.9228813559322
-16.5,-73.0,5.4,39,66.08082051282051
-16.5,-72.5,6.8,32,77.350875
-16.5,-72.0,5.3,33,80.40515151515152
-16.5,-71.5,5.6,21,84.81904761904762
-16.5,-71.0,5.3,35,87.40485714285714
-16.5,-70.5,6.8,18,55.970555555555556
-16.5,-70.0,5.3,30,165.61923333333334
-16.5,-69.5,5.3,53,189.3564150943396
-16.5,-69.0,4.7,4,208.2175
-16.5,-68.5,4.6,1,234.3
-16.5,-67.5,4.9,2,13.335
-16.5,-23.5,5.0,1,10.0
-16.5,-15.5,4.7,1,10.0
-16.5,-15.0,4.7,1,10.0
-16.5,-14.5,5.6,7,10.031428571428572
-16.5,-14.0,5.2,9,10.025555555555556
-16.5,-13.5,4.6,1,10.0
-16.5,-13.0,4.2,1,10.0
-16.5,-12.0,4.9,1,16.7
-16.5,-11.0,4.9,1,10.0
-16.5,28.5,4.3,1,10.0
-16.5,29.0,4.2,2,10.0
-16.5,40.5,4.2,1,10.0
-16.5,41.5,5.0,6,13.15
-16.5,42.0,4.6,1,10.0
-16.5,43.0,4.7,1,13.94
-16.5,66.5,5.4,18,10.0
-16.5,67.0,5.6,23,10.074347826086957
-16.5,67.5,5.4,7,10.0
-16.5,68.0,5.0,2,10.0
-16.5,119.0,5.0,1,10.0
-16.5,120.0,4.8,2,33.0
-16.5,121.5,3.2,1,24.0
-16.5,124.0,3.8,1,10.0
-16.5,127.0,2.9,2,1.15
-16.5,127.5,4.1,2,8.809999999999999
-16.5,128.5,3.0,5,1.4
-16.5,129.0,2.7,1,13.0
-16.5,166.0,4.1,1,17.4
-16.5,166.5,5.1,5,30.119999999999997
-16.5,167.0,6.3,32,22.6334375
-16.5,167.5,7.2,79,36.14232911392405
-16.5,168.0,7.5,72,65.76905555555555
-16.5,168.5,5.0,21,43.655047619047615
-16.5,169.0,4.6,3,96.47333333333331
-16.5,170.0,4.8,2,26.105
-16.5,171.0,4.0,1,57.7
-16.5,172.0,5.4,3,33.666666666666664
-16.5,172.5,6.1,2,21.5
-16.5,173.0,5.8,1,10.0
-16.5,173.5,6.0,4,15.75
-16.5,174.0,4.8,2,33.0
-16.5,174.5,5.5,5,17.9
-16.5,175.0,6.1,9,28.783777777777782
-16.5,175.5,5.0,5,22.598
-16.5,176.0,5.2,8,20.85625
-16.5,176.5,5.3,22,34.33181818181818
-16.5,177.0,6.5,16,26.97
-16.5,177.5,5.5,31,20.70967741935484
-16.5,178.0,6.3,56,19.360178571428573
-16.5,178.5,6.2,14,20.59142857142857
-16.5,179.0,4.5,3,221.36333333333334
-16.5,180.0,4.2,1,451.6
-16.0,-180.0,4.8,9,201.1977777777778
-16.0,-179.5,6.7,20,91.8595
-16.0,-179.0,6.1,17,136.0405882352941
-16.0,-178.5,6.5,13,226.94461538461536
-16.0,-178.0,5.6,28,167.72978571428573
-16.0,-177.5,5.9,63,302.31326984126986
-16.0,-177.0,5.6,28,309.28107142857147
-16.0,-176.5,5.5,56,348.817
-16.0,-176.0,5.9,89,330.4191685393258
-16.0,-175.5,5.4,30,296.8806666666667
-16.0,-175.0,5.9,110,204.38324545454546
-16.0,-174.5,6.2,61,129.069131147541
-16.0,-174.0,6.4,191,96.50488481675393
-16.0,-173.5,6.3,136,36.458426470588236
-16.0,-173.0,6.1,208,23.424471153846152
-16.0,-172.5,6.0,62,21.411225806451615
-16.0,-172.0,6.0,22,21.951818181818183
-16.0,-171.5,5.6,7,17.695714285714285
-16.0,-170.5,4.6,2,33.0
-16.0,-169.5,4.7,1,10.0
-16.0,-147.5,1.5,1,6.0
-16.0,-134.5,4.4,1,33.0
-16.0,-124.5,4.7,1,10.0
-16.0,-115.5,6.3,1,18.0
-16.0,-75.5,4.9,17,21.71
-16.0,-75.0,6.0,42,32.412619047619046
-16.0,-74.5,7.1,58,40.15051724137931
-16.0,-74.0,6.6,52,50.57463461538461
-16.0,-73.5,5.7,42,61.42226190476191
-16.0,-73.0,5.5,28,84.67535714285714
-16.0,-72.5,6.1,40,83.65979999999999
-16.0,-72.0,5.7,71,70.31049295774648
-16.0,-71.5,6.2,27,104.34937037037037
-16.0,-71.0,5.1,4,81.7325
-16.0,-70.5,4.8,12,145.28633333333332
-16.0,-70.0,4.6,10,192.27100000000002
-16.0,-69.5,5.8,41,224.36756097560976
-16.0,-69.0,5.3,1,245.8
-16.0,-68.5,3.6,1,103.0
-16.0,-68.0,4.3,1,19.5
-16.0,-64.0,4.3,1,586.96
-16.0,-15.5,4.8,1,10.0
-16.0,-14.5,4.4,1,10.0
-16.0,-13.5,4.5,1,10.0
-16.0,-13.0,5.2,5,10.0
-16.0,26.0,5.0,1,7.4
-16.0,27.0,3.3,1,33.0
-16.0,28.5,4.6,2,10.0
-16.0,31.5,4.0,2,10.0
-16.0,34.5,4.8,1,9.5
-16.0,35.0,4.6,1,33.0
-16.0,36.0,4.9,2,10.0
-16.0,41.5,4.3,1,10.0
-16.0,42.0,5.1,2,10.0
-16.0,66.5,4.5,4,10.0
-16.0,67.0,5.5,7,10.0
-16.0,67.5,5.4,9,10.0
-16.0,68.0,5.0,1,10.0
-16.0,87.5,5.5,1,10.0
-16.0,93.0,6.2,2,18.8
-16.0,121.5,4.7,1,10.0
-16.0,124.0,3.9,1,33.0
-16.0,124.5,6.3,2,10.0
-16.0,128.0,3.5,1,10.0
-16.0,165.5,4.5,2,36.160000000000004
-16.0,166.0,5.2,4,32.0
-16.0,166.5,6.8,19,24.30842105263158
-16.0,167.0,5.9,52,36.34251923076923
-16.0,167.5,7.0,64,57.804421875
-16.0,168.0,6.8,178,136.97106741573032
-16.0,168.5,5.8,36,160.03166666666667
-16.0,169.0,4.6,2,112.495
-16.0,171.0,4.6,1,35.0
-16.0,172.0,4.5,1,33.0
-16.0,173.0,5.2,4,31.275
-16.0,173.5,5.2,14,16.669285714285714
-16.0,174.0,4.6,1,10.0
-16.0,175.5,4.5,2,21.5
-16.0,176.5,4.6,1,35.0
-16.0,177.0,4.9,3,25.333333333333332
-16.0,177.5,5.2,12,29.333333333333332
-16.0,178.0,6.2,43,25.661162790697677
-16.0,178.5,5.7,14,24.235714285714288
-16.0,179.0,5.2,8,25.52475
-16.0,179.5,5.5,6,91.25666666666666
-16.0,180.0,5.4,5,320.13800000000003
-15.5,-180.0,5.8,4,106.5
-15.5,-179.5,6.7,18,152.24444444444444
-15.5,-179.0,6.6,15,322.9746666666667
-15.5,-178.5,6.7,30,323.5226666666667
-15.5,-178.0,5.8,39,289.03302564102563
-15.5,-177.5,5.9,88,316.61595454545454
-15.5,-177.0,6.1,29,219.33655172413793
-15.5,-176.5,5.7,27,133.84592592592594
-15.5,-176.0,6.0,36,93.06194444444445
-15.5,-175.5,6.4,48,132.50143749999998
-15.5,-175.0,6.2,124,193.2997741935484
-15.5,-174.5,7.6,87,129.82817241379308
-15.5,-174.0,5.8,154,64.07344155844156
-15.5,-173.5,6.6,342,34.64018713450292
-15.5,-173.0,6.8,303,22.11104290429043
-15.5,-172.5,6.1,58,22.251293103448276
-15.5,-172.0,8.1,24,20.799583333333334
-15.5,-171.5,5.3,11,21.464727272727274
-15.5,-170.5,4.2,1,10.0
-15.5,-169.5,4.9,1,37.5
-15.5,-76.5,4.6,2,21.5
-15.5,-76.0,4.5,8,27.6725
-15.5,-75.5,6.0,53,32.66547169811321
-15.5,-75.0,5.8,54,37.70777777777778
-15.5,-74.5,5.8,37,57.497729729729734
-15.5,-74.0,5.4,31,71.37267741935483
-15.5,-73.5,5.7,19,83.82673684210526
-15.5,-73.0,6.0,28,81.36946428571427
-15.5,-72.5,5.8,39,80.72102564102563
-15.5,-72.0,5.7,91,69.22924175824176
-15.5,-71.5,6.0,57,116.06231578947367
-15.5,-71.0,6.2,40,96.702775
-15.5,-70.5,5.7,76,176.19365789473684
-15.5,-70.0,5.2,32,223.6621875
-15.5,-69.5,5.9,9,249.75333333333336
-15.5,-69.0,4.2,3,223.24
-15.5,-65.0,6.6,2,567.505
-15.5,-44.0,4.4,1,10.0
-15.5,-13.5,5.8,7,10.0
-15.5,-13.0,5.6,22,9.997272727272728
-15.5,-5.0,4.5,1,10.0
-15.5,12.0,4.4,1,10.0
-15.5,26.0,3.9,1,10.0
-15.5,27.0,4.8,1,10.0
-15.5,28.5,3.9,1,10.0
-15.5,34.0,4.7,1,10.0
-15.5,35.0,4.0,1,23.2
-15.5,35.5,4.3,1,10.0
-15.5,39.5,4.5,1,10.0
-15.5,41.0,5.2,2,12.309999999999999
-15.5,41.5,5.3,3,10.0
-15.5,49.5,4.4,2,10.0
-15.5,50.0,4.5,1,10.0
-15.5,66.5,4.7,3,10.0
-15.5,67.0,5.5,26,10.0
-15.5,67.5,5.6,11,10.0
-15.5,88.0,4.8,1,10.0
-15.5,119.5,4.8,1,10.0
-15.5,129.5,4.3,1,10.0
-15.5,130.5,2.9,1,9.0
-15.5,165.5,4.5,2,44.754999999999995
-15.5,166.0,6.0,14,32.15714285714286
-15.5,166.5,6.9,25,25.92356
-15.5,167.0,7.0,35,66.55502857142856
-15.5,167.5,7.2,255,115.43093725490196
-15.5,168.0,6.3,150,98.02316666666667
-15.5,168.5,6.1,22,64.96595454545455
-15.5,169.0,4.1,1,243.6
-15.5,171.0,4.1,1,33.0
-15.5,172.5,4.2,1,33.0
-15.5,173.0,5.9,3,33.666666666666664
-15.5,173.5,4.3,1,10.0
-15.5,174.0,5.0,2,45.25
-15.5,177.0,4.3,1,28.4
-15.5,177.5,4.4,1,10.0
-15.5,178.0,4.5,2,21.5
-15.5,178.5,4.7,4,24.0875
-15.5,179.0,4.9,5,29.2
-15.5,179.5,4.8,2,66.5
-15.5,180.0,6.2,6,30.666666666666668
-15.0,-180.0,4.9,2,44.49
-15.0,-179.5,4.5,5,280.58000000000004
-15.0,-179.0,5.2,36,392.89594444444447
-15.0,-178.5,4.9,41,348.7280487804878
-15.0,-178.0,5.9,50,319.8838
-15.0,-177.5,5.2,71,301.3478309859155
-15.0,-177.0,6.2,30,138.389
-15.0,-176.5,6.0,32,74.861875
-15.0,-176.0,5.9,37,107.307
-15.0,-175.5,6.7,30,164.069
-15.0,-175.0,6.3,59,163.85122033898304
-15.0,-174.5,6.1,54,67.26187037037037
-15.0,-174.0,6.0,187,45.928721925133694
-15.0,-173.5,7.4,590,21.31910338983051
-15.0,-173.0,6.4,213,17.215835680751173
-15.0,-172.5,6.6,31,22.733548387096775
-15.0,-172.0,5.6,24,28.01033333333333
-15.0,-171.5,5.1,1,33.0
-15.0,-171.0,4.6,3,26.0
-15.0,-151.0,2.7,1,10.0
-15.0,-112.0,4.7,1,10.0
-15.0,-111.0,4.5,1,10.0
-15.0,-77.0,4.9,3,15.333333333333334
-15.0,-76.5,4.7,14,17.830714285714286
-15.0,-76.0,5.4,53,26.968301886792453
-15.0,-75.5,7.7,72,33.198569444444445
-15.0,-75.0,5.2,16,46.051875
-15.0,-74.5,5.9,13,71.38153846153847
-15.0,-74.0,5.2,13,82.77153846153846
-15.0,-73.5,5.4,17,84.24411764705883
-15.0,-73.0,5.1,25,91.43879999999999
-15.0,-72.5,5.6,35,94.61022857142858
-15.0,-72.0,5.0,55,115.77303636363636
-15.0,-71.5,5.4,37,122.77945945945946
-15.0,-71.0,5.0,15,80.2774
-15.0,-70.5,7.2,22,198.35777272727273
-15.0,-70.0,5.8,6,185.83333333333334
-15.0,-69.5,3.8,1,35.0
-15.0,-65.0,5.6,1,586.7
-15.0,-44.0,4.9,1,10.0
-15.0,-13.5,4.8,2,10.0
-15.0,27.0,4.1,1,10.0
-15.0,31.0,4.3,1,10.0
-15.0,31.5,4.9,2,7.5
-15.0,34.0,3.9,1,10.0
-15.0,41.5,4.8,3,10.0
-15.0,50.0,4.8,1,10.0
-15.0,66.0,5.2,5,11.65
-15.0,66.5,5.6,25,10.3676
-15.0,67.0,5.9,45,10.433111111111112
-15.0,67.5,4.6,4,10.0
-15.0,68.0,4.6,2,10.094999999999999
-15.0,96.5,4.3,1,10.0
-15.0,129.5,2.8,1,10.0
-15.0,139.5,2.8,1,9.0
-15.0,165.0,4.4,4,29.45
-15.0,165.5,4.2,1,35.0
-15.0,166.0,5.1,23,33.74086956521739
-15.0,166.5,5.7,106,23.5706320754717
-15.0,167.0,7.1,239,67.94522175732217
-15.0,167.5,7.1,508,123.30206496062992
-15.0,168.0,6.4,103,40.077980582524276
-15.0,168.5,5.2,13,71.15923076923076
-15.0,169.5,4.6,1,25.8
-15.0,170.0,4.7,6,535.285
-15.0,170.5,4.6,3,219.82000000000002
-15.0,171.0,5.1,5,407.572
-15.0,171.5,4.5,8,494.85499999999996
-15.0,172.0,5.1,5,353.852
-15.0,172.5,4.7,6,343.4975
-15.0,173.0,6.0,6,118.23333333333333
-15.0,174.0,4.6,2,334.85
-15.0,174.5,4.5,1,637.24
-15.0,175.0,4.3,1,656.4
-15.0,177.5,3.5,1,31.9
-15.0,178.5,4.8,1,33.0
-15.0,180.0,5.9,3,10.0
-14.5,-180.0,4.1,1,10.0
-14.5,-179.5,5.0,3,140.0
-14.5,-179.0,4.3,1,408.4
-14.5,-178.5,6.4,3,151.7566666666667
-14.5,-178.0,5.5,18,176.62277777777777
-14.5,-177.5,6.0,20,43.475
-14.5,-177.0,5.8,13,23.569230769230767
-14.5,-176.5,5.6,12,90.16666666666667
-14.5,-176.0,5.7,15,134.79466666666667
-14.5,-175.5,6.3,20,46.983799999999995
-14.5,-175.0,6.0,8,63.474999999999994
-14.5,-174.5,4.7,4,19.845
-14.5,-174.0,5.2,21,34.42523809523809
-14.5,-173.5,5.8,14,20.637857142857143
-14.5,-173.0,5.4,14,31.185
-14.5,-172.5,4.5,3,14.566666666666668
-14.5,-171.5,4.8,1,10.0
-14.5,-169.5,5.0,1,33.0
-14.5,-109.5,5.0,1,10.0
-14.5,-77.5,4.6,1,11.69
-14.5,-77.0,4.9,6,15.005
-14.5,-76.5,6.1,76,26.545907894736843
-14.5,-76.0,6.9,113,29.88295575221239
-14.5,-75.5,5.7,33,51.699696969696966
-14.5,-75.0,4.6,9,85.09222222222223
-14.5,-74.5,4.6,8,84.465
-14.5,-74.0,4.6,5,96.19800000000001
-14.5,-73.5,6.8,30,73.51396666666666
-14.5,-73.0,5.2,11,70.75272727272727
-14.5,-72.5,5.8,11,65.66090909090909
-14.5,-72.0,4.8,11,111.73190909090908
-14.5,-71.5,5.9,13,88.69476923076923
-14.5,-71.0,5.9,9,118.64444444444445
-14.5,-70.5,5.7,7,131.58857142857144
-14.5,-70.0,7.0,3,256.76666666666665
-14.5,-68.5,6.1,1,650.0
-14.5,-66.5,4.1,1,15.97
-14.5,-14.0,4.5,1,10.0
-14.5,-13.5,5.7,5,11.004
-14.5,-5.0,4.8,1,10.0
-14.5,23.5,4.4,1,10.0
-14.5,27.0,4.1,1,20.0
-14.5,34.5,3.9,2,10.0
-14.5,41.0,4.6,3,10.0
-14.5,48.0,4.7,1,10.0
-14.5,62.5,4.9,1,10.0
-14.5,63.0,4.8,1,10.0
-14.5,66.0,5.4,22,10.0
-14.5,66.5,5.0,20,10.0
-14.5,67.0,5.5,2,10.0
-14.5,97.5,4.5,2,10.0
-14.5,98.5,5.3,1,10.0
-14.5,122.0,4.6,2,10.0
-14.5,126.5,4.3,1,10.0
-14.5,129.0,2.7,1,5.0
-14.5,163.5,4.6,1,15.38
-14.5,165.5,4.6,5,10.0
-14.5,166.0,5.3,16,22.748125
-14.5,166.5,6.8,111,36.82179279279279
-14.5,167.0,6.9,213,99.27188262910798
-14.5,167.5,6.8,347,136.24485014409223
-14.5,168.0,5.9,91,38.06507692307692
-14.5,168.5,4.4,7,17.73
-14.5,169.0,4.2,1,35.0
-14.5,170.0,6.3,12,618.9455833333333
-14.5,170.5,4.5,23,547.4751304347826
-14.5,171.0,5.4,7,621.3957142857143
-14.5,171.5,5.2,9,420.6333333333333
-14.5,172.0,5.1,14,459.98785714285714
-14.5,172.5,4.5,11,580.1968181818182
-14.5,173.0,4.8,4,459.54499999999996
-14.5,173.5,5.2,2,607.1
-14.5,174.0,4.8,5,488.69660000000005
-14.5,174.5,4.6,5,570.4860000000001
-14.5,178.0,5.7,1,10.0
-14.5,179.5,4.6,1,33.0
-14.0,-179.5,4.3,1,505.6
-14.0,-179.0,3.7,1,350.0
-14.0,-178.5,4.5,2,219.935
-14.0,-178.0,4.4,1,10.0
-14.0,-177.5,4.1,1,337.07
-14.0,-176.5,4.2,1,33.0
-14.0,-176.0,4.4,1,33.0
-14.0,-175.5,4.3,1,10.0
-14.0,-174.5,4.6,1,10.0
-14.0,-174.0,4.6,2,56.07
-14.0,-173.5,5.9,2,34.75
-14.0,-171.5,4.9,1,38.3
-14.0,-170.0,4.7,1,33.0
-14.0,-169.5,5.2,294,12.332687074829932
-14.0,-169.0,4.8,4,33.0
-14.0,-112.5,4.6,2,10.0
-14.0,-112.0,4.9,2,10.0
-14.0,-111.5,5.0,1,10.0
-14.0,-111.0,4.7,1,10.0
-14.0,-80.5,4.8,1,33.0
-14.0,-77.5,4.1,1,10.0
-14.0,-77.0,5.4,13,31.975384615384616
-14.0,-76.5,6.1,39,35.38974358974359
-14.0,-76.0,5.8,51,45.77647058823529
-14.0,-75.5,6.4,27,61.99051851851851
-14.0,-75.0,4.7,2,79.805
-14.0,-74.5,6.1,12,90.57583333333334
-14.0,-74.0,5.5,2,85.935
-14.0,-73.5,5.3,10,78.2794
-14.0,-73.0,5.1,28,78.03142857142858
-14.0,-72.5,5.8,20,79.91884999999999
-14.0,-72.0,5.0,8,51.0025
-14.0,-71.5,4.9,9,35.04655555555556
-14.0,-71.0,4.7,2,34.25
-14.0,-70.5,4.9,6,42.85
-14.0,-68.5,5.6,1,597.9
-14.0,-68.0,4.0,1,33.0
-14.0,-67.5,8.2,3,634.0333333333333
-14.0,-66.0,3.9,1,33.0
-14.0,-49.5,4.4,1,10.0
-14.0,-49.0,5.0,1,10.0
-14.0,-14.5,5.8,31,10.158709677419356
-14.0,-14.0,5.2,19,10.0
-14.0,-13.5,4.9,5,10.0
-14.0,14.5,4.8,2,24.1
-14.0,23.5,4.6,1,10.0
-14.0,24.5,4.4,1,10.0
-14.0,25.5,4.6,1,13.98
-14.0,29.5,4.4,1,10.0
-14.0,30.0,4.3,1,10.0
-14.0,34.0,5.1,4,21.5
-14.0,34.5,4.8,4,24.85
-14.0,35.0,5.1,4,10.95
-14.0,36.0,3.8,1,33.0
-14.0,41.0,5.0,2,10.0
-14.0,41.5,4.0,1,10.0
-14.0,49.0,4.7,1,10.0
-14.0,63.5,4.5,1,18.5
-14.0,66.0,6.0,32,10.2553125
-14.0,66.5,5.1,7,10.0
-14.0,67.0,4.9,1,10.0
-14.0,87.0,4.4,1,10.0
-14.0,95.0,4.3,1,10.0
-14.0,97.0,4.3,1,10.0
-14.0,97.5,7.9,8,10.0
-14.0,102.0,4.4,1,10.0
-14.0,118.5,4.3,2,10.0
-14.0,122.0,5.7,2,10.0
-14.0,122.5,4.5,1,35.0
-14.0,123.0,4.3,1,10.0
-14.0,124.0,4.2,1,10.0
-14.0,133.0,2.5,1,0.0
-14.0,165.5,4.6,5,20.284
-14.0,166.0,4.8,21,38.16428571428572
-14.0,166.5,6.7,173,34.641676300578034
-14.0,167.0,6.5,175,107.03356
-14.0,167.5,6.4,109,129.1604495412844
-14.0,168.0,5.4,17,40.092352941176465
-14.0,168.5,4.7,2,39.269999999999996
-14.0,169.5,4.6,4,22.1025
-14.0,170.0,5.2,11,507.4809090909091
-14.0,170.5,5.5,34,467.5468529411765
-14.0,171.0,5.7,14,587.3548571428572
-14.0,171.5,5.0,6,324.6016666666667
-14.0,172.0,5.0,6,398.68333333333334
-14.0,172.5,5.4,7,604.65
-14.0,174.5,4.6,2,255.0
-14.0,175.0,4.4,1,10.0
-14.0,176.5,5.0,3,18.133333333333333
-14.0,177.5,5.4,2,33.0
-14.0,178.0,5.4,1,33.0
-14.0,179.0,5.0,1,33.0
-13.5,-178.0,4.9,2,21.5
-13.5,-175.5,4.2,1,10.0
-13.5,-175.0,4.2,1,33.0
-13.5,-174.5,4.6,1,35.0
-13.5,-169.5,4.6,12,33.0
-13.5,-142.5,4.4,1,16.2
-13.5,-113.0,4.8,1,10.0
-13.5,-112.5,5.5,8,10.4875
-13.5,-112.0,5.8,21,10.0
-13.5,-111.5,5.9,34,10.00294117647059
-13.5,-111.0,5.8,5,10.0
-13.5,-110.0,4.7,1,10.0
-13.5,-78.0,4.4,1,14.72
-13.5,-77.5,4.8,4,34.345
-13.5,-77.0,5.3,65,31.21996923076923
-13.5,-76.5,8.0,72,39.631249999999994
-13.5,-76.0,6.1,34,51.22226470588235
-13.5,-75.5,5.1,7,90.16857142857144
-13.5,-75.0,5.2,9,93.30444444444444
-13.5,-74.5,4.7,10,73.31660000000001
-13.5,-74.0,5.0,2,58.2
-13.5,-73.5,3.5,1,117.8
-13.5,-73.0,4.4,4,45.89
-13.5,-72.5,4.5,5,41.686
-13.5,-72.0,4.2,3,34.596666666666664
-13.5,-71.5,4.2,2,34.0
-13.5,-70.5,4.9,5,37.284000000000006
-13.5,-70.0,4.9,5,83.044
-13.5,-69.5,6.9,2,595.55
-13.5,-69.0,6.7,1,586.0
-13.5,-67.5,4.3,1,629.0
-13.5,-67.0,4.4,2,646.35
-13.5,-21.0,4.6,1,10.0
-13.5,-15.5,4.5,1,10.0
-13.5,-14.5,5.3,2,10.0
-13.5,-14.0,4.6,1,10.0
-13.5,24.0,4.1,2,10.0
-13.5,31.5,4.4,1,5.0
-13.5,32.0,4.5,2,10.0
-13.5,34.0,4.7,1,33.0
-13.5,34.5,4.4,4,16.52
-13.5,44.5,5.0,1,10.0
-13.5,45.0,4.5,1,10.0
-13.5,63.5,4.6,1,10.0
-13.5,66.0,5.2,8,10.0
-13.5,66.5,5.0,9,10.0
-13.5,67.0,5.0,3,10.0
-13.5,97.0,5.4,4,10.0
-13.5,97.5,4.9,7,10.0
-13.5,115.0,4.3,1,12.0
-13.5,118.0,4.4,1,33.0
-13.5,122.5,4.2,2,19.0
-13.5,129.0,3.0,1,19.0
-13.5,129.5,4.2,1,7.0
-13.5,136.0,3.2,1,10.0
-13.5,165.0,4.9,1,33.0
-13.5,165.5,4.9,4,32.125
-13.5,166.0,6.8,35,46.731142857142856
-13.5,166.5,7.2,223,38.99659192825112
-13.5,167.0,6.9,208,156.14077884615384
-13.5,167.5,6.5,77,129.22141558441558
-13.5,168.0,6.0,23,49.50869565217391
-13.5,168.5,4.8,4,38.25
-13.5,169.0,5.5,5,19.436
-13.5,169.5,4.6,3,18.333333333333332
-13.5,170.0,4.7,8,390.8125
-13.5,170.5,6.2,13,526.9284615384615
-13.5,171.0,4.4,2,603.175
-13.5,171.5,4.2,1,33.0
-13.5,172.0,5.6,7,108.93928571428572
-13.5,172.5,5.9,6,315.3333333333333
-13.5,173.0,4.1,1,33.0
-13.5,174.0,4.8,2,33.0
-13.5,174.5,5.3,6,21.723333333333333
-13.5,175.0,6.0,14,30.599999999999998
-13.5,175.5,4.9,3,25.333333333333332
-13.5,176.0,4.3,1,130.0
-13.5,178.0,4.3,1,33.0
-13.0,-176.0,4.4,1,10.0
-13.0,-173.5,4.7,1,33.0
-13.0,-172.5,4.8,1,33.0
-13.0,-169.5,4.7,1,18.0
-13.0,-142.0,4.5,1,10.0
-13.0,-115.0,4.6,1,10.0
-13.0,-112.5,4.0,1,10.0
-13.0,-112.0,5.3,3,10.0
-13.0,-111.5,5.4,3,10.0
-13.0,-108.0,4.5,1,10.0
-13.0,-99.5,4.6,1,10.0
-13.0,-78.5,3.9,1,33.0
-13.0,-78.0,5.1,3,26.96666666666667
-13.0,-77.5,5.7,4,31.875
-13.0,-77.0,4.9,11,41.03909090909091
-13.0,-76.5,4.6,19,54.775263157894734
-13.0,-76.0,4.7,8,78.365
-13.0,-75.5,4.5,3,75.89999999999999
-13.0,-75.0,4.8,11,81.56336363636363
-13.0,-74.5,5.3,7,74.69285714285715
-13.0,-74.0,5.3,7,57.021428571428565
-13.0,-72.5,3.9,1,33.0
-13.0,-72.0,7.0,1,104.5
-13.0,-71.5,4.5,4,27.075
-13.0,-71.0,5.2,3,17.366666666666667
-13.0,-70.5,4.6,4,47.1175
-13.0,-70.0,4.4,1,54.01
-13.0,-69.5,5.7,1,32.8
-13.0,-39.5,4.6,1,10.0
-13.0,-15.0,5.2,3,10.0
-13.0,-14.5,5.5,34,10.0
-13.0,21.5,4.6,1,10.0
-13.0,23.0,4.9,1,10.0
-13.0,26.0,4.4,2,10.0
-13.0,26.5,4.4,1,14.13
-13.0,27.0,4.6,1,10.0
-13.0,34.0,3.8,1,10.0
-13.0,37.0,3.8,1,10.0
-13.0,40.5,4.3,2,10.0
-13.0,41.0,4.7,2,10.940000000000001
-13.0,45.0,5.2,8,10.0
-13.0,45.5,5.9,133,10.136766917293233
-13.0,46.0,4.9,5,10.0
-13.0,65.5,4.5,1,10.0
-13.0,66.0,6.0,2,10.0
-13.0,66.5,5.3,16,10.0
-13.0,67.0,5.2,3,10.766666666666666
-13.0,68.0,4.4,1,10.0
-13.0,97.5,5.9,2,10.0
-13.0,113.0,4.3,1,10.0
-13.0,115.5,4.5,1,33.0
-13.0,117.0,4.0,2,21.5
-13.0,118.0,4.1,2,34.0
-13.0,118.5,4.2,1,33.0
-13.0,119.0,4.3,4,33.0
-13.0,120.0,3.7,1,33.0
-13.0,122.0,4.9,2,21.5
-13.0,122.5,4.5,1,10.0
-13.0,123.0,4.5,1,10.0
-13.0,123.5,4.2,1,33.0
-13.0,131.0,3.9,1,10.0
-13.0,165.0,4.5,2,21.5
-13.0,165.5,5.3,9,35.465555555555554
-13.0,166.0,5.7,61,37.03590163934426
-13.0,166.5,7.7,142,54.49561267605634
-13.0,167.0,6.5,213,172.78076056338028
-13.0,167.5,5.2,43,119.99558139534885
-13.0,168.0,5.1,7,31.885714285714283
-13.0,168.5,5.1,15,488.7294
-13.0,169.0,5.3,45,621.8698444444444
-13.0,169.5,5.4,28,626.5661428571428
-13.0,170.0,4.7,4,483.725
-13.0,170.5,4.5,2,306.2
-13.0,174.0,4.6,1,33.0
-13.0,174.5,5.3,13,31.184615384615384
-13.0,175.0,5.7,28,31.835714285714285
-13.0,175.5,4.4,1,33.0
-12.5,-174.5,4.7,1,10.0
-12.5,-111.0,4.7,2,10.0
-12.5,-110.5,4.6,1,10.0
-12.5,-95.0,4.6,1,10.0
-12.5,-78.0,4.9,5,17.663999999999998
-12.5,-77.5,5.0,10,31.768
-12.5,-77.0,5.6,30,51.29966666666667
-12.5,-76.5,5.9,15,58.67466666666667
-12.5,-76.0,5.5,5,64.54400000000001
-12.5,-75.5,4.9,5,47.4994
-12.5,-75.0,5.6,11,76.35527272727273
-12.5,-74.5,4.0,2,21.5
-12.5,-74.0,5.1,2,68.235
-12.5,-73.5,4.3,2,48.6
-12.5,-72.5,3.7,1,33.0
-12.5,-71.5,5.1,4,21.1725
-12.5,-71.0,5.1,3,31.333333333333332
-12.5,-70.5,3.4,1,33.0
-12.5,-57.0,4.2,1,10.0
-12.5,-15.0,5.3,23,9.882608695652175
-12.5,-14.5,5.0,22,10.572727272727272
-12.5,15.0,4.1,1,15.0
-12.5,24.5,4.7,2,10.003499999999999
-12.5,25.5,4.7,2,10.0
-12.5,26.0,5.0,4,10.0
-12.5,26.5,4.4,1,10.0
-12.5,33.0,4.6,1,10.0
-12.5,34.5,4.7,2,10.0
-12.5,41.0,4.5,2,11.905000000000001
-12.5,41.5,5.1,4,10.0
-12.5,42.0,5.0,1,10.0
-12.5,42.5,4.8,1,10.0
-12.5,43.5,5.1,2,10.0
-12.5,44.5,4.6,1,14.92
-12.5,45.0,5.0,2,10.0
-12.5,45.5,5.1,16,10.0
-12.5,46.0,4.4,3,10.0
-12.5,46.5,4.7,1,10.0
-12.5,63.5,4.9,1,10.0
-12.5,65.0,5.8,4,10.0
-12.5,65.5,4.9,4,10.0
-12.5,66.0,5.3,3,10.0
-12.5,66.5,5.1,10,10.51
-12.5,78.5,4.3,1,10.0
-12.5,79.0,6.0,2,13.1
-12.5,80.5,4.4,1,10.0
-12.5,85.0,4.5,1,10.0
-12.5,87.0,4.3,1,10.0
-12.5,103.0,4.5,1,10.0
-12.5,104.5,5.1,1,10.0
-12.5,113.5,4.8,3,17.666666666666668
-12.5,114.0,4.5,2,10.0
-12.5,114.5,5.0,4,21.5
-12.5,115.0,4.5,1,10.0
-12.5,115.5,4.5,1,33.0
-12.5,117.0,3.7,1,33.0
-12.5,117.5,4.1,2,26.25
-12.5,118.0,4.1,1,33.0
-12.5,118.5,4.2,4,33.0
-12.5,119.0,3.8,2,33.0
-12.5,119.5,4.1,2,33.0
-12.5,120.0,4.5,1,33.0
-12.5,121.5,4.1,1,33.0
-12.5,122.5,4.1,1,33.0
-12.5,123.0,3.7,1,10.0
-12.5,123.5,4.9,2,33.0
-12.5,124.0,4.7,1,33.0
-12.5,126.5,4.7,1,33.0
-12.5,129.0,4.2,1,33.0
-12.5,139.0,4.7,1,33.0
-12.5,143.5,4.8,1,24.0
-12.5,164.5,4.0,1,33.0
-12.5,165.0,3.4,1,10.0
-12.5,165.5,5.2,19,40.212105263157895
-12.5,166.0,6.8,75,44.912
-12.5,166.5,7.8,178,70.18602808988764
-12.5,167.0,5.9,240,212.41291666666666
-12.5,167.5,5.0,27,151.84259259259258
-12.5,168.0,4.2,5,258.086
-12.5,169.0,4.6,7,633.1685714285715
-12.5,169.5,4.8,12,606.53
-12.5,170.0,4.9,7,555.8957142857142
-12.5,171.0,4.0,1,600.06
-12.5,171.5,4.2,1,10.46
-12.5,172.5,4.5,2,33.0
-12.5,174.5,4.5,1,33.0
-12.0,-177.5,5.1,1,33.0
-12.0,-138.5,4.5,1,10.0
-12.0,-111.0,4.7,1,10.0
-12.0,-109.5,4.3,1,10.0
-12.0,-91.0,4.9,2,10.0
-12.0,-78.0,4.8,4,46.9925
-12.0,-77.5,5.2,15,44.73133333333333
-12.0,-77.0,5.3,13,62.01692307692308
-12.0,-76.5,5.6,13,67.47692307692309
-12.0,-76.0,4.7,6,97.84166666666665
-12.0,-75.5,5.3,11,75.05727272727273
-12.0,-75.0,5.2,12,51.9445
-12.0,-74.5,5.5,2,60.7
-12.0,-74.0,4.6,6,43.52
-12.0,-73.5,5.1,4,36.985
-12.0,-73.0,5.0,3,35.87
-12.0,-72.5,4.9,5,50.924
-12.0,-72.0,6.4,15,31.426666666666666
-12.0,-71.5,3.5,1,33.0
-12.0,-15.0,5.1,6,10.0
-12.0,-14.5,4.4,1,10.0
-12.0,-14.0,4.7,1,10.0
-12.0,-13.5,5.4,2,10.0
-12.0,-13.0,4.6,1,10.0
-12.0,14.5,4.2,1,15.06
-12.0,25.0,5.2,3,10.0
-12.0,28.5,4.8,1,33.0
-12.0,34.0,4.2,1,10.0
-12.0,34.5,4.3,1,12.8
-12.0,40.5,4.1,1,10.0
-12.0,41.0,4.6,3,10.0
-12.0,41.5,4.6,4,10.0
-12.0,42.0,5.0,3,7.7
-12.0,43.5,5.2,2,10.0
-12.0,44.0,4.2,1,10.0
-12.0,44.5,4.8,1,10.0
-12.0,45.5,4.1,1,10.0
-12.0,46.0,4.7,1,10.0
-12.0,46.5,5.1,2,10.0
-12.0,47.5,4.1,1,10.0
-12.0,65.5,5.5,14,10.0
-12.0,66.0,5.7,16,10.080625
-12.0,67.0,4.6,1,10.0
-12.0,68.0,5.8,2,10.0
-12.0,89.5,4.6,1,10.0
-12.0,99.5,4.2,1,10.0
-12.0,101.5,4.7,1,10.0
-12.0,104.5,4.8,1,10.0
-12.0,105.0,4.2,1,10.0
-12.0,109.0,3.7,1,10.0
-12.0,109.5,4.6,1,10.0
-12.0,112.0,5.3,4,39.9
-12.0,113.0,4.9,1,10.0
-12.0,113.5,4.4,5,33.0
-12.0,114.0,4.2,2,10.0
-12.0,114.5,4.5,2,33.0
-12.0,115.0,4.2,2,21.5
-12.0,115.5,4.3,3,20.0
-12.0,116.0,4.5,2,35.0
-12.0,116.5,4.4,4,10.0
-12.0,117.0,4.9,4,21.5
-12.0,117.5,4.8,9,23.343333333333334
-12.0,118.0,4.7,8,30.6325
-12.0,118.5,4.9,6,26.433333333333334
-12.0,119.0,4.3,4,32.25
-12.0,119.5,5.0,4,33.475
-12.0,120.0,4.6,6,28.07166666666667
-12.0,121.0,4.6,1,9.7
-12.0,121.5,5.8,2,12.6
-12.0,122.0,4.8,2,21.5
-12.0,122.5,4.3,4,21.5
-12.0,123.0,4.8,4,27.25
-12.0,123.5,4.4,2,33.0
-12.0,124.0,5.0,3,39.666666666666664
-12.0,124.5,4.1,3,26.376666666666665
-12.0,125.0,4.6,2,34.0
-12.0,127.0,4.1,1,33.0
-12.0,134.0,4.6,1,19.3
-12.0,134.5,4.1,1,10.0
-12.0,136.0,4.1,1,10.0
-12.0,158.5,5.1,1,84.6
-12.0,160.0,4.4,1,311.6
-12.0,161.0,4.5,1,35.21
-12.0,162.0,4.1,1,10.0
-12.0,162.5,4.7,6,13.228333333333333
-12.0,163.0,4.5,4,21.5
-12.0,164.0,4.6,1,10.0
-12.0,164.5,4.4,3,125.5
-12.0,165.0,5.3,28,20.98392857142857
-12.0,165.5,6.3,76,28.740592105263158
-12.0,166.0,6.0,186,34.26150537634409
-12.0,166.5,6.6,222,102.47652252252253
-12.0,167.0,5.7,112,189.9116875
-12.0,167.5,5.0,29,236.7066551724138
-12.0,168.0,5.1,6,232.20166666666668
-12.0,168.5,5.6,1,403.4
-12.0,169.0,4.3,1,600.0
-12.0,170.0,4.5,1,35.0
-12.0,170.5,4.3,1,33.0
-11.5,-167.0,4.5,1,16.72
-11.5,-131.0,5.4,2,10.0
-11.5,-112.0,5.4,2,10.0
-11.5,-90.5,4.3,1,10.0
-11.5,-79.5,4.9,1,12.2
-11.5,-79.0,4.8,1,35.0
-11.5,-78.0,5.1,7,47.58857142857143
-11.5,-77.5,5.9,14,66.41142857142857
-11.5,-77.0,5.4,10,85.375
-11.5,-76.5,6.3,12,69.04191666666667
-11.5,-76.0,4.9,8,87.6125
-11.5,-75.5,4.9,3,40.96666666666667
-11.5,-75.0,5.3,7,49.10142857142857
-11.5,-74.5,5.7,5,31.419999999999998
-11.5,-74.0,5.4,11,50.209181818181825
-11.5,-73.5,4.9,5,27.860000000000003
-11.5,-73.0,4.8,9,34.47222222222222
-11.5,-72.5,5.2,2,27.5
-11.5,-72.0,4.8,2,19.45
-11.5,-71.5,5.7,2,10.0
-11.5,-71.0,4.0,1,62.6
-11.5,-57.0,5.2,4,8.25
-11.5,-15.5,4.4,1,10.0
-11.5,-14.5,5.3,6,10.0
-11.5,-14.0,6.3,22,10.226818181818182
-11.5,-13.5,5.5,12,10.0
-11.5,-13.0,5.5,16,10.31875
-11.5,-12.5,4.9,2,10.0
-11.5,30.5,4.2,1,10.0
-11.5,31.0,4.3,1,10.0
-11.5,33.0,4.3,1,10.0
-11.5,33.5,4.1,1,10.0
-11.5,34.5,4.6,7,16.442857142857143
-11.5,35.0,4.2,2,10.0
-11.5,41.0,5.2,2,10.0
-11.5,42.5,4.2,1,10.0
-11.5,65.5,4.7,1,10.0
-11.5,66.0,6.1,8,10.0
-11.5,66.5,5.8,16,10.15
-11.5,78.5,5.0,1,22.2
-11.5,94.0,4.9,1,10.0
-11.5,107.5,4.1,1,10.0
-11.5,108.5,4.7,1,33.0
-11.5,111.0,4.3,1,11.67
-11.5,111.5,5.0,5,24.676
-11.5,112.0,5.1,10,25.634000000000004
-11.5,112.5,4.8,11,28.360909090909093
-11.5,113.0,5.3,13,28.923076923076923
-11.5,113.5,4.8,7,27.571428571428573
-11.5,114.0,4.7,4,37.7875
-11.5,114.5,5.5,7,23.428571428571427
-11.5,115.0,5.6,12,30.1125
-11.5,115.5,5.1,6,18.82166666666667
-11.5,116.0,4.9,14,26.785
-11.5,116.5,4.9,25,25.2764
-11.5,117.0,5.3,31,28.899677419354838
-11.5,117.5,5.1,43,26.809767441860462
-11.5,118.0,5.4,59,27.73542372881356
-11.5,118.5,5.4,60,28.885166666666667
-11.5,119.0,5.0,21,31.009523809523813
-11.5,119.5,5.0,15,18.0636
-11.5,120.0,4.8,11,24.61818181818182
-11.5,120.5,5.0,4,27.25
-11.5,121.0,4.5,2,33.0
-11.5,121.5,4.6,3,10.293333333333335
-11.5,122.0,5.2,4,15.35
-11.5,122.5,5.2,6,32.73166666666666
-11.5,123.5,4.7,2,134.7
-11.5,124.0,5.0,5,30.095999999999997
-11.5,124.5,4.5,1,10.0
-11.5,125.0,4.3,1,10.0
-11.5,125.5,4.2,1,35.0
-11.5,126.0,4.7,1,33.0
-11.5,129.0,4.5,1,22.8
-11.5,134.5,5.4,1,37.5
-11.5,152.0,4.0,1,10.0
-11.5,160.5,4.3,2,21.5
-11.5,161.0,4.8,4,27.25
-11.5,161.5,4.9,32,27.955624999999998
-11.5,162.0,7.6,102,22.070098039215686
-11.5,162.5,5.7,113,17.484424778761063
-11.5,163.0,5.5,72,20.16722222222222
-11.5,163.5,5.3,38,27.620263157894737
-11.5,164.0,6.1,12,33.520833333333336
-11.5,164.5,5.0,15,29.997333333333334
-11.5,165.0,6.0,133,17.297293233082705
-11.5,165.5,6.3,158,28.822911392405064
-11.5,166.0,7.2,228,47.29664912280702
-11.5,166.5,6.3,296,89.18411824324325
-11.5,167.0,5.2,40,115.8815
-11.5,167.5,5.1,2,67.68
-11.5,168.0,4.2,2,147.595
-11.5,168.5,3.3,1,10.0
-11.5,175.0,4.2,1,10.0
-11.0,-129.0,6.7,1,15.0
-11.0,-80.0,4.2,1,58.5
-11.0,-79.5,5.0,1,35.0
-11.0,-79.0,5.0,3,36.723333333333336
-11.0,-78.5,5.2,5,42.236000000000004
-11.0,-78.0,5.1,16,54.498125
-11.0,-77.5,5.2,7,72.20571428571428
-11.0,-77.0,4.4,3,74.71333333333332
-11.0,-76.5,4.6,5,61.644000000000005
-11.0,-76.0,5.4,5,99.684
-11.0,-75.5,5.1,13,58.24
-11.0,-75.0,4.6,6,41.836666666666666
-11.0,-74.5,5.9,35,52.231428571428566
-11.0,-74.0,5.1,18,89.06833333333333
-11.0,-73.5,5.3,8,62.3925
-11.0,-73.0,4.3,2,43.6
-11.0,-72.0,4.3,1,20.55
-11.0,-71.5,4.3,1,189.3
-11.0,-71.0,7.1,6,612.8000000000001
-11.0,-70.5,4.5,1,605.7
-11.0,-14.0,4.8,2,10.0
-11.0,-13.5,4.6,3,10.0
-11.0,-13.0,4.9,13,9.803076923076922
-11.0,-12.5,4.7,2,10.0
-11.0,12.0,4.3,1,10.0
-11.0,17.5,3.9,1,10.0
-11.0,27.0,4.4,1,10.0
-11.0,28.0,4.5,2,7.5
-11.0,28.5,4.2,1,10.0
-11.0,29.5,5.3,2,10.0
-11.0,32.5,4.7,1,10.0
-11.0,33.0,4.3,1,10.0
-11.0,34.5,5.0,6,13.1
-11.0,37.0,4.4,1,10.0
-11.0,41.0,5.0,1,10.0
-11.0,41.5,5.7,7,12.728571428571428
-11.0,43.0,4.7,2,10.0
-11.0,43.5,5.0,1,10.0
-11.0,44.5,4.4,1,15.06
-11.0,58.5,4.6,1,10.0
-11.0,65.5,4.7,1,10.0
-11.0,66.0,5.2,1,10.0
-11.0,66.5,5.0,19,10.0
-11.0,67.0,4.6,3,10.0
-11.0,70.0,4.7,1,10.0
-11.0,87.0,4.4,1,10.0
-11.0,94.0,5.4,1,10.0
-11.0,95.5,4.2,1,10.0
-11.0,102.0,5.1,1,10.0
-11.0,107.5,4.8,2,10.0
-11.0,108.0,4.3,2,10.0
-11.0,108.5,4.0,1,10.0
-11.0,109.5,4.4,1,10.0
-11.0,110.0,5.2,3,18.986666666666668
-11.0,110.5,4.7,4,17.2875
-11.0,111.0,4.9,9,20.444444444444443
-11.0,111.5,5.1,11,24.89272727272727
-11.0,112.0,5.0,15,23.506666666666668
-11.0,112.5,5.1,40,29.85525
-11.0,113.0,5.6,44,31.91795454545455
-11.0,113.5,6.5,51,26.82941176470588
-11.0,114.0,5.4,69,17.011014492753624
-11.0,114.5,4.8,6,31.5
-11.0,115.0,6.2,21,17.99190476190476
-11.0,115.5,4.6,8,12.9875
-11.0,116.0,5.1,13,31.066153846153846
-11.0,116.5,6.1,11,31.12181818181818
-11.0,117.0,5.9,13,36.19692307692308
-11.0,117.5,5.5,3,34.666666666666664
-11.0,118.0,4.9,14,32.16428571428572
-11.0,118.5,6.1,22,27.736363636363638
-11.0,119.0,5.2,18,28.119444444444444
-11.0,119.5,5.0,7,26.181428571428572
-11.0,120.0,4.4,6,41.22
-11.0,120.5,4.5,6,43.32833333333334
-11.0,121.0,5.0,3,23.166666666666668
-11.0,121.5,4.7,4,19.2575
-11.0,122.0,4.5,7,24.692714285714285
-11.0,123.0,4.4,4,51.675
-11.0,123.5,4.6,5,20.192
-11.0,124.0,6.2,16,34.3625
-11.0,124.5,4.9,15,28.016666666666666
-11.0,125.5,4.4,3,17.666666666666668
-11.0,126.0,4.9,2,33.0
-11.0,130.0,4.2,1,10.0
-11.0,160.0,4.3,2,21.5
-11.0,160.5,4.4,6,30.676666666666666
-11.0,161.0,5.8,70,24.89957142857143
-11.0,161.5,6.9,175,25.936571428571426
-11.0,162.0,6.8,190,35.129894736842104
-11.0,162.5,6.0,95,43.22132631578947
-11.0,163.0,6.8,79,34.35437974683544
-11.0,163.5,6.9,104,23.689711538461538
-11.0,164.0,7.1,84,28.18047619047619
-11.0,164.5,6.6,174,25.672816091954022
-11.0,165.0,8.0,189,22.012804232804232
-11.0,165.5,6.9,317,23.159435331230284
-11.0,166.0,7.1,342,43.104780701754386
-11.0,166.5,5.9,110,99.5535
-11.0,167.0,5.7,24,26.363916666666668
-11.0,167.5,4.3,1,10.319
-11.0,168.0,4.8,1,35.0
-11.0,170.0,4.6,1,33.0
-10.5,-108.5,5.6,1,10.0
-10.5,-84.0,4.6,1,10.0
-10.5,-80.0,4.6,4,21.5
-10.5,-79.5,4.3,5,31.78
-10.5,-79.0,5.3,6,31.53333333333333
-10.5,-78.5,6.5,28,50.74032142857143
-10.5,-78.0,5.3,15,62.86466666666667
-10.5,-77.5,4.4,1,90.0
-10.5,-77.0,4.5,2,79.87
-10.5,-76.5,4.7,4,104.225
-10.5,-76.0,4.7,3,129.96666666666667
-10.5,-75.5,5.6,29,35.343620689655175
-10.5,-75.0,5.2,25,52.04256
-10.5,-74.5,5.8,27,61.00892592592592
-10.5,-74.0,5.7,7,119.80714285714285
-10.5,-73.5,4.8,6,116.54833333333333
-10.5,-71.5,4.0,1,622.67
-10.5,-71.0,7.6,9,594.4000000000001
-10.5,-70.5,4.3,1,655.0
-10.5,-14.5,4.6,1,10.0
-10.5,-13.5,5.0,2,10.0
-10.5,-13.0,5.5,20,10.0
-10.5,-12.5,4.8,2,10.0
-10.5,-12.0,5.5,2,10.0
-10.5,21.5,4.3,1,10.0
-10.5,23.5,5.1,1,10.0
-10.5,25.0,4.7,2,10.0
-10.5,26.5,4.5,1,10.0
-10.5,27.0,4.9,1,10.0
-10.5,31.5,4.4,1,10.0
-10.5,34.5,4.8,4,10.0
-10.5,39.0,4.3,1,10.0
-10.5,41.0,5.0,1,10.0
-10.5,41.5,5.2,6,13.233333333333334
-10.5,43.0,5.1,1,10.0
-10.5,59.0,4.7,1,10.0
-10.5,66.0,4.7,3,10.0
-10.5,66.5,5.5,38,10.0
-10.5,67.0,4.6,3,10.0
-10.5,87.5,4.9,1,10.0
-10.5,93.0,6.0,1,14.8
-10.5,96.0,4.7,1,10.0
-10.5,105.5,4.5,1,33.0
-10.5,106.0,5.4,1,16.0
-10.5,107.5,4.3,9,14.963333333333335
-10.5,108.0,6.0,9,10.0
-10.5,108.5,4.9,16,13.65625
-10.5,109.0,4.4,3,17.133333333333333
-10.5,109.5,5.3,4,27.475
-10.5,110.0,4.6,6,25.666666666666668
-10.5,110.5,4.5,8,21.5
-10.5,111.0,5.2,2,25.75
-10.5,111.5,4.6,2,10.0
-10.5,112.0,4.9,26,33.23576923076923
-10.5,112.5,5.5,26,29.853846153846156
-10.5,113.0,7.8,42,30.79642857142857
-10.5,113.5,6.2,69,26.443652173913044
-10.5,114.0,6.1,39,19.52769230769231
-10.5,114.5,5.1,3,16.966666666666665
-10.5,115.0,5.1,7,48.9
-10.5,115.5,4.9,8,31.08375
-10.5,116.0,5.1,16,27.89125
-10.5,116.5,4.9,9,35.55155555555555
-10.5,117.0,5.7,14,26.525000000000002
-10.5,117.5,4.8,13,39.91076923076923
-10.5,118.0,4.3,2,49.5
-10.5,118.5,5.2,12,26.788583333333335
-10.5,119.0,6.3,49,30.809204081632654
-10.5,119.5,5.2,15,36.200066666666665
-10.5,120.0,6.0,37,32.889675675675676
-10.5,120.5,5.1,76,38.61618421052631
-10.5,121.0,4.9,4,48.9625
-10.5,121.5,5.1,11,35.22145454545454
-10.5,122.0,4.0,1,35.0
-10.5,122.5,5.0,7,41.15714285714286
-10.5,123.0,4.5,3,28.3
-10.5,123.5,5.3,28,28.948214285714283
-10.5,124.0,5.7,60,27.839333333333332
-10.5,124.5,5.3,28,27.622142857142855
-10.5,125.0,4.6,6,21.033333333333335
-10.5,125.5,4.9,2,33.0
-10.5,126.0,3.9,1,33.0
-10.5,126.5,4.7,2,66.5
-10.5,127.5,4.8,1,33.0
-10.5,128.0,4.5,1,116.2
-10.5,130.0,4.0,1,33.0
-10.5,149.5,4.0,1,19.29
-10.5,150.0,4.4,2,9.2
-10.5,150.5,4.7,2,66.80000000000001
-10.5,151.5,4.4,2,21.5
-10.5,152.0,5.4,8,24.666249999999998
-10.5,152.5,5.2,7,16.108571428571427
-10.5,153.0,4.8,9,15.555555555555555
-10.5,153.5,4.6,1,10.0
-10.5,154.0,4.4,1,33.0
-10.5,154.5,4.3,2,34.0
-10.5,156.0,3.8,1,33.0
-10.5,157.5,4.1,1,14.82
-10.5,158.5,4.3,1,33.0
-10.5,160.0,4.2,4,25.4525
-10.5,160.5,5.2,20,33.8365
-10.5,161.0,7.3,184,47.75179347826087
-10.5,161.5,7.8,411,57.61254257907543
-10.5,162.0,6.0,93,49.825698924731185
-10.5,162.5,5.3,22,46.43954545454545
-10.5,163.0,6.2,26,32.542692307692306
-10.5,163.5,5.2,39,28.879743589743587
-10.5,164.0,5.9,27,33.06503703703704
-10.5,164.5,5.9,81,26.85049382716049
-10.5,165.0,7.0,104,28.974192307692306
-10.5,165.5,7.0,75,33.9484
-10.5,166.0,5.9,138,118.91124637681159
-10.5,166.5,6.1,48,31.356458333333336
-10.5,167.0,4.7,4,31.572499999999998
-10.5,167.5,5.0,2,10.0
-10.5,168.0,4.4,2,21.5
-10.5,169.0,4.3,1,14.43
-10.5,170.0,4.7,1,10.0
-10.0,-111.0,4.7,1,10.0
-10.0,-109.5,4.5,1,10.0
-10.0,-109.0,4.6,1,10.0
-10.0,-108.5,4.6,1,10.0
-10.0,-80.5,4.7,2,33.0
-10.0,-80.0,4.9,12,31.53333333333333
-10.0,-79.5,5.0,8,31.794125
-10.0,-79.0,4.6,10,44.4099
-10.0,-78.5,5.4,16,51.32725
-10.0,-78.0,5.2,4,60.442499999999995
-10.0,-77.5,4.9,3,65.22666666666667
-10.0,-77.0,4.2,2,119.225
-10.0,-76.5,4.5,3,83.45333333333333
-10.0,-76.0,4.6,2,126.14999999999999
-10.0,-75.5,4.9,27,40.24333333333333
-10.0,-75.0,5.5,14,95.35928571428572
-10.0,-74.5,5.8,15,69.12266666666666
-10.0,-74.0,4.6,5,92.598
-10.0,-73.5,5.2,3,45.48666666666667
-10.0,-73.0,4.0,1,33.0
-10.0,-72.5,4.2,1,33.0
-10.0,-71.5,4.3,1,630.47
-10.0,-71.0,7.6,7,617.6028571428571
-10.0,-13.5,5.3,4,10.0
-10.0,-13.0,5.4,5,10.006
-10.0,-12.5,4.6,1,10.0
-10.0,12.0,4.0,1,10.0
-10.0,25.0,4.2,1,10.0
-10.0,28.0,4.1,1,10.0
-10.0,28.5,4.9,1,10.0
-10.0,31.5,4.6,1,10.0
-10.0,33.5,4.5,1,10.0
-10.0,34.0,6.0,38,11.360526315789473
-10.0,34.5,4.4,1,33.0
-10.0,66.0,5.1,2,10.0
-10.0,66.5,5.0,10,10.0
-10.0,67.0,4.6,1,10.0
-10.0,87.5,5.1,1,10.0
-10.0,91.0,6.5,4,10.085
-10.0,91.5,4.9,1,10.0
-10.0,92.0,4.8,4,10.0
-10.0,96.5,4.5,1,10.0
-10.0,105.0,4.2,1,10.0
-10.0,106.5,4.6,3,10.0
-10.0,107.0,6.7,11,19.30727272727273
-10.0,107.5,6.7,44,18.560909090909092
-10.0,108.0,5.7,61,13.815081967213116
-10.0,108.5,5.1,43,13.812093023255812
-10.0,109.0,5.1,16,17.07375
-10.0,109.5,5.8,16,23.55125
-10.0,110.0,4.8,4,28.25
-10.0,110.5,6.2,8,33.64625
-10.0,111.0,5.9,5,15.113999999999999
-10.0,111.5,5.2,20,24.8475
-10.0,112.0,5.0,10,33.347
-10.0,112.5,5.1,7,31.599999999999998
-10.0,113.0,5.4,25,38.98468
-10.0,113.5,6.1,25,35.16296
-10.0,114.0,5.8,26,35.46115384615385
-10.0,114.5,5.4,8,46.42375
-10.0,115.0,4.9,10,37.9339
-10.0,115.5,4.3,3,33.666666666666664
-10.0,116.0,5.3,10,41.253499999999995
-10.0,116.5,5.1,13,40.903076923076924
-10.0,117.0,5.6,10,37.971
-10.0,117.5,4.8,13,50.45076923076923
-10.0,118.0,5.4,23,44.910869565217396
-10.0,118.5,5.2,22,46.60481818181818
-10.0,119.0,5.7,84,36.01175
-10.0,119.5,5.9,25,46.16348
-10.0,120.0,5.5,17,48.20058823529411
-10.0,120.5,5.3,10,43.983999999999995
-10.0,121.0,4.5,11,57.189090909090915
-10.0,121.5,5.0,9,48.48555555555556
-10.0,122.0,4.8,13,40.853846153846156
-10.0,122.5,5.0,14,70.31071428571428
-10.0,123.0,5.4,17,61.30376470588235
-10.0,123.5,5.5,27,36.49629629629629
-10.0,124.0,5.5,30,42.705666666666666
-10.0,124.5,5.4,37,31.23135135135135
-10.0,125.0,5.2,16,41.52125
-10.0,125.5,5.6,11,35.5
-10.0,126.0,3.7,1,33.0
-10.0,126.5,4.8,3,26.633333333333336
-10.0,127.0,4.8,10,18.511000000000003
-10.0,127.5,4.3,1,100.0
-10.0,128.5,4.2,1,33.0
-10.0,135.5,3.5,1,153.2
-10.0,146.5,5.2,1,33.0
-10.0,147.0,4.2,1,13.76
-10.0,148.5,5.3,2,15.14
-10.0,150.0,5.1,15,24.226666666666667
-10.0,150.5,4.9,6,42.1
-10.0,151.0,5.4,11,29.372727272727275
-10.0,151.5,5.4,11,24.913636363636364
-10.0,152.0,6.0,16,17.663125
-10.0,152.5,4.7,9,17.4
-10.0,153.0,4.5,3,16.666666666666668
-10.0,153.5,4.4,1,10.0
-10.0,154.0,5.3,9,47.333333333333336
-10.0,154.5,5.0,11,15.37
-10.0,155.0,5.3,14,18.464285714285715
-10.0,155.5,4.4,2,21.5
-10.0,156.0,3.9,1,35.0
-10.0,156.5,4.5,1,10.0
-10.0,157.5,4.1,2,33.0
-10.0,158.0,4.4,2,24.415
-10.0,159.0,6.9,13,19.020846153846154
-10.0,159.5,7.0,91,22.696692307692306
-10.0,160.0,6.4,67,25.000417910447762
-10.0,160.5,5.8,72,38.939055555555555
-10.0,161.0,6.4,235,58.791272340425536
-10.0,161.5,6.5,137,75.49472262773723
-10.0,162.0,5.5,20,64.2935
-10.0,162.5,4.5,3,42.01
-10.0,163.0,5.0,6,39.52333333333333
-10.0,163.5,4.7,3,34.333333333333336
-10.0,164.0,6.3,4,19.85
-10.0,164.5,4.7,1,10.0
-10.0,165.5,4.5,2,34.0
-10.0,166.0,4.5,2,22.5
-10.0,166.5,4.6,2,132.47
-10.0,167.0,4.8,1,35.0
-9.5,-110.0,5.0,4,10.0
-9.5,-109.5,5.2,2,10.0
-9.5,-109.0,4.2,2,10.0
-9.5,-108.5,4.7,4,10.0
-9.5,-80.5,4.9,2,23.9
-9.5,-80.0,6.2,12,28.891916666666663
-9.5,-79.5,7.5,20,37.586
-9.5,-79.0,5.6,19,52.00057894736842
-9.5,-78.5,5.7,12,59.45583333333334
-9.5,-78.0,4.2,2,48.76
-9.5,-76.0,5.6,6,67.81583333333333
-9.5,-75.5,5.1,21,72.19338095238095
-9.5,-75.0,4.4,8,106.3025
-9.5,-74.5,5.1,13,99.52323076923076
-9.5,-74.0,4.3,1,27.0
-9.5,-73.0,4.3,1,14.64
-9.5,-72.5,4.7,2,24.595
-9.5,-71.5,6.1,11,577.8403636363636
-9.5,-71.0,5.9,8,609.23875
-9.5,-70.5,4.4,1,395.5
-9.5,-63.0,4.6,1,10.0
-9.5,24.0,5.1,1,10.0
-9.5,25.5,4.7,1,10.0
-9.5,26.0,4.1,1,10.0
-9.5,27.5,4.6,1,10.0
-9.5,28.0,4.4,2,10.0
-9.5,28.5,5.1,3,11.636666666666665
-9.5,29.0,4.4,3,10.0
-9.5,33.5,4.6,2,10.0
-9.5,34.0,4.3,3,15.666666666666666
-9.5,34.5,4.0,1,10.0
-9.5,39.0,5.3,1,10.0
-9.5,66.0,5.6,1,10.0
-9.5,66.5,5.8,1,8.0
-9.5,67.0,5.6,18,10.0
-9.5,67.5,5.0,1,10.0
-9.5,97.0,4.5,1,10.0
-9.5,97.5,4.2,1,35.0
-9.5,98.0,5.1,1,10.0
-9.5,105.5,4.5,1,10.0
-9.5,106.0,4.7,2,27.8
-9.5,106.5,4.9,8,18.625
-9.5,107.0,5.7,37,16.598054054054057
-9.5,107.5,7.7,103,18.041747572815535
-9.5,108.0,5.3,79,16.788101265822785
-9.5,108.5,6.1,100,17.6219
-9.5,109.0,5.9,22,16.598181818181818
-9.5,109.5,4.8,8,26.9875
-9.5,110.0,4.9,15,28.245333333333335
-9.5,110.5,5.6,24,37.174166666666665
-9.5,111.0,5.1,6,35.655
-9.5,111.5,4.9,19,33.37736842105263
-9.5,112.0,5.5,37,37.25945945945946
-9.5,112.5,5.9,31,41.9576129032258
-9.5,113.0,5.8,130,44.89819230769231
-9.5,113.5,5.0,20,47.942949999999996
-9.5,114.0,5.1,53,50.33158490566038
-9.5,114.5,6.1,23,52.54095652173913
-9.5,115.0,5.1,14,46.99178571428571
-9.5,115.5,5.4,13,48.45230769230769
-9.5,116.0,4.8,16,54.916875000000005
-9.5,116.5,4.9,7,45.253142857142855
-9.5,117.0,4.5,14,43.084357142857144
-9.5,117.5,5.4,37,62.693918918918925
-9.5,118.0,5.2,39,52.96076923076922
-9.5,118.5,5.9,32,61.7671875
-9.5,119.0,6.0,58,42.16220689655172
-9.5,119.5,6.3,45,56.30266666666667
-9.5,120.0,5.4,27,62.20777777777777
-9.5,120.5,5.5,22,59.19013636363636
-9.5,121.0,5.1,12,68.42333333333333
-9.5,121.5,4.9,14,76.715
-9.5,122.0,4.9,17,62.46941176470588
-9.5,122.5,6.2,14,63.36785714285714
-9.5,123.0,6.7,20,68.4435
-9.5,123.5,5.1,25,68.9068
-9.5,124.0,5.5,44,68.15181818181817
-9.5,124.5,5.1,39,53.66489743589744
-9.5,125.0,5.4,43,31.35086046511628
-9.5,125.5,5.8,27,38.25851851851852
-9.5,126.0,4.7,10,55.636
-9.5,126.5,4.6,4,36.68
-9.5,127.0,4.7,2,95.65
-9.5,127.5,4.8,5,69.92
-9.5,128.0,4.5,5,65.82000000000001
-9.5,128.5,5.2,6,92.71666666666665
-9.5,129.0,4.2,2,202.3
-9.5,129.5,4.1,1,150.0
-9.5,130.0,4.5,1,47.4
-9.5,130.5,4.6,2,33.0
-9.5,138.5,4.5,1,33.0
-9.5,139.0,4.8,1,10.0
-9.5,146.5,4.6,1,45.32
-9.5,147.0,3.7,1,33.0
-9.5,147.5,4.6,1,33.0
-9.5,148.0,5.6,6,25.083333333333332
-9.5,148.5,4.9,12,20.102500000000003
-9.5,149.0,5.4,14,28.267142857142858
-9.5,149.5,3.7,1,33.0
-9.5,150.0,5.5,7,29.157142857142855
-9.5,150.5,5.7,18,34.464444444444446
-9.5,151.0,5.4,25,22.0704
-9.5,151.5,6.1,7,31.87142857142857
-9.5,152.0,5.8,6,21.886666666666667
-9.5,152.5,5.4,7,20.514285714285712
-9.5,153.0,4.7,1,48.4
-9.5,154.0,6.0,11,20.18
-9.5,154.5,5.9,18,20.545
-9.5,155.0,5.9,28,18.351785714285715
-9.5,155.5,5.5,57,23.967017543859647
-9.5,156.0,5.5,16,19.00625
-9.5,156.5,6.2,6,24.416666666666668
-9.5,157.0,6.1,8,26.6625
-9.5,157.5,5.2,14,29.330000000000002
-9.5,158.0,6.6,36,25.185277777777777
-9.5,158.5,6.7,30,23.888333333333332
-9.5,159.0,6.0,60,36.1045
-9.5,159.5,6.8,79,40.09573417721519
-9.5,160.0,5.2,24,34.4375
-9.5,160.5,5.5,11,71.7890909090909
-9.5,161.0,5.6,13,72.97769230769231
-9.5,161.5,5.2,12,52.96883333333333
-9.5,162.0,4.4,1,70.99
-9.5,165.5,4.0,1,33.0
-9.5,166.0,4.8,1,10.0
-9.0,-132.0,5.5,1,10.0
-9.0,-111.0,4.6,1,10.0
-9.0,-110.5,4.6,2,10.0
-9.0,-110.0,5.8,7,10.0
-9.0,-109.5,5.9,34,10.0
-9.0,-109.0,5.5,31,10.741935483870968
-9.0,-108.5,5.8,40,10.01975
-9.0,-108.0,6.1,18,10.0
-9.0,-107.5,4.3,1,10.0
-9.0,-106.0,4.8,1,10.0
-9.0,-81.0,4.7,1,10.0
-9.0,-80.5,5.2,4,28.3575
-9.0,-80.0,4.6,6,29.166666666666668
-9.0,-79.5,5.0,18,47.31366666666666
-9.0,-79.0,5.2,18,60.52316666666666
-9.0,-78.5,4.7,8,68.91499999999999
-9.0,-77.5,5.7,2,72.75
-9.0,-77.0,4.3,1,100.0
-9.0,-76.5,4.7,3,120.02333333333333
-9.0,-76.0,5.1,19,68.08684210526316
-9.0,-75.5,5.2,19,74.39999999999999
-9.0,-75.0,6.0,21,89.10095238095238
-9.0,-74.5,5.3,30,138.749
-9.0,-71.5,6.7,14,591.9618571428572
-9.0,-71.0,6.5,5,611.882
-9.0,-65.5,4.4,1,15.1
-9.0,-53.5,4.4,1,10.0
-9.0,25.0,4.1,1,10.0
-9.0,28.0,4.7,1,10.0
-9.0,28.5,4.5,1,10.0
-9.0,29.0,4.6,1,10.0
-9.0,29.5,4.4,1,10.0
-9.0,30.5,5.1,1,29.7
-9.0,31.5,4.4,2,11.16
-9.0,32.5,4.6,1,10.0
-9.0,40.5,4.3,1,10.0
-9.0,41.0,4.7,1,10.0
-9.0,67.0,5.8,11,10.216363636363637
-9.0,67.5,6.0,38,10.0
-9.0,68.0,5.2,5,10.0
-9.0,88.0,5.3,1,10.0
-9.0,93.0,4.7,1,10.0
-9.0,95.0,5.7,1,10.0
-9.0,95.5,5.4,1,21.6
-9.0,105.0,4.4,2,22.5
-9.0,105.5,5.1,6,21.491666666666664
-9.0,106.0,5.0,24,21.331666666666667
-9.0,106.5,5.8,13,29.58923076923077
-9.0,107.0,5.4,13,12.528461538461539
-9.0,107.5,5.9,30,17.133333333333333
-9.0,108.0,6.0,56,20.426785714285717
-9.0,108.5,5.5,26,28.368846153846157
-9.0,109.0,5.2,18,32.07361111111111
-9.0,109.5,5.8,11,42.159454545454544
-9.0,110.0,5.5,29,48.95627586206896
-9.0,110.5,6.0,60,45.064033333333334
-9.0,111.0,5.5,30,59.5623
-9.0,111.5,5.5,40,56.575649999999996
-9.0,112.0,5.4,24,58.992916666666666
-9.0,112.5,5.7,25,66.12396
-9.0,113.0,5.7,30,63.663266666666665
-9.0,113.5,4.9,17,55.14529411764706
-9.0,114.0,5.1,15,72.99199999999999
-9.0,114.5,5.0,8,58.067499999999995
-9.0,115.0,5.1,12,80.73333333333333
-9.0,115.5,5.7,20,79.59110000000001
-9.0,116.0,5.1,13,89.19846153846153
-9.0,116.5,4.9,11,51.723636363636366
-9.0,117.0,5.5,19,90.54452631578947
-9.0,117.5,5.1,21,88.33142857142857
-9.0,118.0,5.3,26,88.24076923076925
-9.0,118.5,6.3,36,80.44416666666666
-9.0,119.0,5.2,46,97.56065217391304
-9.0,119.5,5.9,28,95.06435714285715
-9.0,120.0,5.5,16,97.078125
-9.0,120.5,5.5,22,88.15954545454545
-9.0,121.0,4.7,6,58.98333333333333
-9.0,121.5,6.4,20,96.857
-9.0,122.0,5.1,13,53.89153846153847
-9.0,122.5,5.5,23,101.79147826086957
-9.0,123.0,5.3,27,73.72414814814815
-9.0,123.5,6.2,64,73.9981875
-9.0,124.0,5.7,182,75.80595054945056
-9.0,124.5,6.4,57,76.34866666666666
-9.0,125.0,5.7,30,41.236
-9.0,125.5,5.3,38,30.821578947368423
-9.0,126.0,4.7,15,24.066666666666666
-9.0,126.5,5.7,10,30.501299999999997
-9.0,127.0,5.7,43,38.149069767441866
-9.0,127.5,5.0,19,46.763684210526314
-9.0,128.0,4.7,7,137.12857142857143
-9.0,128.5,4.9,9,90.25555555555555
-9.0,129.0,4.9,5,61.17999999999999
-9.0,129.5,4.6,10,70.818
-9.0,130.0,4.3,5,89.67999999999999
-9.0,130.5,4.6,10,40.78
-9.0,131.0,4.2,2,34.0
-9.0,131.5,4.5,1,33.0
-9.0,132.5,4.6,1,33.0
-9.0,134.0,4.7,2,33.0
-9.0,134.5,4.6,1,10.0
-9.0,143.5,4.4,1,10.0
-9.0,147.0,5.2,2,10.0
-9.0,148.0,5.1,3,59.934666666666665
-9.0,149.0,4.0,1,57.68
-9.0,149.5,4.4,3,33.0
-9.0,150.0,5.4,6,47.166666666666664
-9.0,150.5,4.7,5,30.682
-9.0,151.0,4.4,1,33.0
-9.0,152.5,6.1,4,27.0
-9.0,153.0,4.7,7,29.34
-9.0,153.5,4.9,5,24.375999999999998
-9.0,154.0,5.1,7,19.857142857142858
-9.0,154.5,6.6,2,21.5
-9.0,155.0,4.8,2,10.0
-9.0,155.5,4.2,1,23.42
-9.0,156.0,4.9,5,23.8
-9.0,156.5,5.4,9,20.1
-9.0,157.0,5.6,10,43.6
-9.0,157.5,7.1,107,26.746542056074766
-9.0,158.0,6.0,112,27.61455357142857
-9.0,158.5,7.2,61,26.387377049180326
-9.0,159.0,5.4,40,120.847775
-9.0,159.5,6.1,16,145.430625
-9.0,160.0,4.4,5,63.605999999999995
-9.0,160.5,5.0,8,58.48175
-9.0,161.0,5.8,24,39.78625
-9.0,163.0,4.0,1,33.0
-8.5,-170.0,5.0,1,10.0
-8.5,-109.5,5.2,2,10.0
-8.5,-109.0,5.5,5,10.0
-8.5,-108.5,4.6,3,10.0
-8.5,-108.0,4.6,5,10.0
-8.5,-107.5,4.3,1,10.0
-8.5,-97.5,4.9,1,10.0
-8.5,-81.5,4.8,2,10.0
-8.5,-81.0,5.0,3,24.340000000000003
-8.5,-80.5,5.7,14,26.61885714285714
-8.5,-80.0,5.8,42,37.786023809523805
-8.5,-79.5,4.9,14,48.615
-8.5,-79.0,4.9,8,51.64125
-8.5,-78.5,4.9,1,106.13
-8.5,-77.5,4.6,1,67.43
-8.5,-76.5,5.5,5,79.47999999999999
-8.5,-76.0,5.4,16,55.120000000000005
-8.5,-75.5,5.2,17,59.696470588235286
-8.5,-75.0,5.4,28,128.15714285714287
-8.5,-74.5,6.1,75,145.68546666666666
-8.5,-74.0,6.0,35,155.86462857142857
-8.5,-73.5,4.4,1,33.0
-8.5,-71.5,6.9,10,567.5616
-8.5,-70.5,4.2,1,648.0
-8.5,-69.0,3.9,1,300.0
-8.5,-50.5,4.0,1,12.5
-8.5,-13.5,4.2,1,10.0
-8.5,21.5,4.6,1,10.0
-8.5,26.5,5.0,3,10.0
-8.5,27.0,4.7,3,10.0
-8.5,27.5,4.3,1,10.0
-8.5,30.0,5.9,10,19.284
-8.5,30.5,5.0,2,19.95
-8.5,32.0,4.7,1,10.0
-8.5,32.5,4.7,3,10.0
-8.5,33.0,4.1,1,10.0
-8.5,38.0,3.7,1,10.0
-8.5,38.5,4.7,3,17.666666666666668
-8.5,39.5,4.9,1,10.0
-8.5,44.0,4.7,1,32.1
-8.5,67.0,4.6,1,10.0
-8.5,67.5,4.9,7,10.0
-8.5,68.0,5.7,8,10.0
-8.5,68.5,4.6,3,11.556666666666667
-8.5,69.0,4.7,1,10.0
-8.5,102.5,4.4,1,10.0
-8.5,104.0,5.6,5,10.548
-8.5,104.5,4.5,1,30.0
-8.5,105.0,4.6,4,26.1025
-8.5,105.5,5.0,16,27.693125
-8.5,106.0,5.4,14,25.885714285714283
-8.5,106.5,5.7,12,26.916666666666668
-8.5,107.0,5.7,7,32.27842857142857
-8.5,107.5,4.9,10,39.064
-8.5,108.0,5.3,15,48.226
-8.5,108.5,5.3,18,60.83200000000001
-8.5,109.0,5.4,34,64.82785294117647
-8.5,109.5,4.9,12,65.2275
-8.5,110.0,5.9,19,75.07005263157895
-8.5,110.5,5.8,19,59.83842105263158
-8.5,111.0,6.1,36,66.28802777777778
-8.5,111.5,5.1,38,82.89631578947369
-8.5,112.0,5.1,9,67.12444444444445
-8.5,112.5,6.0,53,85.82262264150944
-8.5,113.0,5.2,21,111.74761904761904
-8.5,113.5,5.1,11,79.5660909090909
-8.5,114.0,5.6,3,113.31666666666666
-8.5,114.5,5.5,18,85.44944444444444
-8.5,115.0,4.6,11,96.84727272727272
-8.5,115.5,5.6,27,72.62551851851852
-8.5,116.0,5.9,66,24.07969696969697
-8.5,116.5,6.9,61,20.181311475409835
-8.5,117.0,5.7,82,29.967243902439023
-8.5,117.5,5.5,33,66.99230303030303
-8.5,118.0,5.5,29,90.58624137931035
-8.5,118.5,6.5,137,115.65339416058394
-8.5,119.0,6.3,45,108.19744444444444
-8.5,119.5,5.7,74,142.9120945945946
-8.5,120.0,5.2,39,155.66958974358974
-8.5,120.5,6.5,42,136.1842380952381
-8.5,121.0,4.7,28,137.14892857142857
-8.5,121.5,5.8,62,94.55003225806452
-8.5,122.0,7.8,53,80.30954716981132
-8.5,122.5,5.9,42,66.17995238095239
-8.5,123.0,5.6,33,119.10709090909091
-8.5,123.5,5.3,38,110.33376315789474
-8.5,124.0,4.9,54,101.74296296296296
-8.5,124.5,5.3,45,26.139555555555553
-8.5,125.0,6.9,61,25.288524590163934
-8.5,125.5,5.4,18,24.816111111111113
-8.5,126.0,4.6,6,80.0145
-8.5,126.5,4.8,4,81.94999999999999
-8.5,127.0,6.2,10,57.3
-8.5,127.5,5.9,26,37.51653846153847
-8.5,128.0,5.2,30,71.43233333333333
-8.5,128.5,5.0,43,48.79372093023256
-8.5,129.0,4.9,21,38.22047619047619
-8.5,129.5,5.1,21,81.26619047619049
-8.5,130.0,4.7,15,63.43333333333333
-8.5,130.5,5.0,13,30.39846153846154
-8.5,131.0,4.5,2,33.0
-8.5,131.5,4.8,2,17.5
-8.5,132.0,4.2,1,15.1
-8.5,132.5,4.6,1,33.0
-8.5,133.5,3.7,2,10.0
-8.5,134.0,4.3,3,18.3
-8.5,135.0,5.0,4,10.97
-8.5,145.5,4.2,1,14.87
-8.5,146.5,5.2,5,53.544
-8.5,147.0,3.6,1,15.0
-8.5,147.5,4.9,8,64.79875
-8.5,148.0,5.6,19,109.33842105263157
-8.5,148.5,4.1,8,67.37125
-8.5,149.0,4.4,6,58.61666666666667
-8.5,149.5,5.8,8,89.64125
-8.5,150.0,4.9,8,84.3775
-8.5,150.5,4.8,2,21.5
-8.5,151.0,4.4,1,13.88
-8.5,151.5,4.2,1,10.0
-8.5,152.0,3.9,1,33.0
-8.5,153.5,4.0,1,33.0
-8.5,154.5,5.2,5,24.6
-8.5,155.0,4.4,1,10.0
-8.5,155.5,4.5,2,385.38
-8.5,156.0,4.7,2,21.5
-8.5,156.5,5.9,33,24.475757575757576
-8.5,157.0,8.1,68,22.473823529411764
-8.5,157.5,6.6,111,21.798648648648648
-8.5,158.0,5.3,12,34.425000000000004
-8.5,158.5,5.9,25,122.87072
-8.5,159.0,5.7,53,118.57575471698114
-8.5,159.5,5.1,23,75.63030434782608
-8.5,160.0,5.5,14,55.528571428571425
-8.5,160.5,6.2,13,44.40692307692307
-8.5,161.0,5.2,6,50.84
-8.5,162.0,4.3,1,35.0
-8.5,163.5,4.9,3,12.446666666666667
-8.5,166.0,4.7,1,15.3
-8.0,-132.0,4.4,1,10.0
-8.0,-109.5,4.4,2,10.0
-8.0,-108.5,5.0,1,10.0
-8.0,-107.5,4.7,1,10.0
-8.0,-107.0,4.9,1,10.0
-8.0,-102.5,4.1,1,10.0
-8.0,-97.5,4.5,1,22.9
-8.0,-83.0,5.1,1,33.0
-8.0,-81.0,4.6,1,33.0
-8.0,-80.5,4.9,1,39.9
-8.0,-80.0,5.8,13,41.02307692307692
-8.0,-79.5,4.8,4,69.0
-8.0,-79.0,4.6,5,59.424
-8.0,-78.5,4.7,2,88.4
-8.0,-78.0,4.6,4,44.15
-8.0,-77.5,4.7,3,47.458
-8.0,-77.0,3.7,1,33.0
-8.0,-76.5,5.2,4,101.46000000000001
-8.0,-76.0,5.2,13,109.55461538461539
-8.0,-75.5,4.9,8,46.1625
-8.0,-75.0,4.7,4,104.525
-8.0,-74.5,6.1,123,149.1559593495935
-8.0,-74.0,6.6,15,163.30066666666667
-8.0,-73.5,4.8,3,80.66666666666667
-8.0,-72.0,4.1,1,600.0
-8.0,-71.5,6.8,11,604.2596363636363
-8.0,-71.0,5.4,2,615.5
-8.0,-50.0,4.2,1,10.0
-8.0,-14.0,4.3,1,10.0
-8.0,-13.5,5.6,43,9.925581395348837
-8.0,-11.5,4.2,1,10.0
-8.0,12.0,5.3,1,10.0
-8.0,21.5,4.2,1,10.0
-8.0,29.5,4.7,1,10.0
-8.0,30.5,6.5,11,22.636363636363637
-8.0,31.0,4.7,1,10.0
-8.0,32.0,5.5,6,12.049999999999999
-8.0,33.0,4.1,1,10.0
-8.0,37.5,4.2,1,10.0
-8.0,38.0,4.9,2,12.26
-8.0,38.5,4.3,1,10.0
-8.0,67.5,4.6,2,10.0
-8.0,68.0,5.3,36,10.037500000000001
-8.0,68.5,4.6,7,10.0
-8.0,84.0,4.7,1,10.0
-8.0,93.5,5.4,1,10.0
-8.0,101.0,5.1,1,20.0
-8.0,102.5,5.0,1,10.0
-8.0,103.0,4.4,2,21.5
-8.0,103.5,4.6,3,19.12333333333333
-8.0,104.0,5.2,15,19.032
-8.0,104.5,4.9,16,17.945625
-8.0,105.0,5.8,6,20.55
-8.0,105.5,5.1,4,29.2
-8.0,106.0,4.8,11,50.18545454545454
-8.0,106.5,5.2,18,38.957277777777776
-8.0,107.0,5.5,64,43.78671875
-8.0,107.5,7.0,73,46.995260273972605
-8.0,108.0,5.9,100,60.21157
-8.0,108.5,5.6,23,82.27565217391304
-8.0,109.0,5.6,54,80.8067962962963
-8.0,109.5,6.1,13,89.82538461538462
-8.0,110.0,6.3,6,75.36833333333333
-8.0,110.5,6.3,22,41.51499999999999
-8.0,111.0,4.8,6,90.995
-8.0,111.5,5.0,14,124.00142857142858
-8.0,112.0,5.2,9,119.29222222222224
-8.0,112.5,6.6,10,135.291
-8.0,113.0,4.9,4,56.325
-8.0,113.5,4.5,7,159.50857142857143
-8.0,114.0,4.5,8,136.1075
-8.0,114.5,4.9,7,51.09571428571428
-8.0,115.0,5.0,18,67.59
-8.0,115.5,4.9,18,100.70811111111112
-8.0,116.0,5.2,18,176.6896111111111
-8.0,116.5,5.8,45,80.64164444444444
-8.0,117.0,4.9,31,130.49648387096775
-8.0,117.5,5.9,72,111.4912361111111
-8.0,118.0,5.6,88,61.642590909090906
-8.0,118.5,6.6,108,66.35163888888889
-8.0,119.0,5.0,58,52.87896551724138
-8.0,119.5,5.4,56,158.1911607142857
-8.0,120.0,6.0,109,164.63973394495412
-8.0,120.5,5.9,103,53.12293203883495
-8.0,121.0,5.6,27,54.22777777777778
-8.0,121.5,5.4,23,126.48782608695652
-8.0,122.0,5.8,28,146.87342857142858
-8.0,122.5,6.1,55,161.6429272727273
-8.0,123.0,5.4,81,200.02874074074074
-8.0,123.5,5.5,51,129.7741176470588
-8.0,124.0,5.4,59,146.79359322033898
-8.0,124.5,6.9,33,55.14121212121212
-8.0,125.0,7.5,85,18.005929411764704
-8.0,125.5,6.1,79,16.053037974683544
-8.0,126.0,5.1,26,20.61346153846154
-8.0,126.5,5.1,8,119.75625000000001
-8.0,127.0,5.4,10,78.47200000000001
-8.0,127.5,5.1,43,123.55927906976744
-8.0,128.0,4.7,48,103.84866666666666
-8.0,128.5,6.2,59,107.30857627118644
-8.0,129.0,5.6,58,82.61401724137932
-8.0,129.5,5.9,45,75.85146666666667
-8.0,130.0,5.6,27,61.42111111111111
-8.0,130.5,5.2,33,57.4669696969697
-8.0,131.0,5.1,12,74.82833333333333
-8.0,131.5,4.2,2,61.95
-8.0,132.0,4.5,3,126.8
-8.0,133.5,4.4,2,23.990000000000002
-8.0,134.0,4.7,1,33.0
-8.0,136.0,6.0,2,47.35
-8.0,146.0,4.4,1,33.0
-8.0,146.5,5.4,12,46.541666666666664
-8.0,147.0,5.0,15,59.04933333333334
-8.0,147.5,5.9,20,59.105
-8.0,148.0,7.0,17,68.37705882352941
-8.0,148.5,4.6,9,66.22666666666666
-8.0,149.0,4.6,2,37.2
-8.0,149.5,5.5,9,63.84444444444445
-8.0,150.0,4.8,2,38.955
-8.0,150.5,4.8,3,30.8
-8.0,151.0,4.7,3,34.96
-8.0,151.5,4.9,3,24.233333333333334
-8.0,153.5,4.4,2,21.5
-8.0,154.0,5.2,2,32.4
-8.0,154.5,6.7,14,22.37142857142857
-8.0,155.0,4.8,6,33.833333333333336
-8.0,155.5,5.5,16,19.3
-8.0,156.0,6.1,55,20.610545454545452
-8.0,156.5,6.4,47,19.23191489361702
-8.0,157.0,5.8,13,20.382307692307695
-8.0,157.5,5.0,4,28.35
-8.0,158.0,5.0,12,57.64666666666667
-8.0,158.5,6.2,44,65.43627272727272
-8.0,159.0,6.2,21,48.21857142857143
-8.0,159.5,5.1,10,32.569
-8.0,160.0,4.5,2,55.44499999999999
-8.0,160.5,5.3,3,27.916666666666668
-8.0,161.0,6.0,16,11.46
-8.0,161.5,4.7,1,10.0
-7.5,-119.0,5.2,1,33.0
-7.5,-107.5,4.6,1,10.0
-7.5,-106.5,5.5,1,10.0
-7.5,-97.5,4.5,1,10.0
-7.5,-83.0,4.3,1,10.0
-7.5,-81.5,5.1,3,33.0
-7.5,-81.0,4.8,2,21.5
-7.5,-80.5,4.3,2,34.0
-7.5,-80.0,4.1,1,30.0
-7.5,-79.5,5.1,2,64.405
-7.5,-79.0,4.4,1,33.0
-7.5,-78.5,3.3,1,187.4
-7.5,-78.0,6.0,1,129.9
-7.5,-77.5,4.8,3,55.43333333333334
-7.5,-77.0,5.2,1,61.8
-7.5,-76.5,5.3,5,91.92
-7.5,-76.0,4.8,7,84.13000000000001
-7.5,-75.5,5.1,15,70.48353333333333
-7.5,-75.0,5.3,7,123.38842857142858
-7.5,-74.5,7.0,17,147.94588235294117
-7.5,-74.0,5.4,1,180.4
-7.5,-73.5,5.2,4,167.4
-7.5,-71.5,7.1,2,558.8
-7.5,-14.0,4.7,7,10.0
-7.5,-13.5,5.8,53,9.971509433962265
-7.5,-13.0,5.0,8,10.9725
-7.5,-12.5,4.8,2,10.0
-7.5,22.0,4.8,1,15.7
-7.5,28.0,5.0,4,11.225
-7.5,30.0,5.2,1,10.0
-7.5,30.5,5.9,14,10.0
-7.5,31.0,3.7,1,10.0
-7.5,31.5,5.6,3,10.0
-7.5,32.0,5.9,2,31.85
-7.5,35.0,4.3,1,10.0
-7.5,35.5,4.6,1,10.0
-7.5,36.0,4.5,1,10.0
-7.5,37.5,5.6,9,9.555555555555555
-7.5,38.0,4.8,3,10.0
-7.5,39.5,4.3,2,12.3
-7.5,40.0,6.0,3,12.516666666666666
-7.5,67.0,4.5,1,10.0
-7.5,67.5,4.8,5,10.0
-7.5,68.0,5.4,20,10.0
-7.5,68.5,5.0,7,10.0
-7.5,69.0,4.9,4,8.28
-7.5,81.5,4.8,1,17.8
-7.5,83.0,5.6,1,10.0
-7.5,87.5,5.0,1,10.0
-7.5,96.0,5.0,1,10.0
-7.5,99.0,4.8,1,33.0
-7.5,102.0,5.9,2,21.415
-7.5,102.5,4.5,1,29.5
-7.5,103.0,5.0,11,23.33818181818182
-7.5,103.5,5.1,10,16.884999999999998
-7.5,104.0,4.5,6,46.10999999999999
-7.5,104.5,5.0,16,28.543125
-7.5,105.0,6.9,8,23.86875
-7.5,105.5,5.8,12,25.664166666666663
-7.5,106.0,5.4,63,38.525333333333336
-7.5,106.5,5.9,42,46.927238095238096
-7.5,107.0,5.4,53,62.96296226415094
-7.5,107.5,5.1,25,56.8584
-7.5,108.0,6.5,34,67.87429411764707
-7.5,108.5,4.8,11,107.89818181818183
-7.5,109.0,4.6,3,116.46666666666665
-7.5,109.5,4.7,4,87.126
-7.5,110.0,4.8,5,41.001999999999995
-7.5,110.5,3.7,2,22.5
-7.5,111.0,4.7,1,150.0
-7.5,111.5,5.1,7,66.63857142857144
-7.5,112.0,4.5,9,140.23777777777778
-7.5,112.5,4.5,7,140.55614285714287
-7.5,113.0,4.7,4,67.965
-7.5,114.0,3.5,1,33.0
-7.5,114.5,6.0,7,26.565714285714282
-7.5,115.0,4.6,1,17.1
-7.5,115.5,6.0,9,313.38222222222225
-7.5,116.0,4.8,5,213.254
-7.5,116.5,4.7,6,304.1616666666667
-7.5,117.0,5.7,24,246.25250000000003
-7.5,117.5,5.8,32,288.9214375
-7.5,118.0,4.6,8,213.675
-7.5,118.5,5.0,10,225.79899999999998
-7.5,119.0,4.9,13,117.6
-7.5,119.5,5.0,50,256.60206
-7.5,120.0,6.5,62,470.37854838709677
-7.5,120.5,7.1,58,454.64456896551724
-7.5,121.0,4.9,25,334.69148
-7.5,121.5,5.5,25,170.57568
-7.5,122.0,7.3,27,211.3115185185185
-7.5,122.5,7.0,34,325.5233529411765
-7.5,123.0,5.4,30,400.89599999999996
-7.5,123.5,6.3,21,393.76995238095236
-7.5,124.0,4.8,24,380.12375
-7.5,124.5,6.4,14,375.73728571428575
-7.5,125.0,5.6,33,354.24742424242424
-7.5,125.5,5.9,24,244.76833333333335
-7.5,126.0,6.0,46,167.7285
-7.5,126.5,6.6,60,278.12781666666666
-7.5,127.0,5.7,49,186.62491836734694
-7.5,127.5,7.3,221,136.22306334841628
-7.5,128.0,6.7,350,132.03954
-7.5,128.5,6.4,649,133.2920061633282
-7.5,129.0,6.0,298,122.3830033557047
-7.5,129.5,5.4,151,112.77354966887418
-7.5,130.0,5.5,72,75.05529166666666
-7.5,130.5,5.3,56,40.77133928571429
-7.5,131.0,6.0,16,67.820625
-7.5,131.5,4.6,2,66.45
-7.5,132.0,4.5,5,66.14
-7.5,132.5,4.8,3,108.95666666666666
-7.5,133.0,3.6,1,33.0
-7.5,133.5,4.9,2,33.0
-7.5,134.0,5.2,3,26.043333333333333
-7.5,134.5,4.9,1,33.0
-7.5,139.0,4.2,1,33.0
-7.5,143.0,4.2,1,33.0
-7.5,144.0,5.3,20,29.086000000000002
-7.5,144.5,4.6,2,22.5
-7.5,145.0,5.6,9,37.36333333333333
-7.5,145.5,4.6,4,31.9
-7.5,146.0,5.1,16,142.575
-7.5,146.5,4.7,14,86.41
-7.5,147.0,7.1,31,49.31235483870968
-7.5,147.5,4.9,17,61.66705882352941
-7.5,148.0,4.9,16,57.6294375
-7.5,148.5,5.4,13,51.566923076923075
-7.5,149.0,4.9,2,49.0
-7.5,149.5,4.9,5,43.318
-7.5,150.0,4.9,3,60.27
-7.5,150.5,4.8,6,28.043333333333333
-7.5,151.0,6.6,14,30.25714285714286
-7.5,151.5,4.7,3,40.666666666666664
-7.5,152.0,5.7,2,34.0
-7.5,153.5,4.8,4,53.05
-7.5,154.0,5.1,7,59.15714285714286
-7.5,154.5,5.4,91,31.686373626373626
-7.5,155.0,5.2,133,29.997593984962403
-7.5,155.5,6.9,159,26.718176100628927
-7.5,156.0,6.7,233,34.313708154506436
-7.5,156.5,5.7,52,49.27273076923076
-7.5,157.0,5.8,24,227.42133333333334
-7.5,157.5,5.1,3,26.233333333333334
-7.5,158.0,5.8,16,33.890625
-7.5,158.5,5.0,9,41.66777777777778
-7.5,159.0,5.2,8,36.025
-7.5,159.5,6.4,1,29.0
-7.5,160.0,4.2,1,6.16
-7.5,160.5,4.4,1,35.0
-7.5,161.5,5.2,1,21.7
-7.0,-122.5,4.6,2,10.0
-7.0,-122.0,4.8,1,10.0
-7.0,-119.0,5.0,1,33.0
-7.0,-107.5,5.4,2,10.0
-7.0,-107.0,5.1,2,10.0
-7.0,-81.5,5.3,3,22.096666666666664
-7.0,-81.0,5.3,6,34.48666666666667
-7.0,-80.5,6.3,24,37.63375
-7.0,-80.0,5.0,4,35.01
-7.0,-79.5,4.7,2,53.0
-7.0,-78.0,5.0,2,70.11
-7.0,-77.5,3.7,1,136.5
-7.0,-77.0,5.2,4,49.025
-7.0,-76.5,4.6,6,107.88666666666667
-7.0,-76.0,5.0,12,79.82083333333333
-7.0,-75.5,4.5,5,38.678
-7.0,-75.0,4.5,4,104.4375
-7.0,-74.5,4.6,4,126.49
-7.0,-74.0,4.4,2,88.3
-7.0,-72.5,4.8,2,12.695
-7.0,-72.0,5.2,1,519.4
-7.0,-71.5,4.0,1,520.6
-7.0,-22.0,5.2,4,10.0
-7.0,-14.0,4.8,2,12.48
-7.0,-13.5,4.9,5,10.0
-7.0,-13.0,6.0,28,10.0
-7.0,-12.5,6.0,24,10.0
-7.0,-12.0,5.1,5,10.012
-7.0,-11.5,5.6,7,10.0
-7.0,-11.0,4.5,1,10.0
-7.0,28.0,5.0,2,10.0
-7.0,30.0,5.4,6,14.516666666666666
-7.0,30.5,4.5,2,10.0
-7.0,31.0,4.8,2,10.0
-7.0,31.5,4.1,1,10.0
-7.0,36.0,4.4,2,10.0
-7.0,38.0,4.2,1,10.0
-7.0,39.5,4.8,2,10.0
-7.0,40.0,4.8,2,10.0
-7.0,67.5,4.7,3,10.0
-7.0,68.0,5.6,33,9.993030303030302
-7.0,68.5,5.0,2,10.0
-7.0,69.0,4.7,1,10.0
-7.0,69.5,4.3,1,10.0
-7.0,71.0,4.5,1,10.0
-7.0,71.5,4.8,4,10.0
-7.0,72.0,5.2,9,10.2
-7.0,72.5,4.8,2,10.45
-7.0,73.0,4.7,2,10.0
-7.0,83.0,4.8,1,10.0
-7.0,89.0,4.4,1,10.0
-7.0,94.0,5.1,1,10.0
-7.0,100.5,4.4,1,25.8
-7.0,101.0,5.5,1,9.0
-7.0,101.5,4.6,3,24.666666666666668
-7.0,102.0,5.3,6,21.293333333333333
-7.0,102.5,5.2,13,23.193076923076923
-7.0,103.0,5.2,15,22.076666666666664
-7.0,103.5,5.8,28,25.72714285714286
-7.0,104.0,6.5,51,23.356784313725488
-7.0,104.5,5.0,15,29.365333333333336
-7.0,105.0,5.8,53,35.19350943396226
-7.0,105.5,6.6,66,44.43153030303031
-7.0,106.0,5.9,54,53.31101851851852
-7.0,106.5,5.4,48,75.44625
-7.0,107.0,5.6,37,80.11710810810811
-7.0,107.5,5.7,22,82.2249090909091
-7.0,108.0,5.5,9,77.764
-7.0,108.5,5.0,7,111.97714285714285
-7.0,109.0,5.1,13,129.98461538461538
-7.0,109.5,4.5,1,10.0
-7.0,110.0,4.6,4,212.175
-7.0,110.5,4.1,2,244.6725
-7.0,111.0,4.3,1,89.1
-7.0,111.5,4.4,4,239.51999999999998
-7.0,112.0,4.5,4,156.925
-7.0,112.5,4.3,4,147.94325
-7.0,113.0,4.2,1,150.0
-7.0,114.5,4.6,1,21.3
-7.0,115.0,4.5,1,33.0
-7.0,115.5,4.2,1,382.0
-7.0,116.0,4.6,4,264.25
-7.0,116.5,6.5,4,516.4
-7.0,117.0,5.8,20,522.7532
-7.0,117.5,6.1,9,541.0083333333333
-7.0,118.0,4.6,3,128.00666666666666
-7.0,118.5,4.6,2,79.85
-7.0,119.0,4.5,4,521.325
-7.0,119.5,5.4,4,331.025
-7.0,120.0,6.3,12,492.9256666666667
-7.0,120.5,5.7,42,529.9845238095238
-7.0,121.0,4.6,12,315.03749999999997
-7.0,121.5,6.6,4,135.225
-7.0,122.0,4.8,5,324.6
-7.0,122.5,7.9,23,477.01030434782604
-7.0,123.0,6.7,21,536.5180952380952
-7.0,123.5,6.9,30,597.7728000000001
-7.0,124.0,6.2,18,533.3127777777778
-7.0,124.5,5.2,16,527.5308125
-7.0,125.0,6.3,129,523.1033565891473
-7.0,125.5,5.9,110,497.07077272727275
-7.0,126.0,5.8,31,485.78690322580644
-7.0,126.5,5.2,49,401.2542244897959
-7.0,127.0,5.0,97,381.72088659793815
-7.0,127.5,5.9,62,309.56448387096776
-7.0,128.0,5.8,66,185.60983333333334
-7.0,128.5,6.4,104,94.52383653846154
-7.0,129.0,7.1,354,116.92265536723164
-7.0,129.5,6.2,744,128.90581048387097
-7.0,130.0,7.6,317,110.91614195583597
-7.0,130.5,5.9,122,80.13995901639345
-7.0,131.0,6.0,42,58.898142857142865
-7.0,131.5,6.3,23,47.81604347826087
-7.0,132.0,5.7,13,31.844615384615388
-7.0,132.5,5.4,12,36.442
-7.0,133.0,4.5,2,26.490000000000002
-7.0,133.5,4.4,3,19.026666666666667
-7.0,134.0,3.9,1,33.0
-7.0,139.5,4.4,1,10.0
-7.0,142.5,5.1,2,21.5
-7.0,143.0,4.8,4,27.75
-7.0,143.5,5.4,10,59.134299999999996
-7.0,144.0,6.6,44,24.31590909090909
-7.0,144.5,5.2,19,37.65157894736842
-7.0,145.0,5.2,18,29.657222222222224
-7.0,145.5,4.5,8,53.18
-7.0,146.0,5.9,36,139.67138888888888
-7.0,146.5,7.1,44,35.44931818181818
-7.0,147.0,5.8,57,53.984298245614035
-7.0,147.5,5.8,89,60.14391011235955
-7.0,148.0,5.3,59,54.057610169491525
-7.0,148.5,6.2,36,39.87305555555556
-7.0,149.0,5.1,11,48.64545454545455
-7.0,149.5,5.6,20,48.412
-7.0,150.0,5.8,50,40.294200000000004
-7.0,150.5,5.5,72,37.03069444444444
-7.0,151.0,5.1,28,37.965714285714284
-7.0,151.5,4.6,3,90.96666666666665
-7.0,152.0,4.4,4,135.91
-7.0,152.5,5.7,12,37.85333333333333
-7.0,153.0,4.6,3,47.666666666666664
-7.0,153.5,5.4,20,38.771499999999996
-7.0,154.0,5.5,44,47.062272727272735
-7.0,154.5,7.1,210,38.08215714285714
-7.0,155.0,7.5,497,34.27377665995976
-7.0,155.5,6.8,352,46.42482954545455
-7.0,156.0,6.6,256,62.250359375
-7.0,156.5,6.2,28,94.24239285714286
-7.0,157.0,5.5,3,82.78333333333335
-7.0,157.5,5.1,4,65.85
-7.0,158.0,3.9,2,34.0
-7.0,158.5,4.5,1,35.0
-7.0,159.0,4.1,1,10.0
-7.0,160.0,6.2,1,27.0
-6.5,-122.5,5.1,2,10.0
-6.5,-122.0,5.2,3,10.0
-6.5,-108.0,4.6,1,10.0
-6.5,-107.5,5.5,13,10.0
-6.5,-107.0,5.6,10,10.0
-6.5,-103.0,4.8,1,10.0
-6.5,-85.0,4.7,3,56.46666666666666
-6.5,-82.0,4.7,1,10.0
-6.5,-81.5,4.5,3,33.623333333333335
-6.5,-81.0,6.0,19,33.55263157894737
-6.5,-80.5,4.8,15,39.931799999999996
-6.5,-80.0,4.2,4,82.125
-6.5,-79.5,4.6,3,66.46133333333333
-6.5,-79.0,4.9,2,37.03
-6.5,-78.5,4.5,1,33.0
-6.5,-77.5,4.1,1,93.13
-6.5,-77.0,5.7,7,75.23428571428572
-6.5,-76.5,4.7,7,71.99142857142857
-6.5,-76.0,5.1,10,75.369
-6.5,-75.5,5.1,12,28.40833333333333
-6.5,-75.0,5.2,4,112.8
-6.5,-74.5,4.5,1,162.8
-6.5,-72.0,4.1,2,452.741
-6.5,-71.0,5.4,1,627.6
-6.5,-13.5,4.8,2,10.0
-6.5,-13.0,4.7,3,10.0
-6.5,-12.0,5.4,4,10.0
-6.5,-11.5,5.3,9,10.0
-6.5,-11.0,5.0,13,9.967692307692309
-6.5,26.5,5.2,4,10.0
-6.5,27.0,5.0,5,10.456
-6.5,27.5,3.6,1,10.0
-6.5,29.5,5.8,8,9.75
-6.5,30.0,5.0,11,10.0
-6.5,30.5,5.4,1,25.0
-6.5,31.0,4.7,9,10.0
-6.5,33.0,4.5,1,10.0
-6.5,35.0,4.3,1,10.0
-6.5,35.5,4.5,1,10.0
-6.5,39.5,4.4,1,10.0
-6.5,68.0,4.8,2,10.0
-6.5,68.5,5.1,8,10.0
-6.5,69.5,5.1,2,12.844999999999999
-6.5,71.0,4.5,3,11.61
-6.5,71.5,5.4,9,11.366666666666667
-6.5,72.0,4.7,2,10.0
-6.5,72.5,4.5,3,10.0
-6.5,73.0,4.6,1,10.0
-6.5,92.0,4.6,1,10.0
-6.5,95.5,4.3,1,10.0
-6.5,98.0,4.5,2,5.8
-6.5,98.5,5.7,1,33.0
-6.5,100.0,4.2,1,35.0
-6.5,100.5,4.5,1,33.6
-6.5,101.0,4.2,1,33.0
-6.5,101.5,4.6,3,25.0
-6.5,102.0,5.5,9,25.535555555555554
-6.5,102.5,4.9,14,20.327142857142857
-6.5,103.0,4.9,9,28.82222222222222
-6.5,103.5,5.2,73,32.30949315068493
-6.5,104.0,6.1,68,42.16988235294118
-6.5,104.5,5.7,58,43.17331034482759
-6.5,105.0,6.1,60,44.33988333333333
-6.5,105.5,6.8,32,51.795
-6.5,106.0,5.4,20,101.5175
-6.5,106.5,5.2,25,115.11200000000001
-6.5,107.0,5.8,17,103.64529411764705
-6.5,107.5,4.8,6,106.51916666666666
-6.5,108.0,4.9,5,156.10399999999998
-6.5,108.5,4.3,5,270.476
-6.5,109.0,4.6,5,234.852
-6.5,109.5,4.6,4,246.1825
-6.5,110.5,4.4,1,53.75
-6.5,111.0,4.0,1,10.0
-6.5,111.5,4.5,2,145.9
-6.5,112.0,4.1,1,10.0
-6.5,112.5,3.7,1,10.0
-6.5,113.5,5.6,4,47.9
-6.5,114.0,4.3,1,568.0
-6.5,114.5,4.9,4,546.75
-6.5,115.5,4.9,2,537.81
-6.5,116.0,4.8,1,554.5
-6.5,117.0,4.4,1,49.4
-6.5,117.5,4.0,1,559.6
-6.5,119.5,4.3,1,10.0
-6.5,120.5,4.8,2,10.0
-6.5,121.5,4.4,3,14.436666666666667
-6.5,122.0,4.8,1,10.0
-6.5,122.5,4.9,4,23.275
-6.5,123.0,5.0,3,190.0
-6.5,123.5,6.9,3,636.3966666666666
-6.5,124.0,4.6,4,328.1225
-6.5,124.5,5.2,7,393.9942857142857
-6.5,125.0,4.9,7,555.6142857142858
-6.5,125.5,5.5,14,525.6122142857142
-6.5,126.0,4.5,4,494.5
-6.5,126.5,4.8,6,394.06750000000005
-6.5,127.0,6.9,19,427.2342105263158
-6.5,127.5,5.7,63,400.8820634920635
-6.5,128.0,6.1,111,339.9267117117117
-6.5,128.5,5.6,125,281.59344799999997
-6.5,129.0,7.3,111,190.58135135135134
-6.5,129.5,5.4,229,129.96218340611352
-6.5,130.0,7.1,664,130.97797590361446
-6.5,130.5,7.3,348,95.24589655172414
-6.5,131.0,6.4,92,65.57030434782608
-6.5,131.5,6.2,52,46.793173076923075
-6.5,132.0,6.1,25,37.00128
-6.5,132.5,6.0,12,26.0
-6.5,133.0,5.6,10,29.264
-6.5,133.5,4.5,9,38.43333333333333
-6.5,134.0,4.4,3,33.0
-6.5,141.5,3.9,1,10.0
-6.5,142.0,4.6,5,33.4
-6.5,142.5,6.7,52,16.435576923076923
-6.5,143.0,5.7,111,11.371891891891892
-6.5,143.5,6.3,62,13.196709677419355
-6.5,144.0,5.2,9,22.655555555555555
-6.5,144.5,5.4,10,32.432
-6.5,145.0,4.5,5,23.18
-6.5,145.5,5.3,10,92.899
-6.5,146.0,5.1,60,109.02638333333333
-6.5,146.5,7.6,101,85.20001980198019
-6.5,147.0,6.4,234,53.67973931623931
-6.5,147.5,6.5,270,59.55218148148148
-6.5,148.0,6.5,206,51.28789805825243
-6.5,148.5,6.0,110,39.675627272727276
-6.5,149.0,7.0,117,55.38275213675214
-6.5,149.5,5.6,66,49.232090909090914
-6.5,150.0,5.9,68,38.53970588235294
-6.5,150.5,5.8,135,37.050888888888885
-6.5,151.0,6.6,105,26.23390476190476
-6.5,151.5,5.9,130,19.58723076923077
-6.5,152.0,6.6,57,22.314105263157895
-6.5,152.5,5.3,36,28.557222222222222
-6.5,153.0,5.9,47,41.68851063829788
-6.5,153.5,5.7,90,34.236333333333334
-6.5,154.0,6.1,98,41.652142857142856
-6.5,154.5,6.6,380,48.53299210526316
-6.5,155.0,7.2,466,61.849212446351935
-6.5,155.5,6.2,80,98.5649
-6.5,156.0,5.2,26,121.1576923076923
-6.5,156.5,5.6,9,65.75222222222222
-6.5,157.0,4.5,3,19.066666666666666
-6.0,-123.0,5.0,1,10.0
-6.0,-110.0,4.7,1,10.0
-6.0,-107.5,5.5,6,10.0
-6.0,-107.0,5.6,14,10.656428571428572
-6.0,-106.5,5.4,4,10.0
-6.0,-105.5,4.7,1,10.0
-6.0,-104.5,4.2,1,10.0
-6.0,-103.0,4.7,2,10.0
-6.0,-102.5,4.8,1,10.0
-6.0,-102.0,4.8,1,10.0
-6.0,-82.0,5.1,3,29.53333333333333
-6.0,-81.5,5.6,5,20.46
-6.0,-81.0,6.1,24,36.084250000000004
-6.0,-80.5,5.0,13,52.64976923076923
-6.0,-80.0,4.6,3,80.36666666666666
-6.0,-79.5,4.7,2,53.1
-6.0,-79.0,4.3,2,23.0
-6.0,-78.5,4.3,2,37.5
-6.0,-78.0,4.4,1,100.0
-6.0,-77.5,5.5,10,36.048
-6.0,-77.0,7.1,57,42.46052631578947
-6.0,-76.5,4.9,10,53.173
-6.0,-76.0,5.6,16,54.335
-6.0,-75.5,8.0,5,79.762
-6.0,-75.0,4.7,10,35.7584
-6.0,-74.5,4.6,3,43.89000000000001
-6.0,-73.5,5.0,1,33.0
-6.0,-72.0,4.7,3,585.1666666666666
-6.0,-71.5,4.2,1,607.4
-6.0,-12.5,5.6,10,10.376999999999999
-6.0,-12.0,4.9,1,10.0
-6.0,-11.5,4.9,7,10.0
-6.0,-11.0,4.8,3,10.0
-6.0,22.5,4.8,1,17.8
-6.0,26.5,6.4,6,11.4
-6.0,27.0,4.9,2,10.3
-6.0,27.5,4.3,2,10.0
-6.0,29.5,5.5,9,11.733333333333333
-6.0,30.0,6.8,3,14.0
-6.0,30.5,5.1,1,10.0
-6.0,31.0,4.2,1,33.0
-6.0,35.0,4.3,2,10.0
-6.0,35.5,4.7,1,33.0
-6.0,36.0,4.9,4,10.0
-6.0,39.0,5.0,1,10.0
-6.0,68.0,4.5,1,10.0
-6.0,68.5,4.8,2,10.0
-6.0,69.0,4.2,1,10.0
-6.0,70.0,4.4,1,10.0
-6.0,70.5,5.3,3,10.0
-6.0,95.5,5.6,2,15.35
-6.0,99.0,4.3,1,10.0
-6.0,100.5,5.0,3,16.666666666666668
-6.0,101.0,5.1,6,27.55
-6.0,101.5,5.1,14,19.557142857142857
-6.0,102.0,5.6,29,30.16413793103448
-6.0,102.5,5.8,37,29.07891891891892
-6.0,103.0,6.3,46,32.711739130434786
-6.0,103.5,5.4,61,39.71509836065574
-6.0,104.0,5.8,83,46.37812048192771
-6.0,104.5,6.4,49,53.142653061224486
-6.0,105.0,5.4,40,49.019
-6.0,105.5,5.7,63,58.163174603174596
-6.0,106.0,5.3,19,140.44263157894736
-6.0,106.5,5.2,10,146.0834
-6.0,107.0,5.3,7,236.25857142857143
-6.0,107.5,7.5,16,283.171875
-6.0,108.0,4.4,8,258.245
-6.0,108.5,3.9,1,367.1
-6.0,109.0,4.5,2,189.875
-6.0,110.0,5.0,1,652.2
-6.0,110.5,6.6,9,576.0144444444445
-6.0,111.0,4.5,4,536.67
-6.0,111.5,5.0,3,512.3766666666667
-6.0,112.0,7.0,9,607.3935555555556
-6.0,112.5,5.4,6,324.69983333333334
-6.0,113.0,6.2,38,589.1842631578947
-6.0,113.5,4.9,7,590.657142857143
-6.0,114.0,4.0,2,322.58
-6.0,114.5,4.6,2,502.2
-6.0,116.0,4.5,2,18.92
-6.0,117.5,5.4,1,31.1
-6.0,118.0,4.0,1,33.0
-6.0,119.0,3.9,1,150.0
-6.0,120.0,4.5,1,33.0
-6.0,120.5,4.8,2,49.1
-6.0,122.0,4.9,2,19.35
-6.0,122.5,5.4,15,17.786
-6.0,123.0,4.8,6,21.874166666666667
-6.0,123.5,5.2,8,262.5125
-6.0,124.0,4.8,4,180.8925
-6.0,124.5,5.2,5,377.412
-6.0,125.0,5.6,15,389.834
-6.0,125.5,5.2,12,467.53416666666664
-6.0,126.0,5.3,4,515.8825
-6.0,126.5,4.5,6,410.76666666666665
-6.0,127.0,4.7,4,236.85000000000002
-6.0,127.5,5.9,38,384.1412105263158
-6.0,128.0,5.2,71,375.73277464788737
-6.0,128.5,5.7,87,312.62894252873565
-6.0,129.0,6.6,67,254.61440298507463
-6.0,129.5,5.9,41,144.42002439024392
-6.0,130.0,6.3,167,121.10820958083832
-6.0,130.5,6.9,339,108.06030678466078
-6.0,131.0,5.8,97,77.77967010309278
-6.0,131.5,5.2,45,47.83868888888889
-6.0,132.0,5.5,14,52.832142857142856
-6.0,132.5,5.4,11,37.24454545454545
-6.0,133.5,5.9,32,31.96375
-6.0,134.0,5.2,9,22.0
-6.0,134.5,4.8,2,33.0
-6.0,135.5,4.1,1,33.0
-6.0,138.5,4.1,1,35.0
-6.0,141.0,4.7,4,27.432499999999997
-6.0,141.5,4.3,2,10.0
-6.0,142.0,5.4,31,21.17032258064516
-6.0,142.5,6.3,133,15.466466165413534
-6.0,143.0,7.5,63,12.461904761904762
-6.0,143.5,4.8,6,10.0
-6.0,144.5,4.2,3,123.21333333333332
-6.0,145.0,5.0,13,75.05692307692308
-6.0,145.5,5.3,41,91.53024390243903
-6.0,146.0,6.9,242,49.24131404958678
-6.0,146.5,6.2,315,70.11369206349205
-6.0,147.0,6.8,248,81.84109677419355
-6.0,147.5,7.2,323,73.1119814241486
-6.0,148.0,6.6,193,66.38285492227979
-6.0,148.5,6.1,152,71.02061842105263
-6.0,149.0,6.9,162,72.2973086419753
-6.0,149.5,6.6,135,65.34814074074075
-6.0,150.0,6.6,160,52.754818750000005
-6.0,150.5,7.3,177,46.38278531073447
-6.0,151.0,6.7,279,38.951039426523295
-6.0,151.5,6.1,358,30.709245810055865
-6.0,152.0,6.0,183,30.195027322404368
-6.0,152.5,5.9,81,29.698765432098764
-6.0,153.0,6.5,105,40.46780952380952
-6.0,153.5,5.6,153,31.26086274509804
-6.0,154.0,7.7,142,38.27887323943662
-6.0,154.5,7.2,251,115.55643426294822
-6.0,155.0,7.9,132,128.2959621212121
-6.0,155.5,5.1,17,114.95058823529412
-6.0,156.0,4.3,4,39.9325
-6.0,156.5,4.4,2,40.605000000000004
-5.5,-107.5,5.4,1,10.0
-5.5,-107.0,5.3,2,10.0
-5.5,-106.5,4.8,5,10.0
-5.5,-105.5,5.0,2,10.0
-5.5,-105.0,4.7,1,10.0
-5.5,-103.0,4.5,1,10.0
-5.5,-102.0,4.5,1,10.0
-5.5,-100.5,5.3,1,10.0
-5.5,-100.0,4.3,1,10.0
-5.5,-88.5,4.8,1,10.0
-5.5,-82.0,6.2,5,26.432
-5.5,-81.5,5.8,4,29.95
-5.5,-81.0,6.3,23,42.80304347826087
-5.5,-80.5,4.6,9,51.605555555555554
-5.5,-80.0,5.2,6,81.79783333333334
-5.5,-79.5,4.8,3,67.39666666666666
-5.5,-79.0,5.0,3,32.46666666666667
-5.5,-78.5,4.8,8,48.985
-5.5,-78.0,4.6,3,33.0
-5.5,-77.5,5.1,14,34.91571428571429
-5.5,-77.0,6.1,37,42.40972972972973
-5.5,-76.5,7.5,19,56.27894736842105
-5.5,-76.0,4.9,3,29.5
-5.5,-75.5,4.3,2,32.95
-5.5,-75.0,4.9,1,33.0
-5.5,-72.0,5.5,1,567.7
-5.5,-35.5,4.3,1,11.5
-5.5,-13.0,4.7,1,10.0
-5.5,-12.5,5.1,2,10.0
-5.5,-11.5,5.8,35,10.0
-5.5,-11.0,4.5,1,10.0
-5.5,8.0,4.1,1,10.0
-5.5,22.5,4.8,1,10.0
-5.5,29.5,5.1,12,9.583333333333334
-5.5,30.0,4.7,5,20.439999999999998
-5.5,34.0,4.2,1,10.0
-5.5,35.0,5.0,11,10.0
-5.5,35.5,4.9,23,10.0
-5.5,36.0,5.5,35,10.657142857142857
-5.5,68.0,4.6,2,10.0
-5.5,68.5,5.6,43,10.0
-5.5,69.0,4.9,8,9.98125
-5.5,70.0,4.6,2,10.0
-5.5,71.5,4.7,1,10.0
-5.5,72.5,4.4,1,10.0
-5.5,73.0,4.1,1,10.0
-5.5,83.0,4.6,1,10.0
-5.5,97.5,4.3,1,10.0
-5.5,100.5,4.7,1,38.1
-5.5,101.0,5.2,4,27.65
-5.5,101.5,6.3,39,21.128205128205128
-5.5,102.0,6.0,49,29.90465306122449
-5.5,102.5,6.0,140,35.3809
-5.5,103.0,6.6,105,34.94235238095238
-5.5,103.5,5.7,30,48.22683333333334
-5.5,104.0,6.0,38,59.33963157894737
-5.5,104.5,5.1,18,66.53561111111111
-5.5,105.0,4.8,16,79.92937500000001
-5.5,105.5,5.5,26,75.1896153846154
-5.5,106.0,5.5,10,148.38799999999998
-5.5,106.5,4.7,1,288.6
-5.5,107.0,4.3,4,270.83975
-5.5,107.5,4.0,1,407.3
-5.5,108.5,5.1,1,450.0
-5.5,109.0,5.9,1,576.7
-5.5,110.0,6.5,16,545.775375
-5.5,110.5,6.6,20,527.7651
-5.5,111.0,6.0,6,555.4906666666667
-5.5,111.5,4.1,1,517.3
-5.5,113.0,5.0,2,34.55
-5.5,114.5,4.5,1,33.0
-5.5,118.5,4.3,1,14.83
-5.5,120.5,4.2,2,10.0
-5.5,121.0,4.5,1,10.0
-5.5,122.0,6.5,10,19.02
-5.5,122.5,5.1,9,21.76888888888889
-5.5,123.0,4.8,3,22.92
-5.5,123.5,4.7,2,38.6
-5.5,124.0,4.6,1,33.0
-5.5,125.0,4.7,3,26.0
-5.5,125.5,6.2,15,266.17813333333334
-5.5,126.0,4.9,4,392.31600000000003
-5.5,126.5,5.1,7,287.06857142857143
-5.5,127.0,4.5,3,296.59
-5.5,127.5,5.3,8,347.8525
-5.5,128.0,7.6,23,325.60521739130434
-5.5,128.5,5.5,31,297.464
-5.5,129.0,6.0,52,242.08369230769233
-5.5,129.5,6.4,63,179.43873015873015
-5.5,130.0,5.8,50,143.88819999999998
-5.5,130.5,5.7,41,68.98914634146341
-5.5,131.0,6.1,119,63.36734453781513
-5.5,131.5,6.1,46,54.05478260869565
-5.5,132.0,5.3,13,39.59384615384616
-5.5,132.5,5.0,8,27.821625
-5.5,133.0,4.7,7,28.0
-5.5,133.5,5.5,36,31.2425
-5.5,134.0,6.0,67,27.134328358208954
-5.5,134.5,3.9,2,33.0
-5.5,135.0,4.8,3,33.0
-5.5,135.5,4.7,4,33.0
-5.5,136.0,4.0,1,33.0
-5.5,138.5,4.6,1,33.0
-5.5,139.5,4.9,2,23.3
-5.5,140.0,4.6,3,51.56666666666666
-5.5,140.5,5.7,26,24.09307692307692
-5.5,141.0,5.7,9,20.444444444444443
-5.5,141.5,5.1,19,35.48263157894737
-5.5,142.0,5.6,31,28.22967741935484
-5.5,142.5,5.2,13,31.418846153846154
-5.5,143.0,4.6,11,38.51272727272727
-5.5,143.5,5.3,6,99.74000000000001
-5.5,144.0,4.4,6,35.199999999999996
-5.5,144.5,5.3,8,62.849999999999994
-5.5,145.0,5.1,18,70.73333333333333
-5.5,145.5,5.4,92,78.2943695652174
-5.5,146.0,5.9,138,76.09622463768116
-5.5,146.5,6.3,183,110.41291803278688
-5.5,147.0,6.8,445,180.80770337078653
-5.5,147.5,5.4,291,160.97976975945016
-5.5,148.0,7.2,93,133.71336559139786
-5.5,148.5,6.3,92,136.66327173913044
-5.5,149.0,6.4,65,140.72226153846154
-5.5,149.5,7.4,79,126.28034177215191
-5.5,150.0,6.4,93,96.39940860215054
-5.5,150.5,6.4,160,92.146075
-5.5,151.0,7.0,212,68.42733490566037
-5.5,151.5,6.9,408,56.881421568627445
-5.5,152.0,7.8,532,43.50331954887218
-5.5,152.5,6.4,387,34.8874315245478
-5.5,153.0,6.2,379,32.711992084432715
-5.5,153.5,6.7,275,41.29286181818182
-5.5,154.0,6.7,281,99.68841992882562
-5.5,154.5,6.0,198,145.92928787878787
-5.5,155.0,4.8,13,110.17384615384616
-5.5,155.5,4.6,2,90.7
-5.0,-106.5,4.5,1,10.0
-5.0,-106.0,5.2,10,10.0
-5.0,-105.5,6.1,9,10.0
-5.0,-105.0,5.0,8,9.3125
-5.0,-101.0,5.4,2,10.0
-5.0,-100.5,4.7,1,10.0
-5.0,-82.0,4.2,1,10.0
-5.0,-81.5,4.5,2,20.009999999999998
-5.0,-81.0,5.2,21,42.51566666666666
-5.0,-80.5,6.2,25,54.07652
-5.0,-80.0,4.9,4,77.385
-5.0,-79.5,4.4,1,92.0
-5.0,-79.0,4.9,6,68.11999999999999
-5.0,-78.5,5.0,4,46.775
-5.0,-78.0,5.1,9,48.30555555555556
-5.0,-77.5,6.0,8,64.886625
-5.0,-77.0,4.8,7,77.51571428571428
-5.0,-76.5,5.9,12,52.9075
-5.0,-76.0,4.6,2,115.2
-5.0,-75.5,4.8,2,46.82
-5.0,-75.0,5.1,2,22.61
-5.0,-12.5,5.6,11,10.0
-5.0,-12.0,4.9,8,10.0125
-5.0,-11.5,5.1,14,10.0
-5.0,-11.0,4.8,1,10.0
-5.0,27.5,4.6,2,12.088999999999999
-5.0,28.0,4.6,2,10.0
-5.0,29.0,4.1,1,10.0
-5.0,29.5,4.8,5,10.746
-5.0,30.0,5.2,3,8.333333333333334
-5.0,34.5,4.3,1,14.93
-5.0,35.0,4.7,11,10.899090909090908
-5.0,35.5,4.8,2,10.0
-5.0,36.0,5.1,3,17.666666666666668
-5.0,38.5,4.9,1,10.0
-5.0,39.5,4.7,3,11.660000000000002
-5.0,68.0,4.6,2,10.0
-5.0,68.5,5.3,40,10.081999999999999
-5.0,69.0,5.7,9,10.0
-5.0,70.0,4.7,1,10.0
-5.0,94.0,4.3,2,14.715
-5.0,94.5,7.8,5,13.266
-5.0,98.0,4.6,1,10.0
-5.0,100.0,4.4,1,33.0
-5.0,100.5,5.1,9,16.063666666666666
-5.0,101.0,6.9,11,19.646272727272727
-5.0,101.5,5.1,15,29.698
-5.0,102.0,6.2,110,33.807863636363635
-5.0,102.5,6.2,149,39.496456375838925
-5.0,103.0,6.3,138,51.17726811594203
-5.0,103.5,6.0,31,57.97677419354839
-5.0,104.0,5.7,11,52.78636363636363
-5.0,104.5,6.9,8,108.737625
-5.0,105.0,4.9,6,116.555
-5.0,105.5,4.6,2,182.47
-5.0,106.0,4.4,2,146.522
-5.0,106.5,4.5,1,370.43
-5.0,107.5,4.2,1,310.0
-5.0,108.0,6.6,3,618.2966666666667
-5.0,108.5,5.5,1,651.2
-5.0,111.5,4.4,1,10.0
-5.0,117.0,4.4,1,100.0
-5.0,118.0,4.6,1,15.62
-5.0,118.5,4.7,1,33.0
-5.0,119.0,4.6,2,15.344999999999999
-5.0,120.5,4.3,1,15.96
-5.0,121.5,4.2,1,33.0
-5.0,122.0,4.4,1,9.759
-5.0,123.0,5.6,6,22.27333333333333
-5.0,123.5,5.0,8,20.2125
-5.0,124.0,5.7,14,32.0
-5.0,124.5,4.4,1,33.0
-5.0,125.0,6.0,2,277.0
-5.0,125.5,5.2,9,120.41322222222223
-5.0,126.0,5.2,7,85.88571428571429
-5.0,126.5,5.6,11,97.79545454545455
-5.0,127.0,5.2,11,116.35272727272728
-5.0,127.5,4.3,3,34.19
-5.0,128.0,5.9,11,249.26745454545454
-5.0,128.5,4.9,9,150.51777777777775
-5.0,129.0,5.0,14,185.62278571428573
-5.0,129.5,5.8,77,162.6858051948052
-5.0,130.0,6.1,37,151.1348918918919
-5.0,130.5,5.4,29,61.31334482758621
-5.0,131.0,5.5,29,51.019724137931036
-5.0,131.5,5.1,14,43.637499999999996
-5.0,132.0,5.2,11,36.59827272727273
-5.0,132.5,6.4,12,32.969166666666666
-5.0,133.0,5.2,10,30.52
-5.0,133.5,6.2,80,25.049500000000002
-5.0,134.0,7.0,146,21.366109589041095
-5.0,134.5,4.9,17,29.777058823529412
-5.0,135.0,4.6,2,34.0
-5.0,135.5,4.7,4,57.075
-5.0,137.0,4.1,1,70.63
-5.0,137.5,4.5,2,48.9
-5.0,138.0,5.1,6,67.77
-5.0,138.5,4.6,7,48.794285714285714
-5.0,139.0,4.8,13,55.03076923076923
-5.0,139.5,5.7,17,31.93294117647059
-5.0,140.0,5.0,13,29.12
-5.0,140.5,5.1,7,36.0
-5.0,141.0,4.4,3,15.196666666666667
-5.0,141.5,5.1,8,28.725
-5.0,142.0,4.8,10,77.66
-5.0,142.5,4.7,5,87.128
-5.0,143.0,4.7,10,46.536
-5.0,143.5,5.4,21,103.12519047619047
-5.0,144.0,5.4,37,92.23454054054054
-5.0,144.5,6.2,68,72.16161764705882
-5.0,145.0,5.9,69,76.30552173913044
-5.0,145.5,6.2,95,86.35278947368421
-5.0,146.0,5.9,53,83.75062264150944
-5.0,146.5,5.5,36,97.97733333333333
-5.0,147.0,4.9,43,146.17976744186046
-5.0,147.5,6.2,30,80.63300000000001
-5.0,148.0,5.9,26,70.8426923076923
-5.0,148.5,5.3,11,117.53545454545453
-5.0,149.0,5.5,21,168.56142857142856
-5.0,149.5,6.6,24,240.65779166666667
-5.0,150.0,4.9,37,181.1399189189189
-5.0,150.5,5.0,54,154.61218518518515
-5.0,151.0,7.5,132,125.29218181818182
-5.0,151.5,6.7,252,108.69214285714285
-5.0,152.0,6.8,240,71.64856666666667
-5.0,152.5,7.1,290,55.25539655172414
-5.0,153.0,7.8,383,42.97338381201045
-5.0,153.5,6.8,352,56.400446022727266
-5.0,154.0,7.0,281,105.11149110320285
-5.0,154.5,5.2,31,176.31451612903226
-5.0,155.0,5.6,17,176.83252941176468
-4.5,-169.5,4.6,1,10.0
-4.5,-114.0,4.2,1,10.0
-4.5,-106.5,5.1,3,10.0
-4.5,-106.0,6.1,27,10.037037037037036
-4.5,-105.5,6.3,17,10.0
-4.5,-105.0,6.1,33,10.463030303030303
-4.5,-104.5,6.1,15,10.034666666666668
-4.5,-104.0,5.6,2,10.0
-4.5,-103.5,4.5,2,10.0
-4.5,-102.0,4.5,2,10.0
-4.5,-82.0,4.7,1,10.0
-4.5,-81.5,5.2,3,22.633333333333336
-4.5,-81.0,5.0,7,36.410000000000004
-4.5,-80.5,5.0,20,54.231500000000004
-4.5,-80.0,5.0,10,62.9132
-4.5,-79.5,4.7,4,94.175
-4.5,-79.0,4.0,1,33.0
-4.5,-78.5,4.9,4,49.4975
-4.5,-78.0,5.3,5,69.672
-4.5,-77.5,5.1,7,48.98571428571428
-4.5,-77.0,7.5,15,102.08133333333333
-4.5,-76.5,7.2,6,79.145
-4.5,-76.0,5.6,4,109.97725
-4.5,-75.5,4.8,4,58.443
-4.5,-74.0,5.2,1,10.0
-4.5,-71.5,3.7,1,650.0
-4.5,-12.5,5.1,8,10.0
-4.5,-12.0,5.1,8,10.0
-4.5,-11.5,4.8,2,10.0
-4.5,-11.0,5.1,3,10.0
-4.5,-10.5,4.8,1,10.0
-4.5,28.0,3.8,1,10.0
-4.5,28.5,4.7,1,10.0
-4.5,29.0,4.5,2,10.0
-4.5,29.5,4.7,4,11.4125
-4.5,30.5,4.2,1,10.0
-4.5,34.5,4.8,1,14.2
-4.5,35.0,4.5,3,10.0
-4.5,35.5,4.5,3,10.0
-4.5,36.0,4.8,13,9.823076923076924
-4.5,39.0,5.0,1,10.0
-4.5,68.5,4.8,7,10.0
-4.5,69.0,4.9,9,10.518888888888888
-4.5,69.5,4.5,1,10.0
-4.5,72.0,5.0,1,10.0
-4.5,72.5,5.0,1,10.0
-4.5,81.0,4.5,1,10.0
-4.5,82.5,5.0,1,10.0
-4.5,88.0,4.9,1,10.0
-4.5,89.0,5.2,1,10.0
-4.5,92.0,4.3,1,10.0
-4.5,93.0,5.2,1,10.0
-4.5,94.0,4.5,2,10.0
-4.5,94.5,5.2,12,12.740833333333335
-4.5,99.5,4.5,1,35.0
-4.5,100.5,5.4,11,16.934454545454546
-4.5,101.0,6.8,73,22.879479452054795
-4.5,101.5,8.4,68,30.843529411764706
-4.5,102.0,7.9,205,38.34425365853659
-4.5,102.5,7.4,133,48.557218045112776
-4.5,103.0,5.7,111,67.49641441441442
-4.5,103.5,5.0,15,89.09866666666667
-4.5,104.0,5.8,6,132.275
-4.5,104.5,5.4,11,188.76000000000002
-4.5,105.0,4.5,3,163.4
-4.5,105.5,4.6,2,127.5
-4.5,106.0,4.3,1,10.0
-4.5,107.0,4.6,1,33.0
-4.5,107.5,5.0,1,33.0
-4.5,108.0,5.2,1,33.0
-4.5,119.0,4.3,1,50.7
-4.5,120.0,5.4,8,39.845
-4.5,121.5,4.5,2,34.0
-4.5,122.0,4.2,1,10.035
-4.5,122.5,4.2,1,53.81
-4.5,123.0,6.3,24,21.39916666666667
-4.5,123.5,5.0,8,196.6125
-4.5,124.0,5.5,12,24.552833333333336
-4.5,124.5,4.5,1,9.19
-4.5,125.0,4.8,9,452.07
-4.5,125.5,6.3,48,444.5522708333333
-4.5,126.0,5.8,20,414.69605
-4.5,126.5,5.9,16,165.296875
-4.5,127.0,6.1,9,83.72222222222223
-4.5,127.5,5.6,15,187.0011333333333
-4.5,128.0,4.8,11,103.83272727272725
-4.5,128.5,4.9,9,158.143
-4.5,129.0,6.5,44,69.03522727272728
-4.5,129.5,5.4,69,74.29214492753624
-4.5,130.0,5.5,20,68.91175000000001
-4.5,130.5,5.7,21,66.77209523809523
-4.5,131.0,4.9,15,40.462
-4.5,131.5,5.4,13,40.49592307692308
-4.5,132.0,4.9,2,41.5
-4.5,132.5,6.4,11,27.150909090909092
-4.5,133.0,5.3,15,21.878666666666668
-4.5,133.5,5.4,44,23.767954545454543
-4.5,134.0,6.0,69,23.763188405797102
-4.5,134.5,6.8,35,27.096857142857143
-4.5,135.0,6.1,37,36.2872972972973
-4.5,135.5,5.9,21,28.969047619047622
-4.5,136.0,4.9,12,38.77166666666667
-4.5,136.5,5.1,9,33.077777777777776
-4.5,137.0,5.3,23,26.20095652173913
-4.5,137.5,5.1,16,37.361875
-4.5,138.0,5.2,27,49.29666666666667
-4.5,138.5,5.5,33,77.61
-4.5,139.0,5.5,42,42.988619047619046
-4.5,139.5,5.5,27,28.005925925925926
-4.5,140.0,6.1,22,44.08
-4.5,140.5,4.8,5,47.260000000000005
-4.5,141.0,4.8,3,35.61
-4.5,141.5,4.6,5,78.886
-4.5,142.0,5.7,12,81.74916666666667
-4.5,142.5,6.4,15,97.886
-4.5,143.0,5.4,44,91.02325
-4.5,143.5,5.5,72,98.13361111111111
-4.5,144.0,6.0,97,107.00467010309278
-4.5,144.5,5.7,73,94.45109589041097
-4.5,145.0,6.2,57,67.39210526315789
-4.5,145.5,5.3,22,52.470909090909096
-4.5,146.0,5.1,11,38.556363636363635
-4.5,146.5,5.6,7,39.607142857142854
-4.5,147.0,6.0,7,49.089999999999996
-4.5,147.5,4.9,14,85.10928571428572
-4.5,148.0,5.0,8,75.65375
-4.5,148.5,4.0,1,146.6
-4.5,149.0,4.7,3,404.52
-4.5,149.5,5.6,43,501.13683720930237
-4.5,150.0,6.1,24,439.03154166666667
-4.5,150.5,6.3,8,354.44375
-4.5,151.0,5.7,33,145.5290909090909
-4.5,151.5,5.8,74,111.83516216216216
-4.5,152.0,6.1,117,125.67023076923077
-4.5,152.5,7.5,169,63.356668639053254
-4.5,153.0,7.0,414,52.1385845410628
-4.5,153.5,7.9,353,92.87565439093484
-4.5,154.0,5.2,78,127.37930769230768
-4.5,154.5,6.1,11,288.6963636363636
-4.5,155.0,6.6,14,494.4043571428571
-4.5,155.5,4.3,2,56.44
-4.0,-117.0,4.2,1,10.0
-4.0,-106.0,3.9,1,10.0
-4.0,-105.5,4.8,2,10.0
-4.0,-104.5,6.1,23,10.0
-4.0,-104.0,5.8,44,9.909090909090908
-4.0,-103.5,5.4,19,10.0
-4.0,-103.0,5.1,20,10.0
-4.0,-102.5,5.6,3,10.0
-4.0,-98.0,4.6,1,10.0
-4.0,-83.0,4.5,1,10.0
-4.0,-82.0,5.5,4,31.35
-4.0,-81.5,5.0,5,19.630200000000002
-4.0,-81.0,5.8,37,38.836081081081076
-4.0,-80.5,5.6,28,55.655142857142856
-4.0,-80.0,4.9,7,64.77428571428571
-4.0,-79.5,4.9,5,75.828
-4.0,-79.0,5.9,5,86.264
-4.0,-78.5,4.5,2,73.55
-4.0,-78.0,4.9,3,34.5
-4.0,-77.5,5.4,7,88.49714285714286
-4.0,-77.0,6.7,13,102.70692307692308
-4.0,-76.5,6.3,14,103.50492857142856
-4.0,-76.0,5.1,9,77.08222222222223
-4.0,-75.5,4.5,2,95.5
-4.0,-39.5,4.8,1,10.7
-4.0,-30.5,4.8,1,15.17
-4.0,-12.5,5.0,1,10.0
-4.0,-12.0,5.3,7,10.0
-4.0,-11.5,4.7,2,10.0
-4.0,28.5,4.8,3,10.0
-4.0,29.5,5.0,3,10.51
-4.0,30.0,4.8,2,10.0
-4.0,30.5,4.4,1,10.0
-4.0,32.0,4.4,1,10.0
-4.0,32.5,4.6,1,33.0
-4.0,33.5,4.4,1,10.0
-4.0,34.0,4.9,1,33.0
-4.0,34.5,4.6,2,10.0
-4.0,35.0,5.1,15,10.0
-4.0,35.5,5.3,2,19.05
-4.0,36.0,5.2,6,13.833333333333334
-4.0,37.0,4.8,1,10.0
-4.0,39.5,4.9,2,10.0
-4.0,40.0,5.5,2,21.5
-4.0,68.0,5.1,4,10.0
-4.0,68.5,5.1,8,10.0
-4.0,69.0,4.4,1,14.88
-4.0,69.5,4.8,2,10.0
-4.0,70.0,5.1,4,10.0
-4.0,70.5,4.4,1,10.0
-4.0,80.0,5.3,1,10.0
-4.0,84.5,4.3,1,10.0
-4.0,87.5,5.8,1,10.0
-4.0,88.5,4.1,1,10.0
-4.0,89.5,4.5,1,10.0
-4.0,94.5,5.4,1,10.0
-4.0,98.5,4.8,1,17.4
-4.0,99.0,4.6,4,19.625
-4.0,99.5,5.3,20,16.65
-4.0,100.0,5.9,14,21.275000000000002
-4.0,100.5,5.3,27,25.3232962962963
-4.0,101.0,6.9,67,30.206567164179102
-4.0,101.5,6.4,57,37.70152631578947
-4.0,102.0,6.9,68,47.956911764705886
-4.0,102.5,5.7,48,61.35145833333333
-4.0,103.0,5.4,18,77.23055555555555
-4.0,103.5,5.4,13,73.90315384615384
-4.0,104.0,4.4,3,124.5
-4.0,104.5,4.6,3,265.8333333333333
-4.0,107.0,4.9,1,640.21
-4.0,118.5,4.2,1,33.0
-4.0,119.0,4.6,1,27.24
-4.0,119.5,5.9,4,30.375
-4.0,120.0,4.5,2,26.585
-4.0,121.0,4.7,1,33.0
-4.0,121.5,5.5,6,27.983333333333334
-4.0,122.0,4.2,3,30.066666666666666
-4.0,122.5,4.8,8,25.15375
-4.0,123.0,5.6,10,81.972
-4.0,123.5,5.5,10,27.918
-4.0,124.0,7.5,5,27.056
-4.0,124.5,4.3,1,10.0
-4.0,125.0,4.1,1,376.71
-4.0,125.5,4.1,1,55.87
-4.0,126.0,5.3,14,173.41357142857143
-4.0,126.5,5.1,16,135.1308125
-4.0,127.0,6.3,16,84.649375
-4.0,127.5,6.8,56,105.91196428571428
-4.0,128.0,6.5,42,41.86571428571428
-4.0,128.5,5.3,58,87.52863793103448
-4.0,129.0,5.9,75,74.27651999999999
-4.0,129.5,6.9,146,33.281520547945206
-4.0,130.0,5.1,47,37.70270212765958
-4.0,130.5,4.9,12,38.38333333333333
-4.0,131.0,6.0,27,33.55962962962963
-4.0,131.5,5.9,33,24.00151515151515
-4.0,132.0,4.7,7,28.11285714285714
-4.0,132.5,4.7,3,35.596666666666664
-4.0,133.0,4.7,6,25.993333333333336
-4.0,133.5,5.2,31,22.74209677419355
-4.0,134.0,5.6,34,24.863823529411764
-4.0,134.5,5.9,34,22.45264705882353
-4.0,135.0,7.3,95,26.47623157894737
-4.0,135.5,6.5,66,25.025606060606062
-4.0,136.0,5.6,34,31.72529411764706
-4.0,136.5,5.2,22,33.97681818181818
-4.0,137.0,5.3,19,64.79315789473684
-4.0,137.5,4.8,6,108.53666666666668
-4.0,138.0,5.0,10,58.937
-4.0,138.5,5.5,20,86.78035
-4.0,139.0,5.8,20,51.001999999999995
-4.0,139.5,5.1,20,51.22465
-4.0,140.0,6.1,43,42.07209302325581
-4.0,140.5,6.1,28,50.50571428571429
-4.0,141.0,5.5,22,64.0015
-4.0,141.5,5.6,31,84.49554838709678
-4.0,142.0,5.6,61,95.84737704918032
-4.0,142.5,5.5,55,81.42118181818182
-4.0,143.0,5.7,49,82.28014285714285
-4.0,143.5,6.5,32,98.83440625
-4.0,144.0,4.7,9,62.41777777777778
-4.0,144.5,5.7,18,41.41111111111111
-4.0,145.0,5.0,14,52.979285714285716
-4.0,145.5,4.6,6,43.09733333333333
-4.0,146.0,5.3,14,37.13928571428572
-4.0,146.5,6.1,15,33.31333333333333
-4.0,147.0,5.2,3,22.0
-4.0,147.5,4.7,2,67.5
-4.0,148.0,4.5,6,51.550000000000004
-4.0,148.5,5.5,4,22.0
-4.0,149.0,5.3,4,37.795
-4.0,149.5,4.8,10,50.418
-4.0,150.0,5.6,20,36.5045
-4.0,150.5,5.5,26,154.21923076923076
-4.0,151.0,5.7,47,50.75212765957447
-4.0,151.5,5.8,110,40.89536363636363
-4.0,152.0,8.0,114,103.43633333333334
-4.0,152.5,7.6,105,63.533161904761904
-4.0,153.0,5.6,99,42.23976767676768
-4.0,153.5,5.4,44,119.19106818181818
-4.0,154.0,7.3,41,327.6931707317073
-4.0,154.5,5.6,13,312.0084615384616
-4.0,156.0,4.4,1,10.0
-3.5,-168.5,4.6,1,10.0
-3.5,-168.0,4.4,1,10.0
-3.5,-155.0,4.7,1,10.0
-3.5,-105.5,4.5,1,10.0
-3.5,-104.5,4.7,1,10.0
-3.5,-104.0,4.6,1,10.0
-3.5,-103.5,5.3,6,11.799999999999999
-3.5,-103.0,4.8,10,10.0
-3.5,-102.5,4.7,6,10.0
-3.5,-102.0,4.3,1,10.0
-3.5,-82.0,4.0,1,28.6
-3.5,-81.5,4.8,3,35.71666666666667
-3.5,-81.0,6.3,13,31.253076923076925
-3.5,-80.5,5.3,15,47.74593333333333
-3.5,-80.0,5.1,8,57.231
-3.5,-79.5,4.9,4,58.125
-3.5,-79.0,5.9,5,89.47999999999999
-3.5,-78.5,4.5,2,63.45
-3.5,-78.0,5.1,2,127.60000000000001
-3.5,-77.5,5.1,20,58.374
-3.5,-77.0,5.7,14,95.19757142857144
-3.5,-76.5,4.7,3,104.36
-3.5,-76.0,4.6,1,127.01
-3.5,-75.5,5.1,2,72.5
-3.5,-75.0,4.4,1,10.0
-3.5,-74.5,4.5,2,34.8
-3.5,-74.0,4.2,1,10.0
-3.5,-44.0,4.5,1,10.0
-3.5,-40.5,4.3,1,10.0
-3.5,-12.5,5.4,2,10.0
-3.5,-12.0,5.5,23,10.156086956521738
-3.5,-11.5,4.9,2,10.0
-3.5,-11.0,4.2,1,10.0
-3.5,25.0,4.8,4,10.0
-3.5,26.0,5.2,1,10.0
-3.5,28.0,3.8,2,10.0
-3.5,28.5,4.6,6,10.0
-3.5,29.0,4.4,1,10.0
-3.5,29.5,5.0,7,11.73857142857143
-3.5,30.0,4.8,3,10.0
-3.5,32.5,4.7,2,10.0
-3.5,35.0,4.7,1,10.0
-3.5,35.5,4.6,3,10.0
-3.5,36.0,4.6,3,10.273333333333333
-3.5,36.5,4.6,1,15.68
-3.5,37.5,3.7,1,10.0
-3.5,38.0,4.2,1,10.0
-3.5,49.5,4.5,1,10.0
-3.5,67.5,4.4,3,10.0
-3.5,68.0,5.0,18,12.727777777777778
-3.5,68.5,5.5,37,10.69027027027027
-3.5,69.0,4.4,3,10.0
-3.5,69.5,4.9,1,10.0
-3.5,70.0,4.2,1,10.0
-3.5,80.5,4.6,1,10.0
-3.5,81.5,4.9,2,10.0
-3.5,83.0,6.0,1,21.8
-3.5,86.5,4.1,1,10.0
-3.5,87.0,5.9,1,21.0
-3.5,87.5,4.6,1,10.0
-3.5,89.5,5.3,1,12.0
-3.5,90.0,4.3,1,10.0
-3.5,90.5,5.5,2,10.0
-3.5,98.5,4.5,2,15.92
-3.5,99.0,4.6,3,10.0
-3.5,99.5,5.2,56,13.15625
-3.5,100.0,7.8,45,15.455555555555556
-3.5,100.5,6.2,117,27.505042735042736
-3.5,101.0,5.7,88,35.42421590909091
-3.5,101.5,5.6,77,50.23532467532468
-3.5,102.0,5.9,33,67.75463636363635
-3.5,102.5,5.5,18,87.3441111111111
-3.5,103.0,4.7,8,134.786
-3.5,103.5,4.5,5,164.754
-3.5,104.0,4.7,4,297.97
-3.5,109.5,4.1,1,10.0
-3.5,118.0,5.9,3,19.333333333333332
-3.5,118.5,4.9,2,43.0
-3.5,119.0,5.1,3,26.633333333333336
-3.5,120.0,4.4,1,10.0
-3.5,121.0,4.3,1,58.9
-3.5,121.5,4.2,1,115.0
-3.5,122.5,4.6,6,36.0
-3.5,123.0,5.7,8,25.3125
-3.5,123.5,5.2,9,29.807777777777783
-3.5,126.0,5.8,7,31.29714285714286
-3.5,126.5,5.2,10,27.27
-3.5,127.0,6.7,29,50.42551724137931
-3.5,127.5,6.0,57,49.0230350877193
-3.5,128.0,5.2,20,62.23094999999999
-3.5,128.5,6.5,53,46.62364150943396
-3.5,129.0,5.8,38,51.8198947368421
-3.5,129.5,5.9,25,35.7968
-3.5,130.0,5.0,25,39.8652
-3.5,130.5,5.3,67,29.901492537313434
-3.5,131.0,6.0,148,24.745472972972973
-3.5,131.5,5.6,70,27.35442857142857
-3.5,132.0,4.6,3,37.733333333333334
-3.5,132.5,4.4,1,33.0
-3.5,133.5,4.2,3,39.373333333333335
-3.5,134.0,5.2,31,24.86258064516129
-3.5,134.5,5.8,67,28.272835820895523
-3.5,135.0,5.8,76,18.015263157894736
-3.5,135.5,7.1,277,19.31740072202166
-3.5,136.0,5.8,45,29.883111111111113
-3.5,136.5,5.0,16,32.570625
-3.5,137.0,5.1,19,48.550526315789476
-3.5,137.5,5.2,20,52.24765
-3.5,138.0,4.9,20,59.222
-3.5,138.5,7.0,63,59.57650793650794
-3.5,139.0,5.4,35,52.08571428571429
-3.5,139.5,5.7,54,49.432037037037034
-3.5,140.0,6.5,150,39.635619999999996
-3.5,140.5,6.0,59,40.17508474576271
-3.5,141.0,5.0,43,36.947906976744186
-3.5,141.5,5.0,30,33.72343333333333
-3.5,142.0,5.2,13,40.676153846153845
-3.5,142.5,6.3,34,36.811470588235295
-3.5,143.0,7.6,66,26.076666666666664
-3.5,143.5,5.4,47,27.863617021276593
-3.5,144.0,6.4,47,27.140425531914893
-3.5,144.5,6.6,46,22.15891304347826
-3.5,145.0,6.2,66,26.206969696969697
-3.5,145.5,6.2,109,27.23798165137615
-3.5,146.0,6.6,98,23.98726530612245
-3.5,146.5,6.3,81,24.00753086419753
-3.5,147.0,6.2,39,22.976153846153846
-3.5,147.5,4.7,3,39.86666666666667
-3.5,148.0,5.0,4,33.5
-3.5,148.5,6.1,30,26.377333333333336
-3.5,149.0,6.0,51,23.95333333333333
-3.5,149.5,5.6,63,25.414698412698414
-3.5,150.0,5.1,48,27.403125
-3.5,150.5,6.4,33,36.585151515151516
-3.5,151.0,6.3,75,74.71106666666667
-3.5,151.5,6.1,61,90.51918032786885
-3.5,152.0,6.6,53,170.9858679245283
-3.5,152.5,5.1,24,164.01583333333335
-3.5,153.0,5.4,11,112.25818181818181
-3.5,153.5,5.4,13,299.2338461538462
-3.5,154.0,5.6,12,369.1406666666667
-3.5,154.5,5.1,1,56.83
-3.5,177.5,4.8,2,17.84
-3.0,-105.0,4.5,2,10.0
-3.0,-103.5,5.6,1,10.0
-3.0,-103.0,4.5,3,10.0
-3.0,-102.5,5.4,4,10.0
-3.0,-82.5,4.7,1,34.9
-3.0,-82.0,5.1,2,30.35
-3.0,-81.5,4.6,1,10.0
-3.0,-81.0,5.6,7,35.21
-3.0,-80.5,5.3,17,45.288529411764706
-3.0,-80.0,6.8,17,47.36364705882353
-3.0,-79.5,5.5,19,56.94631578947369
-3.0,-79.0,5.2,12,72.83
-3.0,-78.5,4.9,6,70.895
-3.0,-78.0,7.0,44,34.48
-3.0,-77.5,5.1,29,53.771034482758616
-3.0,-77.0,5.1,10,93.6512
-3.0,-76.5,4.6,8,98.81750000000001
-3.0,-76.0,4.6,3,67.26666666666667
-3.0,-75.5,4.9,15,127.9366
-3.0,-75.0,4.6,1,35.0
-3.0,-73.0,4.6,1,10.0
-3.0,-12.5,5.4,4,10.0
-3.0,-12.0,5.2,3,14.366666666666667
-3.0,-11.5,4.8,3,10.0
-3.0,-0.0,4.7,1,7.16
-3.0,22.5,4.5,1,10.0
-3.0,23.5,4.1,1,10.0
-3.0,26.5,4.4,1,10.0
-3.0,28.0,4.3,4,10.0
-3.0,28.5,5.1,7,10.0
-3.0,29.0,4.4,2,10.0
-3.0,29.5,4.7,2,10.0
-3.0,33.0,4.4,1,10.0
-3.0,33.5,5.5,1,10.0
-3.0,34.0,4.9,1,10.0
-3.0,35.5,5.4,3,17.463333333333335
-3.0,36.0,5.5,34,9.847058823529412
-3.0,36.5,4.3,5,10.0
-3.0,38.0,4.7,2,10.0
-3.0,67.5,4.5,3,10.0
-3.0,68.0,5.5,30,10.0
-3.0,68.5,4.9,5,10.0
-3.0,69.0,4.6,1,10.0
-3.0,69.5,4.4,1,10.0
-3.0,79.0,4.7,1,10.0
-3.0,84.5,5.8,1,10.0
-3.0,85.0,5.3,2,21.5
-3.0,86.0,4.4,1,10.0
-3.0,86.5,4.7,1,10.0
-3.0,87.0,4.9,1,10.0
-3.0,90.5,4.3,2,10.0
-3.0,98.5,5.2,2,18.2
-3.0,99.5,4.6,5,18.2
-3.0,100.0,6.0,70,23.219857142857144
-3.0,100.5,6.3,44,28.158863636363638
-3.0,101.0,6.0,98,42.18198979591837
-3.0,101.5,6.0,41,54.07829268292683
-3.0,102.0,5.3,21,92.36519047619046
-3.0,102.5,5.3,15,127.27466666666668
-3.0,103.0,4.4,12,204.62641666666664
-3.0,103.5,4.2,3,262.52
-3.0,104.5,4.2,1,400.6
-3.0,105.0,4.6,1,46.1
-3.0,105.5,4.2,1,14.89
-3.0,109.0,4.7,1,33.0
-3.0,115.5,4.4,1,33.0
-3.0,118.5,5.8,6,12.263333333333334
-3.0,119.0,6.2,12,14.765833333333333
-3.0,119.5,5.5,39,18.698974358974358
-3.0,120.0,5.3,8,24.4625
-3.0,120.5,4.1,1,59.65
-3.0,121.0,4.6,3,30.64
-3.0,121.5,4.3,2,43.35
-3.0,122.0,5.7,8,22.1775
-3.0,122.5,5.5,20,35.083
-3.0,123.0,4.7,6,27.613333333333333
-3.0,123.5,4.7,6,38.598333333333336
-3.0,124.5,4.4,1,145.7
-3.0,125.5,5.0,2,20.165
-3.0,126.0,5.3,12,40.46083333333333
-3.0,126.5,6.1,33,42.88166666666667
-3.0,127.0,5.4,29,39.16648275862069
-3.0,127.5,6.7,54,42.34833333333333
-3.0,128.0,5.7,91,42.89178021978022
-3.0,128.5,4.9,48,38.336875
-3.0,129.0,5.9,86,35.97112790697674
-3.0,129.5,5.7,253,30.8936837944664
-3.0,130.0,5.6,251,28.752314741035857
-3.0,130.5,5.9,87,28.903781609195402
-3.0,131.0,5.6,18,31.02
-3.0,131.5,5.1,3,26.833333333333332
-3.0,132.0,4.5,2,21.5
-3.0,133.0,4.5,4,22.8375
-3.0,133.5,4.1,2,51.5
-3.0,134.0,5.2,21,31.44285714285714
-3.0,134.5,5.8,45,24.207866666666668
-3.0,135.0,6.1,13,24.227692307692305
-3.0,135.5,5.1,10,23.824
-3.0,136.0,6.8,38,29.260026315789474
-3.0,136.5,6.2,43,38.13067441860465
-3.0,137.0,5.9,43,45.21509302325581
-3.0,137.5,5.1,25,41.336360000000006
-3.0,138.0,5.2,26,45.173346153846154
-3.0,138.5,6.1,90,38.31247777777778
-3.0,139.0,5.9,191,39.19074869109948
-3.0,139.5,6.0,149,45.49363087248322
-3.0,140.0,5.6,64,44.991125000000004
-3.0,140.5,5.8,34,29.744705882352942
-3.0,141.0,5.7,46,27.73478260869565
-3.0,141.5,5.8,122,28.57188524590164
-3.0,142.0,7.0,163,23.749644171779142
-3.0,142.5,6.7,65,20.234584615384616
-3.0,143.0,6.1,60,15.676666666666668
-3.0,143.5,5.2,13,19.153846153846153
-3.0,144.0,5.4,5,17.82
-3.0,145.0,4.5,3,26.69666666666667
-3.0,145.5,4.8,6,20.173333333333332
-3.0,146.0,4.9,13,15.62076923076923
-3.0,146.5,6.2,49,12.947755102040817
-3.0,147.0,6.0,34,22.833529411764708
-3.0,147.5,5.4,72,22.21388888888889
-3.0,148.0,6.4,64,26.80515625
-3.0,148.5,6.2,34,20.645
-3.0,149.0,5.9,21,14.510952380952382
-3.0,149.5,4.7,4,21.5
-3.0,150.0,4.7,1,78.1
-3.0,150.5,6.3,18,25.13888888888889
-3.0,151.0,5.6,3,22.666666666666668
-3.0,151.5,4.5,1,10.0
-3.0,152.0,4.8,3,164.03333333333333
-3.0,152.5,4.8,5,79.58
-3.0,153.0,5.6,7,92.25428571428571
-3.0,153.5,4.9,5,28.139999999999997
-3.0,155.0,3.9,1,33.0
-3.0,155.5,3.6,1,33.0
-2.5,-124.5,4.4,1,10.0
-2.5,-106.0,4.5,1,10.0
-2.5,-105.5,4.6,2,10.0
-2.5,-102.5,5.4,5,10.0
-2.5,-102.0,4.5,1,10.0
-2.5,-101.0,4.5,1,10.0
-2.5,-98.0,4.5,1,10.0
-2.5,-97.0,4.5,1,10.0
-2.5,-81.5,4.5,2,17.25
-2.5,-81.0,4.8,6,37.193333333333335
-2.5,-80.5,5.6,8,37.05
-2.5,-80.0,5.8,16,58.0888125
-2.5,-79.5,5.3,20,65.45995
-2.5,-79.0,6.2,15,84.318
-2.5,-78.5,4.9,9,89.85444444444445
-2.5,-78.0,6.8,29,47.46896551724138
-2.5,-77.5,5.1,38,43.182105263157894
-2.5,-77.0,4.9,13,110.80615384615385
-2.5,-76.5,5.4,15,143.967
-2.5,-76.0,4.4,3,163.23333333333332
-2.5,-75.5,5.9,3,57.800000000000004
-2.5,-28.0,4.5,1,10.0
-2.5,-13.0,4.3,1,10.0
-2.5,-12.5,5.2,19,10.0
-2.5,-12.0,5.1,16,10.0
-2.5,24.0,4.5,1,10.0
-2.5,24.5,4.4,1,10.0
-2.5,28.0,5.4,3,10.0
-2.5,28.5,5.0,5,10.466
-2.5,29.0,5.9,24,10.092916666666666
-2.5,29.5,5.2,3,7.8
-2.5,35.5,4.1,1,10.0
-2.5,36.0,5.2,39,10.03076923076923
-2.5,36.5,5.9,5,9.6
-2.5,39.5,4.0,1,10.0
-2.5,47.0,5.0,1,10.0
-2.5,55.5,4.6,1,10.0
-2.5,67.0,4.7,1,10.0
-2.5,67.5,4.5,1,10.0
-2.5,68.0,5.8,46,10.419565217391305
-2.5,68.5,7.6,33,9.978787878787879
-2.5,69.0,5.2,7,10.0
-2.5,69.5,4.8,1,10.0
-2.5,74.0,4.0,1,10.0
-2.5,83.5,5.8,1,28.0
-2.5,85.0,4.4,1,10.0
-2.5,88.5,5.3,3,10.0
-2.5,89.0,4.3,1,15.01
-2.5,97.0,3.7,1,35.0
-2.5,99.0,4.8,6,33.733333333333334
-2.5,99.5,6.0,37,22.136486486486486
-2.5,100.0,7.2,72,29.811111111111114
-2.5,100.5,5.8,55,43.32836363636363
-2.5,101.0,7.9,28,50.42928571428571
-2.5,101.5,6.6,23,56.42782608695652
-2.5,102.0,6.0,36,130.21825
-2.5,102.5,5.8,13,172.16153846153844
-2.5,103.0,4.1,2,35.2
-2.5,103.5,4.4,2,307.35
-2.5,104.0,7.3,1,582.1
-2.5,110.0,4.7,2,12.645
-2.5,116.0,4.1,2,10.0
-2.5,118.5,4.2,1,10.0
-2.5,119.0,4.8,6,40.79666666666667
-2.5,119.5,5.6,8,42.2425
-2.5,120.0,4.9,4,30.175
-2.5,120.5,4.7,9,40.599999999999994
-2.5,121.0,5.3,15,32.55533333333333
-2.5,121.5,6.1,22,27.979090909090907
-2.5,122.0,5.8,18,23.89538888888889
-2.5,122.5,5.6,11,24.49909090909091
-2.5,123.0,4.7,4,29.525
-2.5,124.5,4.4,3,30.843333333333334
-2.5,125.0,5.1,7,31.15285714285714
-2.5,125.5,4.7,1,35.0
-2.5,126.0,4.9,6,55.785
-2.5,126.5,5.4,7,29.29
-2.5,127.0,4.5,12,38.18083333333333
-2.5,127.5,5.4,31,31.94935483870968
-2.5,128.0,6.1,30,35.07933333333334
-2.5,128.5,4.9,21,31.10285714285714
-2.5,129.0,5.0,34,23.491970588235294
-2.5,129.5,5.1,13,25.436923076923076
-2.5,130.0,5.0,7,32.385714285714286
-2.5,130.5,4.3,4,33.5
-2.5,131.5,3.8,1,10.0
-2.5,132.0,4.4,2,35.0
-2.5,132.5,4.0,1,15.23
-2.5,133.0,3.4,1,10.0
-2.5,133.5,4.8,8,28.02375
-2.5,134.0,5.3,39,32.06794871794872
-2.5,134.5,5.2,30,24.811733333333333
-2.5,135.0,5.1,7,34.387142857142855
-2.5,135.5,5.2,1,10.0
-2.5,136.0,4.9,2,33.0
-2.5,136.5,6.6,41,24.534878048780488
-2.5,137.0,4.5,6,39.34166666666667
-2.5,137.5,4.9,2,31.75
-2.5,138.0,6.4,41,27.655975609756098
-2.5,138.5,7.0,212,25.028033018867927
-2.5,139.0,6.7,196,35.78220918367347
-2.5,139.5,6.2,114,32.32354385964912
-2.5,140.0,5.5,115,29.634365217391306
-2.5,140.5,5.5,88,25.794693181818182
-2.5,141.0,5.5,48,23.867104166666667
-2.5,141.5,5.4,28,17.317857142857143
-2.5,142.0,5.1,23,22.030434782608694
-2.5,142.5,5.3,11,15.718181818181819
-2.5,143.0,4.5,4,15.75
-2.5,143.5,4.7,2,21.5
-2.5,145.0,4.4,2,34.0
-2.5,145.5,6.3,5,19.6
-2.5,146.0,5.3,8,23.0
-2.5,147.0,4.3,9,24.901111111111113
-2.5,147.5,4.7,3,20.36
-2.5,148.0,4.3,3,35.15
-2.5,148.5,4.3,1,10.0
-2.5,149.0,4.5,2,34.0
-2.5,149.5,4.4,1,48.29
-2.5,150.0,4.9,1,10.0
-2.5,151.0,4.3,2,22.5
-2.5,151.5,5.0,3,42.4
-2.5,152.0,4.9,2,10.525500000000001
-2.5,152.5,5.4,9,35.599999999999994
-2.5,153.0,5.1,6,34.31666666666667
-2.5,153.5,4.9,2,10.54
-2.0,-106.0,5.1,1,10.0
-2.0,-99.0,4.5,1,10.0
-2.0,-91.5,4.5,1,10.0
-2.0,-82.0,4.3,1,35.0
-2.0,-81.5,5.1,2,27.9035
-2.0,-81.0,6.3,14,26.614285714285717
-2.0,-80.5,5.5,16,51.57375
-2.0,-80.0,5.7,25,70.32472
-2.0,-79.5,5.6,19,86.843
-2.0,-79.0,4.7,9,45.721111111111114
-2.0,-78.5,4.7,11,103.64236363636364
-2.0,-78.0,5.0,29,137.82693103448275
-2.0,-77.5,5.5,27,131.14925925925925
-2.0,-77.0,7.5,17,140.9194117647059
-2.0,-76.5,4.1,1,160.5
-2.0,-76.0,4.8,3,39.666666666666664
-2.0,-75.5,5.5,1,183.5
-2.0,-75.0,3.6,1,33.0
-2.0,-74.5,4.4,1,10.0
-2.0,-63.5,4.4,1,18.1
-2.0,-16.5,4.9,1,10.0
-2.0,-15.0,4.7,1,10.0
-2.0,-13.5,4.5,1,10.0
-2.0,-13.0,5.5,13,9.838461538461539
-2.0,-12.5,5.0,8,11.4875
-2.0,-12.0,5.0,3,10.0
-2.0,20.5,4.4,1,10.02
-2.0,27.0,5.0,2,10.0
-2.0,27.5,4.8,3,10.0
-2.0,28.5,4.6,1,10.0
-2.0,29.0,6.2,22,10.090909090909092
-2.0,29.5,4.6,11,10.802727272727273
-2.0,30.0,4.8,1,33.0
-2.0,37.5,4.5,2,10.0
-2.0,55.5,5.2,6,10.0
-2.0,67.5,4.6,5,10.0
-2.0,68.0,6.0,80,10.27125
-2.0,68.5,4.7,4,10.0
-2.0,69.0,5.6,18,10.0
-2.0,69.5,4.7,2,11.98
-2.0,74.0,5.6,1,10.0
-2.0,75.0,4.5,1,10.0
-2.0,77.5,4.2,1,10.0
-2.0,81.5,4.8,1,10.0
-2.0,82.5,4.5,1,10.0
-2.0,85.0,4.8,1,10.0
-2.0,87.5,4.5,1,10.0
-2.0,88.0,5.1,1,10.0
-2.0,89.5,4.1,1,10.0
-2.0,92.0,6.8,1,32.2
-2.0,95.5,4.4,1,10.0
-2.0,97.5,5.7,5,33.18
-2.0,98.5,5.2,2,24.4
-2.0,99.0,5.6,12,23.719166666666666
-2.0,99.5,7.0,178,29.04631460674157
-2.0,100.0,6.7,115,32.96461739130435
-2.0,100.5,6.6,72,55.58031944444444
-2.0,101.0,5.4,23,64.36565217391305
-2.0,101.5,6.8,11,81.01181818181819
-2.0,102.0,4.7,24,165.97433333333333
-2.0,102.5,5.1,13,228.1946153846154
-2.0,104.0,4.4,1,10.0
-2.0,115.5,4.1,1,10.0
-2.0,116.0,4.7,2,23.1
-2.0,118.5,4.8,1,33.0
-2.0,119.0,5.4,9,30.783333333333335
-2.0,119.5,4.9,7,25.93285714285714
-2.0,120.0,5.4,10,52.211
-2.0,120.5,5.5,18,29.305555555555557
-2.0,121.0,5.1,16,33.33125
-2.0,121.5,4.6,7,32.691428571428574
-2.0,122.0,4.7,2,21.5
-2.0,122.5,6.8,39,14.924358974358974
-2.0,123.0,4.6,5,27.580000000000002
-2.0,123.5,4.5,1,29.95
-2.0,124.0,4.3,4,36.4
-2.0,124.5,5.7,31,36.03806451612903
-2.0,125.0,7.7,26,32.51461538461538
-2.0,125.5,5.0,16,34.900625
-2.0,126.0,5.2,12,36.574999999999996
-2.0,126.5,5.2,5,32.388
-2.0,127.0,5.0,3,28.599999999999998
-2.0,127.5,5.1,16,26.8275
-2.0,128.0,6.4,32,36.37525
-2.0,128.5,5.4,36,42.319694444444444
-2.0,129.0,5.0,20,29.081
-2.0,130.0,4.3,1,33.0
-2.0,131.0,3.7,1,33.0
-2.0,131.5,4.4,1,10.49
-2.0,132.5,4.4,1,33.0
-2.0,133.0,4.9,21,31.82161904761905
-2.0,133.5,5.8,63,28.746349206349205
-2.0,134.0,5.5,60,26.6705
-2.0,134.5,7.6,41,21.21951219512195
-2.0,135.0,4.4,4,34.0
-2.0,135.5,5.3,9,30.444444444444443
-2.0,136.0,6.3,11,25.243636363636366
-2.0,136.5,7.0,30,20.222666666666665
-2.0,137.0,5.1,15,34.89333333333333
-2.0,137.5,5.4,15,28.1
-2.0,138.0,6.2,27,23.48888888888889
-2.0,138.5,5.8,62,29.042467741935486
-2.0,139.0,6.3,164,31.61946951219512
-2.0,139.5,5.4,27,31.355666666666668
-2.0,140.0,5.6,12,15.616666666666667
-2.0,140.5,6.1,57,15.11957894736842
-2.0,141.0,4.7,11,16.782727272727275
-2.0,141.5,5.1,8,18.6875
-2.0,142.0,4.2,2,33.0
-2.0,142.5,5.2,2,33.0
-2.0,145.0,4.6,1,33.0
-2.0,145.5,4.9,3,33.0
-2.0,146.0,5.5,2,21.5
-2.0,146.5,4.5,3,33.0
-2.0,147.5,4.2,1,33.0
-2.0,148.5,4.3,1,44.44
-2.0,149.5,4.6,2,33.0
-2.0,150.5,4.5,2,29.6
-2.0,151.0,4.8,3,50.13333333333333
-2.0,151.5,4.8,1,65.5
-2.0,152.0,5.1,6,24.695000000000004
-2.0,152.5,5.2,3,22.070000000000004
-2.0,153.0,5.2,1,35.0
-1.5,-128.5,4.8,1,10.0
-1.5,-103.5,4.8,1,10.0
-1.5,-92.0,4.3,1,10.0
-1.5,-90.0,4.9,1,33.0
-1.5,-82.0,5.0,2,34.0
-1.5,-81.5,6.0,18,36.294444444444444
-1.5,-81.0,6.1,36,24.998055555555553
-1.5,-80.5,5.4,23,39.3614347826087
-1.5,-80.0,4.5,1,33.0
-1.5,-79.5,4.7,1,101.35
-1.5,-79.0,4.8,1,123.8
-1.5,-78.5,4.3,6,65.30833333333334
-1.5,-78.0,6.0,71,158.10464788732395
-1.5,-77.5,7.1,84,183.84203571428571
-1.5,-77.0,4.1,2,149.65
-1.5,-76.5,4.3,2,33.0
-1.5,-76.0,4.2,1,56.79
-1.5,-24.5,5.8,6,10.0
-1.5,-24.0,6.2,7,10.242857142857144
-1.5,-23.5,7.0,5,10.0
-1.5,-22.5,4.1,1,10.0
-1.5,-16.5,4.5,1,10.0
-1.5,-16.0,5.4,21,9.980952380952381
-1.5,-15.5,6.6,30,10.020000000000001
-1.5,-15.0,5.9,19,10.117368421052632
-1.5,-14.5,6.6,13,10.0
-1.5,-14.0,5.8,3,10.0
-1.5,-13.5,5.4,5,10.0
-1.5,-13.0,5.5,22,10.090909090909092
-1.5,-12.5,4.9,4,10.0
-1.5,-12.0,4.1,1,10.0
-1.5,-10.0,4.4,1,10.0
-1.5,10.0,4.5,1,10.0
-1.5,26.0,4.0,1,10.0
-1.5,26.5,4.4,3,10.0
-1.5,27.0,4.6,2,10.0755
-1.5,28.0,4.6,2,10.0
-1.5,28.5,5.1,4,10.0
-1.5,29.0,5.2,22,10.245454545454546
-1.5,29.5,4.7,10,10.265
-1.5,32.5,4.3,1,10.0
-1.5,34.0,4.4,1,10.0
-1.5,34.5,4.8,2,10.0
-1.5,35.0,5.2,1,10.0
-1.5,55.5,3.9,1,10.0
-1.5,56.0,5.0,2,10.0
-1.5,67.5,5.5,7,10.0
-1.5,68.0,5.7,4,10.0
-1.5,69.0,4.9,5,10.0
-1.5,69.5,4.9,12,10.608333333333333
-1.5,70.0,4.1,1,10.0
-1.5,86.5,4.7,1,10.0
-1.5,88.0,4.0,1,10.0
-1.5,89.0,7.0,10,10.0
-1.5,89.5,5.0,2,10.0
-1.5,97.0,5.1,2,15.51
-1.5,97.5,5.4,7,31.777142857142856
-1.5,98.5,4.9,5,17.6484
-1.5,99.0,5.4,20,23.884
-1.5,99.5,6.7,289,24.398408304498272
-1.5,100.0,6.5,106,31.955367924528304
-1.5,100.5,6.0,30,56.13366666666666
-1.5,101.0,5.0,9,65.74666666666667
-1.5,101.5,5.4,3,146.82466666666667
-1.5,105.5,4.1,1,10.0
-1.5,116.0,4.8,7,29.18857142857143
-1.5,118.0,4.9,1,30.0
-1.5,119.0,4.2,1,16.29
-1.5,119.5,5.7,22,31.194090909090907
-1.5,120.0,6.3,60,19.889200000000002
-1.5,120.5,6.6,80,20.2696125
-1.5,121.0,4.6,11,44.29
-1.5,121.5,5.0,5,31.296000000000003
-1.5,122.5,6.2,5,75.21
-1.5,123.0,5.5,9,42.80888888888889
-1.5,123.5,6.1,58,40.89293103448276
-1.5,124.0,5.0,13,31.775384615384613
-1.5,124.5,5.0,4,33.1575
-1.5,125.0,4.3,1,39.81
-1.5,125.5,4.0,1,32.87
-1.5,126.0,4.6,3,68.5
-1.5,126.5,5.8,34,32.773352941176476
-1.5,127.0,5.3,18,36.11333333333333
-1.5,127.5,6.7,79,32.772531645569615
-1.5,128.0,6.8,10,32.397000000000006
-1.5,128.5,4.5,3,30.426666666666666
-1.5,129.0,4.7,7,28.557142857142857
-1.5,129.5,5.0,7,29.428571428571427
-1.5,131.5,5.1,1,33.0
-1.5,132.0,4.9,4,24.365000000000002
-1.5,132.5,5.3,1,3.03
-1.5,133.0,4.9,4,38.475
-1.5,133.5,4.3,3,25.0
-1.5,134.0,6.7,91,21.188736263736264
-1.5,134.5,6.7,57,21.393859649122806
-1.5,135.0,4.6,10,30.21
-1.5,135.5,5.2,28,27.852857142857143
-1.5,136.0,4.8,14,31.958571428571428
-1.5,136.5,6.4,36,30.786666666666665
-1.5,137.0,5.6,34,29.317558823529414
-1.5,137.5,4.2,8,33.25
-1.5,138.0,5.6,17,36.118235294117646
-1.5,138.5,5.5,25,26.7568
-1.5,139.0,5.7,14,24.403785714285714
-1.5,139.5,4.0,1,10.0
-1.5,140.0,4.1,2,21.5
-1.5,141.0,4.3,1,10.0
-1.5,142.5,3.7,1,33.0
-1.5,144.5,4.2,1,56.4
-1.5,145.0,5.9,8,25.125
-1.5,145.5,5.8,16,30.5
-1.5,146.0,5.0,4,45.65
-1.5,146.5,4.0,1,10.0
-1.5,148.0,6.3,13,13.22
-1.5,148.5,4.6,4,36.855
-1.5,149.0,4.5,3,27.766666666666666
-1.5,149.5,6.4,18,39.742222222222225
-1.5,150.0,5.0,15,42.480000000000004
-1.5,150.5,5.1,7,28.428571428571427
-1.5,151.5,4.6,1,30.0
-1.5,152.0,4.8,2,31.589999999999996
-1.5,152.5,4.2,1,35.0
-1.5,153.5,4.0,1,324.11
-1.0,-103.5,4.8,2,11.8
-1.0,-98.5,4.1,2,10.0
-1.0,-92.0,4.3,1,10.0
-1.0,-91.5,4.7,4,10.0
-1.0,-91.0,5.4,6,10.765
-1.0,-82.0,4.4,1,10.0
-1.0,-81.5,6.1,4,16.85
-1.0,-81.0,6.2,43,16.341627906976747
-1.0,-80.5,5.2,31,30.216967741935484
-1.0,-80.0,4.6,9,62.09877777777778
-1.0,-79.5,4.0,2,84.75
-1.0,-79.0,4.6,9,75.97733333333333
-1.0,-78.5,6.0,20,17.93
-1.0,-78.0,5.9,10,19.505000000000003
-1.0,-77.5,5.5,12,169.2825
-1.0,-77.0,5.9,6,163.17666666666668
-1.0,-76.5,4.0,1,35.7
-1.0,-25.0,4.7,1,10.0
-1.0,-24.5,5.6,33,10.622424242424243
-1.0,-24.0,6.3,14,10.885714285714286
-1.0,-23.5,6.5,12,10.0
-1.0,-23.0,4.8,2,10.0
-1.0,-22.0,6.8,10,10.72
-1.0,-21.5,6.9,7,10.0
-1.0,-21.0,6.8,7,10.0
-1.0,-20.5,6.6,2,10.0
-1.0,-19.0,3.6,1,10.0
-1.0,-18.5,4.6,2,10.0
-1.0,-16.0,5.4,22,10.563636363636364
-1.0,-15.0,4.6,3,10.0
-1.0,-14.5,5.3,10,10.0
-1.0,-14.0,6.4,15,10.139999999999999
-1.0,-13.5,6.9,14,12.321428571428571
-1.0,-13.0,5.3,18,9.975555555555555
-1.0,-12.5,4.8,3,10.0
-1.0,4.5,4.6,1,15.61
-1.0,6.5,4.5,1,10.0
-1.0,10.0,5.5,5,10.0
-1.0,10.5,5.3,3,9.333333333333334
-1.0,24.0,4.5,1,10.0
-1.0,26.0,4.4,1,10.0
-1.0,26.5,4.6,1,10.0
-1.0,27.0,5.3,6,9.198333333333332
-1.0,27.5,4.9,6,10.0
-1.0,28.0,4.6,2,10.0
-1.0,28.5,4.5,2,10.0
-1.0,29.0,5.3,2,7.0
-1.0,29.5,4.6,3,10.0
-1.0,30.0,4.3,1,10.0
-1.0,31.5,5.9,2,25.06
-1.0,33.5,4.7,1,24.7
-1.0,67.0,4.7,3,10.0
-1.0,67.5,5.7,15,10.710666666666667
-1.0,68.0,5.6,1,10.0
-1.0,69.5,5.4,8,10.0
-1.0,70.0,5.1,1,10.0
-1.0,80.5,5.2,2,10.0
-1.0,84.0,4.8,1,6.7
-1.0,84.5,4.0,1,10.0
-1.0,92.5,4.6,1,10.0
-1.0,97.0,4.4,7,21.5
-1.0,97.5,6.1,23,28.923478260869565
-1.0,98.0,5.9,21,24.894761904761904
-1.0,98.5,7.1,46,22.51473913043478
-1.0,99.0,5.0,8,30.9225
-1.0,99.5,4.5,7,59.005
-1.0,100.0,6.4,40,64.6185
-1.0,100.5,5.2,24,79.043125
-1.0,101.0,4.6,7,93.50857142857144
-1.0,101.5,4.5,6,166.13333333333335
-1.0,102.0,5.0,2,145.9
-1.0,103.5,4.4,1,33.0
-1.0,115.0,4.9,1,33.0
-1.0,116.0,4.2,1,16.3
-1.0,119.5,5.3,10,42.207
-1.0,120.0,6.3,44,22.819772727272724
-1.0,120.5,5.9,64,28.31725
-1.0,121.0,4.7,16,26.39125
-1.0,121.5,6.2,25,27.644000000000002
-1.0,122.0,6.3,11,67.35709090909091
-1.0,122.5,5.1,19,45.35368421052632
-1.0,123.0,5.0,13,62.52230769230769
-1.0,123.5,7.6,51,43.21843137254902
-1.0,124.0,5.5,17,58.002941176470586
-1.0,124.5,5.4,6,47.151999999999994
-1.0,125.0,4.8,3,41.836666666666666
-1.0,125.5,4.3,3,37.86666666666667
-1.0,126.0,4.4,2,21.5
-1.0,126.5,5.0,12,28.310833333333335
-1.0,127.0,6.7,134,26.883582089552238
-1.0,127.5,6.3,130,21.684461538461537
-1.0,128.0,6.4,25,24.694000000000003
-1.0,128.5,5.8,14,18.02642857142857
-1.0,129.0,5.8,6,23.8
-1.0,129.5,6.1,10,28.810000000000002
-1.0,130.0,4.9,2,31.25
-1.0,130.5,4.5,3,13.703333333333333
-1.0,131.0,4.8,24,25.986666666666665
-1.0,131.5,4.6,11,34.03181818181818
-1.0,132.0,4.3,2,55.3
-1.0,132.5,5.2,2,21.5
-1.0,133.0,5.4,17,36.188235294117646
-1.0,133.5,5.5,38,31.687
-1.0,134.0,5.9,33,28.644757575757577
-1.0,134.5,5.5,18,30.535444444444447
-1.0,135.0,5.2,6,31.383333333333336
-1.0,135.5,4.8,18,43.013333333333335
-1.0,136.0,6.5,46,34.85608695652174
-1.0,136.5,6.0,144,32.92256944444445
-1.0,137.0,8.09,116,31.686344827586208
-1.0,137.5,6.2,26,31.98076923076923
-1.0,138.0,5.0,6,32.9
-1.0,138.5,5.2,4,25.585
-1.0,139.0,4.4,4,33.5
-1.0,140.0,4.4,1,35.0
-1.0,141.5,4.6,1,33.0
-1.0,145.5,4.5,4,34.2
-1.0,146.0,4.3,2,34.9
-1.0,146.5,5.1,5,29.380000000000003
-1.0,147.0,5.0,8,21.8625
-1.0,147.5,4.2,1,34.95
-1.0,148.0,5.6,4,22.0
-1.0,148.5,6.3,12,16.324166666666667
-1.0,149.5,4.8,8,30.125
-1.0,150.0,4.9,4,29.47
-1.0,150.5,4.7,1,13.9
-1.0,152.5,4.7,1,33.0
-0.5,-92.0,5.7,3,10.0
-0.5,-91.5,5.4,13,11.86153846153846
-0.5,-91.0,5.2,4,10.0
-0.5,-81.0,5.5,25,17.02
-0.5,-80.5,7.2,33,19.902424242424242
-0.5,-80.0,5.8,7,35.16428571428572
-0.5,-79.5,4.5,3,75.726
-0.5,-79.0,4.7,2,30.65
-0.5,-78.5,4.7,2,35.160000000000004
-0.5,-78.0,4.9,6,20.383333333333333
-0.5,-77.5,5.1,7,32.75142857142857
-0.5,-77.0,4.5,2,33.0
-0.5,-76.5,4.0,1,145.11
-0.5,-61.5,4.7,1,10.0
-0.5,-60.5,4.7,2,7.25
-0.5,-28.5,4.7,1,10.0
-0.5,-24.5,4.3,2,10.0
-0.5,-23.5,4.5,1,10.0
-0.5,-22.5,4.5,2,10.0
-0.5,-22.0,5.5,3,10.0
-0.5,-21.5,4.7,3,10.236666666666666
-0.5,-21.0,6.4,6,9.758333333333333
-0.5,-20.5,5.8,11,10.0
-0.5,-20.0,6.2,37,10.0
-0.5,-19.5,6.8,17,11.005882352941176
-0.5,-19.0,5.8,11,10.0
-0.5,-18.5,5.9,6,11.166666666666666
-0.5,-18.0,5.7,7,10.0
-0.5,-17.5,6.3,3,10.666666666666666
-0.5,-17.0,4.6,1,10.0
-0.5,-16.5,5.2,5,10.0
-0.5,-16.0,5.4,17,10.0
-0.5,-15.5,4.3,1,10.0
-0.5,-14.0,4.9,3,10.0
-0.5,-13.5,4.6,1,10.0
-0.5,-13.0,4.8,5,10.0
-0.5,-12.5,4.9,2,10.0
-0.5,-11.5,5.2,1,10.0
-0.5,-9.0,4.2,1,10.0
-0.5,-6.5,5.0,2,10.0
-0.5,6.0,4.4,1,10.0
-0.5,26.0,4.2,1,10.0
-0.5,26.5,4.5,1,10.0
-0.5,27.5,4.2,1,10.1
-0.5,28.0,4.1,1,10.0
-0.5,28.5,4.6,1,10.0
-0.5,29.0,5.4,2,10.0
-0.5,29.5,5.2,9,13.086111111111112
-0.5,30.0,4.8,3,12.233333333333334
-0.5,32.0,3.2,1,10.0
-0.5,33.5,4.6,1,10.0
-0.5,67.0,4.9,11,10.457272727272727
-0.5,67.5,5.4,15,10.32
-0.5,78.5,4.2,1,10.0
-0.5,80.5,4.2,1,10.0
-0.5,82.5,4.5,1,10.0
-0.5,84.0,4.7,1,4.1
-0.5,84.5,4.6,1,10.0
-0.5,87.0,5.2,2,21.5
-0.5,89.5,4.6,1,10.0
-0.5,91.5,4.8,2,10.0
-0.5,92.0,4.3,1,10.0
-0.5,96.0,4.9,1,29.81
-0.5,96.5,4.6,9,28.622222222222224
-0.5,97.0,5.2,34,28.333823529411767
-0.5,97.5,5.7,10,18.493000000000002
-0.5,98.0,5.7,29,23.252413793103447
-0.5,98.5,6.7,32,35.29184375
-0.5,99.0,5.1,36,54.439166666666665
-0.5,99.5,7.0,20,64.9005
-0.5,100.0,7.6,19,88.56947368421052
-0.5,100.5,6.4,20,40.40435
-0.5,101.0,5.7,9,75.04444444444444
-0.5,101.5,4.5,1,183.5
-0.5,110.0,4.1,1,33.0
-0.5,112.0,4.7,1,33.0
-0.5,119.5,5.0,4,44.4
-0.5,120.0,7.5,73,29.226849315068492
-0.5,120.5,4.6,1,10.0
-0.5,121.0,5.2,6,40.788333333333334
-0.5,121.5,5.5,5,26.672000000000004
-0.5,122.0,5.8,63,24.729444444444443
-0.5,122.5,6.1,31,53.192903225806454
-0.5,123.0,6.3,47,71.18517021276595
-0.5,123.5,6.0,51,47.70398039215686
-0.5,124.0,6.1,48,70.80856250000001
-0.5,124.5,5.6,55,60.436927272727274
-0.5,125.0,6.0,59,45.44338983050847
-0.5,125.5,4.9,51,42.70529411764706
-0.5,126.0,5.5,22,43.38363636363636
-0.5,126.5,4.5,8,58.535
-0.5,127.0,5.1,12,65.37708333333333
-0.5,127.5,5.6,50,46.6198
-0.5,128.0,5.1,20,23.7525
-0.5,128.5,4.7,3,34.333333333333336
-0.5,129.0,5.0,4,25.6825
-0.5,129.5,5.2,11,28.162545454545455
-0.5,130.0,4.9,5,27.754
-0.5,130.5,4.9,6,32.15
-0.5,131.0,4.8,12,15.800833333333335
-0.5,131.5,6.6,24,24.07875
-0.5,132.0,5.6,37,31.98108108108108
-0.5,132.5,5.7,103,36.355087378640775
-0.5,133.0,7.7,176,32.993863636363635
-0.5,133.5,7.4,86,30.964418604651165
-0.5,134.0,5.3,31,29.169
-0.5,134.5,6.2,10,24.9272
-0.5,135.0,5.1,22,31.572727272727274
-0.5,135.5,5.8,60,30.398333333333333
-0.5,136.0,6.5,37,29.114594594594596
-0.5,136.5,5.7,43,31.77651162790698
-0.5,137.0,4.7,8,33.125
-0.5,137.5,4.7,9,36.05555555555556
-0.5,138.0,4.5,1,10.0
-0.5,138.5,4.5,1,14.71
-0.5,139.0,4.4,2,21.5
-0.5,143.5,4.4,1,10.0
-0.5,145.5,4.6,1,51.9
-0.5,146.5,6.2,3,14.633333333333333
-0.5,147.5,4.7,1,35.0
-0.5,149.5,4.8,1,33.0
-0.5,150.5,4.7,1,33.0
-0.5,151.0,4.6,1,10.0
-0.0,-91.5,5.0,2,18.35
-0.0,-91.0,4.7,9,11.600000000000001
-0.0,-85.0,4.2,1,10.0
-0.0,-81.5,3.9,1,18.62
-0.0,-81.0,4.9,6,10.0
-0.0,-80.5,6.6,24,19.834458333333334
-0.0,-80.0,5.0,16,29.770625000000003
-0.0,-79.5,4.5,3,44.23333333333333
-0.0,-79.0,4.8,6,26.188333333333333
-0.0,-78.5,5.3,23,11.912478260869566
-0.0,-78.0,4.5,2,10.0
-0.0,-77.5,4.9,5,25.9056
-0.0,-63.5,4.2,1,33.0
-0.0,-28.5,4.7,2,10.0
-0.0,-26.0,3.7,1,10.0
-0.0,-25.0,4.6,6,10.0
-0.0,-23.0,4.1,1,10.0
-0.0,-20.5,4.6,1,10.0
-0.0,-20.0,4.5,1,10.0
-0.0,-19.5,4.2,1,10.0
-0.0,-19.0,5.8,2,10.0
-0.0,-18.5,5.1,11,10.0
-0.0,-18.0,7.1,38,9.868421052631579
-0.0,-17.5,6.6,30,10.327666666666666
-0.0,-17.0,5.7,33,10.167272727272726
-0.0,-16.5,5.5,66,10.348484848484848
-0.0,-16.0,5.2,9,10.0
-0.0,-15.5,4.3,3,10.026666666666666
-0.0,-13.0,4.7,1,10.0
-0.0,25.5,4.9,1,10.0
-0.0,26.5,4.5,1,10.0
-0.0,27.5,4.5,1,10.0
-0.0,28.0,4.4,3,10.0
-0.0,29.5,4.7,7,11.564285714285715
-0.0,30.0,5.3,14,11.393571428571429
-0.0,33.0,4.5,1,33.0
-0.0,33.5,4.5,1,10.0
-0.0,34.5,5.0,1,10.0
-0.0,36.0,4.7,1,10.0
-0.0,49.5,4.2,1,10.0
-0.0,67.0,5.2,11,10.312727272727273
-0.0,67.5,4.5,1,10.0
-0.0,88.5,5.9,1,31.0
-0.0,92.0,5.6,17,11.058823529411764
-0.0,92.5,4.3,1,10.0
-0.0,94.5,4.2,1,34.0
-0.0,96.5,6.7,74,16.004189189189187
-0.0,97.0,6.8,116,27.702155172413793
-0.0,97.5,6.1,81,24.83125925925926
-0.0,98.0,5.7,61,29.362950819672132
-0.0,98.5,5.8,62,40.72516129032258
-0.0,99.0,5.6,14,50.995
-0.0,99.5,5.1,7,96.35857142857142
-0.0,100.0,6.1,22,24.721454545454545
-0.0,100.5,4.7,8,122.9475
-0.0,101.0,4.0,1,150.0
-0.0,102.0,4.2,1,136.7
-0.0,119.0,4.3,1,33.0
-0.0,119.5,6.7,18,24.41111111111111
-0.0,120.0,5.8,43,34.28093023255814
-0.0,120.5,5.9,9,71.02222222222223
-0.0,121.0,4.8,5,125.58599999999998
-0.0,121.5,4.6,17,178.43764705882353
-0.0,122.0,5.7,79,207.69979746835443
-0.0,122.5,5.4,40,181.37975
-0.0,123.0,6.1,208,142.1933701923077
-0.0,123.5,5.9,256,144.3066875
-0.0,124.0,6.1,96,102.75172916666666
-0.0,124.5,6.3,162,65.53275925925927
-0.0,125.0,6.2,149,47.674322147651004
-0.0,125.5,5.4,87,38.638471264367816
-0.0,126.0,5.5,86,37.62746511627907
-0.0,126.5,5.6,69,46.779666666666664
-0.0,127.0,5.9,34,63.40117647058823
-0.0,127.5,6.4,27,105.14074074074075
-0.0,128.0,4.4,2,74.705
-0.0,128.5,4.8,1,28.87
-0.0,129.0,4.8,4,21.5
-0.0,129.5,5.0,13,29.276538461538465
-0.0,130.0,4.9,8,29.33375
-0.0,130.5,5.1,10,24.4
-0.0,131.0,4.7,5,19.6
-0.0,131.5,5.0,2,21.5
-0.0,132.5,4.8,8,26.7425
-0.0,133.0,5.2,10,33.739999999999995
-0.0,133.5,5.6,6,25.659499999999998
-0.0,134.0,4.6,1,10.0
-0.0,134.5,4.7,2,33.0
-0.0,135.0,5.0,3,28.400000000000002
-0.0,135.5,3.1,1,33.0
-0.0,136.5,4.3,1,33.0
-0.0,137.0,4.5,5,30.004
-0.0,137.5,4.2,1,33.0
-0.0,143.5,4.5,2,21.5
-0.0,146.0,4.5,1,15.51
-0.0,146.5,4.9,1,10.0
-0.0,149.5,5.9,3,26.833333333333332
-0.0,150.5,4.3,1,35.0
-0.0,152.0,4.5,1,33.0
-0.0,170.0,5.0,1,10.0
0.5,-103.0,4.4,1,10.0
0.5,-101.5,4.5,1,10.0
0.5,-100.0,4.7,1,10.0
0.5,-92.0,3.8,1,10.0
0.5,-91.0,3.8,1,10.0
0.5,-89.5,5.3,1,10.03
0.5,-85.5,4.5,2,21.5
0.5,-83.5,4.7,2,13.34
0.5,-80.5,5.7,20,16.811799999999998
0.5,-80.0,7.8,46,22.715086956521738
0.5,-79.5,6.9,13,37.27538461538462
0.5,-79.0,4.9,7,57.174285714285716
0.5,-78.5,5.3,6,34.195
0.5,-78.0,5.7,16,15.51775
0.5,-77.5,5.2,4,40.2325
0.5,-69.0,4.4,1,12.64
0.5,-30.5,6.3,2,10.0
0.5,-30.0,5.8,9,10.0
0.5,-29.5,5.5,8,10.0
0.5,-29.0,5.1,14,10.0
0.5,-28.5,4.6,2,10.0
0.5,-28.0,5.3,5,10.0
0.5,-27.5,4.7,6,10.0
0.5,-27.0,5.1,4,10.735
0.5,-26.5,5.9,6,10.693333333333333
0.5,-26.0,5.9,16,10.30625
0.5,-25.5,6.1,19,10.0
0.5,-25.0,5.6,22,10.0
0.5,-19.0,4.2,1,10.0
0.5,-18.0,4.4,1,10.0
0.5,-17.5,4.9,8,10.0
0.5,-17.0,4.4,6,10.133333333333333
0.5,-16.5,5.4,8,12.875
0.5,-16.0,4.9,4,10.0
0.5,17.5,4.6,1,10.0
0.5,21.5,4.6,1,10.0
0.5,29.5,4.6,6,11.393333333333333
0.5,30.0,6.2,23,13.860869565217392
0.5,30.5,4.4,3,17.666666666666668
0.5,66.5,5.4,1,10.0
0.5,67.0,5.4,15,10.0
0.5,67.5,4.5,6,11.033333333333333
0.5,90.0,4.3,1,10.0
0.5,91.5,5.2,2,12.719999999999999
0.5,92.0,5.1,9,11.74
0.5,92.5,5.2,24,12.182916666666666
0.5,93.0,5.4,3,10.4
0.5,94.0,4.3,1,10.0
0.5,94.5,4.0,1,10.0
0.5,95.0,4.2,1,42.9
0.5,96.5,5.0,49,19.95326530612245
0.5,97.0,5.4,85,25.60623529411765
0.5,97.5,5.8,116,29.255086206896554
0.5,98.0,6.1,51,32.191372549019604
0.5,98.5,6.7,84,44.15332142857143
0.5,99.0,4.9,18,63.631777777777785
0.5,99.5,4.8,21,81.56561904761904
0.5,100.0,5.8,41,117.52909756097561
0.5,100.5,4.6,8,181.675
0.5,101.0,4.7,2,89.85
0.5,101.5,4.5,2,74.55
0.5,102.0,4.0,1,177.2
0.5,109.0,4.7,1,2.7
0.5,118.0,4.6,1,10.0
0.5,118.5,4.4,1,30.0
0.5,119.5,5.6,12,35.435833333333335
0.5,120.0,7.9,22,86.47304545454546
0.5,120.5,5.7,57,61.46140350877193
0.5,121.0,5.4,22,95.92313636363637
0.5,121.5,6.4,44,102.64911363636362
0.5,122.0,6.0,95,156.28896842105263
0.5,122.5,6.0,79,116.46091139240507
0.5,123.0,5.6,17,93.20176470588234
0.5,123.5,5.3,69,217.0563188405797
0.5,124.0,5.2,74,186.35921621621623
0.5,124.5,5.8,31,107.27722580645161
0.5,125.0,5.5,28,60.53660714285714
0.5,125.5,5.8,89,51.12529213483146
0.5,126.0,6.9,199,40.94193969849246
0.5,126.5,6.2,230,38.75034782608696
0.5,127.0,5.2,47,58.520425531914896
0.5,127.5,4.9,20,86.8885
0.5,128.0,5.1,7,37.07142857142857
0.5,128.5,5.0,7,32.71
0.5,129.0,4.4,8,52.77375
0.5,129.5,4.7,5,30.440199999999997
0.5,130.0,5.1,4,29.130000000000003
0.5,130.5,4.6,3,17.666666666666668
0.5,131.5,4.5,1,10.0
0.5,132.5,4.1,1,16.31
0.5,133.0,4.6,1,14.0
0.5,134.5,4.3,1,38.19
0.5,135.0,4.5,2,12.74
0.5,137.5,3.8,1,33.0
0.5,144.5,4.1,1,55.8
0.5,145.5,4.9,1,10.0
0.5,146.0,4.9,4,10.4225
0.5,146.5,4.7,16,14.598125
0.5,147.5,4.5,1,14.97
0.5,169.5,5.2,1,10.0
1.0,-102.5,4.5,1,10.0
1.0,-102.0,4.3,1,10.0
1.0,-101.5,5.6,4,10.0
1.0,-101.0,4.4,1,10.0
1.0,-97.5,4.4,1,10.0
1.0,-94.5,4.3,1,10.0
1.0,-91.5,4.4,1,10.0
1.0,-91.0,5.2,1,10.0
1.0,-90.5,5.9,12,13.833333333333334
1.0,-87.5,5.4,4,11.875
1.0,-87.0,4.7,2,21.5
1.0,-85.5,5.7,27,17.106666666666666
1.0,-85.0,5.6,17,25.60411764705882
1.0,-83.5,3.9,1,10.0
1.0,-80.5,4.5,1,10.0
1.0,-80.0,5.2,11,27.823636363636364
1.0,-79.5,5.8,35,29.146285714285714
1.0,-79.0,4.6,6,26.400000000000002
1.0,-78.5,5.0,2,26.11
1.0,-78.0,4.8,12,30.080333333333332
1.0,-77.5,6.9,6,51.376666666666665
1.0,-40.5,4.5,2,10.0
1.0,-30.5,5.2,4,10.0
1.0,-30.0,6.7,7,10.0
1.0,-29.5,6.3,18,10.0
1.0,-29.0,5.8,40,10.0075
1.0,-28.5,5.5,24,10.0
1.0,-28.0,6.0,33,10.13969696969697
1.0,-27.5,5.5,17,10.0
1.0,-27.0,6.9,17,10.0
1.0,-26.5,5.6,12,10.0
1.0,-26.0,6.0,10,10.0
1.0,-25.5,5.6,5,10.0
1.0,-25.0,4.4,2,10.0
1.0,-16.5,4.7,1,10.0
1.0,-13.5,4.2,1,10.0
1.0,17.5,5.2,4,10.0
1.0,19.5,5.5,2,10.0
1.0,26.0,4.7,3,10.0
1.0,26.5,4.3,1,10.0
1.0,29.5,4.9,3,10.0
1.0,30.0,4.8,8,11.0875
1.0,30.5,4.8,6,12.713333333333333
1.0,67.0,5.4,5,10.0
1.0,67.5,4.6,6,10.0
1.0,82.5,6.1,1,10.0
1.0,88.5,4.5,1,10.0
1.0,90.0,4.3,1,10.0
1.0,91.0,4.4,2,10.0
1.0,91.5,5.1,16,10.94375
1.0,92.0,5.5,48,10.189791666666666
1.0,92.5,8.2,20,14.666999999999998
1.0,93.0,4.9,8,10.675
1.0,95.5,4.6,7,9.200000000000001
1.0,96.0,5.2,5,13.998000000000001
1.0,96.5,4.9,15,28.08
1.0,97.0,5.8,475,27.334627368421053
1.0,97.5,6.2,357,29.743361344537814
1.0,98.0,6.1,45,32.458666666666666
1.0,98.5,5.4,26,60.86230769230769
1.0,99.0,6.1,38,88.31052631578947
1.0,99.5,5.3,19,60.448
1.0,100.0,5.7,19,156.71736842105264
1.0,100.5,4.9,12,207.62166666666667
1.0,101.0,4.8,1,273.8
1.0,101.5,4.4,1,18.9
1.0,118.0,4.9,2,33.0
1.0,118.5,5.4,6,32.49666666666666
1.0,119.0,4.2,1,33.0
1.0,119.5,4.9,5,24.762
1.0,120.0,6.1,79,39.979101265822784
1.0,120.5,7.0,50,58.977399999999996
1.0,121.0,5.8,23,117.23191304347826
1.0,121.5,5.6,31,67.13516129032259
1.0,122.0,6.0,39,58.35282051282052
1.0,122.5,7.0,46,55.14852173913043
1.0,123.0,7.8,67,57.641880597014925
1.0,123.5,6.5,43,57.48186046511628
1.0,124.0,6.2,88,149.59772727272727
1.0,124.5,6.3,35,168.55351428571427
1.0,125.0,5.3,23,60.896086956521735
1.0,125.5,5.5,65,55.94712307692308
1.0,126.0,6.6,353,31.21945892351275
1.0,126.5,7.5,333,34.40156756756757
1.0,127.0,5.7,133,69.19343609022557
1.0,127.5,7.0,121,56.18457851239669
1.0,128.0,6.0,45,32.516444444444446
1.0,128.5,5.2,13,43.565999999999995
1.0,129.0,6.0,20,32.2125
1.0,129.5,5.0,5,23.52
1.0,130.5,4.6,2,33.0
1.0,131.5,4.2,1,10.0
1.0,132.0,4.9,2,24.755000000000003
1.0,132.5,5.4,10,13.123
1.0,133.0,4.7,3,19.766666666666666
1.0,133.5,4.5,1,30.0
1.0,134.5,4.6,1,10.0
1.0,135.0,4.1,1,35.0
1.0,146.0,6.9,19,13.191052631578946
1.0,146.5,5.7,11,12.123636363636363
1.5,-110.0,4.2,2,10.0
1.5,-102.5,4.9,4,10.0
1.5,-102.0,5.2,4,10.0
1.5,-101.5,5.7,9,10.022222222222222
1.5,-101.0,5.0,19,10.126315789473685
1.5,-100.5,4.7,2,10.0
1.5,-100.0,4.1,2,10.0
1.5,-99.5,4.3,1,10.0
1.5,-98.5,4.3,1,10.0
1.5,-98.0,4.5,2,10.0
1.5,-97.5,4.5,3,10.0
1.5,-97.0,4.3,3,10.0
1.5,-96.0,4.4,1,10.0
1.5,-95.0,4.4,1,10.0
1.5,-94.0,3.6,1,10.0
1.5,-93.5,4.7,1,10.0
1.5,-91.0,5.8,30,10.390333333333333
1.5,-90.5,5.6,19,10.0
1.5,-90.0,5.1,1,10.0
1.5,-89.0,4.3,1,10.0
1.5,-87.0,3.8,1,10.0
1.5,-86.5,4.2,2,10.0
1.5,-85.5,6.0,12,15.566666666666668
1.5,-85.0,6.2,16,21.41875
1.5,-84.5,5.5,5,19.2
1.5,-84.0,4.7,3,33.0
1.5,-82.5,5.1,1,33.0
1.5,-80.0,4.7,3,34.43333333333333
1.5,-79.5,5.7,7,23.39428571428571
1.5,-79.0,4.7,2,25.5
1.5,-78.5,4.5,2,41.2
1.5,-78.0,4.0,1,33.0
1.5,-77.5,5.2,3,52.56666666666666
1.5,-77.0,4.7,1,138.08
1.5,-76.5,3.7,1,48.7
1.5,-76.0,4.6,1,23.3
1.5,-41.5,4.7,1,33.0
1.5,-31.0,4.7,2,12.46
1.5,-30.5,4.7,7,10.0
1.5,-29.5,4.6,2,10.0
1.5,-29.0,4.6,1,10.0
1.5,-28.5,4.8,1,10.0
1.5,-28.0,5.5,1,10.0
1.5,-27.0,3.8,1,10.0
1.5,-17.5,4.4,1,10.0
1.5,27.0,4.3,1,10.0
1.5,30.5,4.8,5,19.830000000000002
1.5,31.0,5.9,14,11.087857142857143
1.5,32.0,4.3,1,10.0
1.5,66.5,5.4,10,10.0
1.5,67.0,5.3,26,10.0
1.5,67.5,5.5,4,10.0
1.5,68.0,5.0,6,10.81
1.5,89.5,4.8,12,11.2475
1.5,90.0,4.7,4,10.0
1.5,90.5,4.7,2,10.0
1.5,91.0,5.5,14,10.028571428571428
1.5,91.5,6.0,17,10.055294117647058
1.5,92.0,5.3,19,12.763157894736842
1.5,92.5,5.3,10,15.972999999999999
1.5,93.0,5.5,2,21.0
1.5,93.5,4.0,1,10.0
1.5,94.0,4.6,4,21.177500000000002
1.5,95.0,4.9,8,18.1125
1.5,95.5,4.9,5,30.48
1.5,96.0,4.3,3,31.0
1.5,96.5,6.0,12,29.031666666666666
1.5,97.0,6.3,404,28.890621287128713
1.5,97.5,5.2,66,34.7580303030303
1.5,98.0,5.7,24,42.53125
1.5,98.5,4.8,9,87.97
1.5,99.0,6.0,69,72.78907246376812
1.5,99.5,5.0,44,149.71336363636362
1.5,100.0,4.9,9,196.4488888888889
1.5,100.5,6.2,2,220.0
1.5,102.5,3.8,1,35.0
1.5,116.0,5.3,1,11.0
1.5,118.0,4.9,8,33.0625
1.5,118.5,4.1,1,10.0
1.5,119.0,5.3,4,22.2925
1.5,119.5,4.3,1,33.0
1.5,120.0,5.3,2,47.4
1.5,120.5,5.2,9,41.388888888888886
1.5,121.0,5.3,16,63.61875
1.5,121.5,6.0,18,120.54444444444445
1.5,122.0,7.4,44,92.60795454545455
1.5,122.5,5.7,46,72.78347826086956
1.5,123.0,6.5,73,51.29098630136986
1.5,123.5,5.8,60,33.88333333333333
1.5,124.0,5.5,33,160.15757575757576
1.5,124.5,5.0,49,198.84271428571427
1.5,125.0,5.2,22,166.32868181818182
1.5,125.5,5.7,39,55.52712820512821
1.5,126.0,7.1,149,43.754604026845634
1.5,126.5,7.1,626,39.463696485623004
1.5,127.0,6.1,294,91.07437074829933
1.5,127.5,6.4,236,114.68307627118644
1.5,128.0,5.7,71,64.03352112676056
1.5,128.5,5.7,76,59.10567105263158
1.5,129.0,6.7,26,42.72657692307693
1.5,129.5,5.7,15,29.273333333333333
1.5,130.5,4.3,1,14.26
1.5,132.5,5.1,6,23.116666666666664
1.5,133.0,6.2,9,9.444444444444445
1.5,133.5,4.6,1,10.0
2.0,-154.5,4.9,1,33.0
2.0,-152.5,4.7,1,10.0
2.0,-110.0,4.8,1,10.0
2.0,-102.0,5.6,13,10.0
2.0,-101.5,5.1,13,10.452307692307691
2.0,-101.0,5.7,11,11.299999999999999
2.0,-100.5,4.4,9,10.0
2.0,-100.0,5.0,6,10.0
2.0,-99.5,4.7,5,10.0
2.0,-99.0,5.7,11,10.454545454545455
2.0,-98.5,4.3,1,10.0
2.0,-98.0,5.1,11,10.0
2.0,-97.5,4.7,11,10.0
2.0,-97.0,5.0,7,11.848571428571429
2.0,-96.5,5.0,3,12.166666666666666
2.0,-96.0,4.3,2,10.0
2.0,-95.5,4.2,2,10.0
2.0,-95.0,4.5,2,10.0
2.0,-94.5,4.2,1,10.0
2.0,-93.5,4.2,1,10.0
2.0,-93.0,4.6,1,10.0
2.0,-91.5,4.4,1,10.0
2.0,-91.0,4.8,6,10.0
2.0,-90.5,5.9,10,10.73
2.0,-89.5,4.3,1,10.0
2.0,-85.5,5.1,3,18.333333333333332
2.0,-85.0,4.5,10,30.660000000000004
2.0,-84.5,5.3,30,16.891000000000002
2.0,-84.0,4.4,3,17.666666666666668
2.0,-83.5,4.5,2,22.7
2.0,-83.0,3.5,1,97.9
2.0,-80.5,4.7,3,33.0
2.0,-80.0,4.5,6,23.150000000000002
2.0,-79.5,4.8,4,18.0675
2.0,-79.0,5.0,8,29.457625
2.0,-78.5,5.2,4,50.9
2.0,-77.0,3.7,1,110.0
2.0,-76.5,7.3,5,91.502
2.0,-76.0,4.6,6,28.89
2.0,-75.5,4.9,3,28.03333333333333
2.0,-74.5,3.9,1,61.5
2.0,-55.5,4.4,1,14.11
2.0,-32.5,5.0,1,10.0
2.0,-32.0,4.4,1,10.0
2.0,-30.5,4.9,9,10.011111111111111
2.0,-29.0,4.2,1,10.0
2.0,-26.5,4.9,1,10.0
2.0,8.0,5.5,1,10.0
2.0,19.0,4.2,1,9.66
2.0,30.0,4.6,1,10.0
2.0,31.0,5.6,3,13.0
2.0,31.5,5.6,5,27.8
2.0,32.5,4.7,1,10.0
2.0,65.5,4.4,1,10.0
2.0,66.0,5.0,2,10.0
2.0,66.5,4.8,1,10.0
2.0,67.0,5.0,8,10.775
2.0,67.5,4.4,1,10.0
2.0,69.0,4.6,1,10.0
2.0,77.0,4.7,1,10.0
2.0,88.5,4.1,1,10.0
2.0,89.5,5.9,31,10.240967741935485
2.0,90.0,5.7,12,13.083333333333334
2.0,90.5,4.7,8,11.035
2.0,91.0,4.9,11,10.743636363636364
2.0,92.0,5.4,9,25.412222222222223
2.0,92.5,5.1,27,19.45777777777778
2.0,93.0,4.7,11,16.445454545454545
2.0,93.5,5.8,24,19.372083333333332
2.0,94.0,5.0,13,15.772307692307692
2.0,94.5,4.8,3,18.966666666666665
2.0,95.0,6.9,21,28.707619047619048
2.0,95.5,4.7,8,27.37375
2.0,96.0,4.9,57,26.476385964912282
2.0,96.5,6.1,290,29.555637931034482
2.0,97.0,8.6,146,30.164219178082188
2.0,97.5,6.4,47,36.499148936170215
2.0,98.0,6.3,69,49.21181159420289
2.0,98.5,5.2,5,90.2754
2.0,99.0,5.9,93,77.19918279569893
2.0,99.5,5.4,30,112.67523333333334
2.0,100.0,4.1,1,208.665
2.0,116.5,4.3,1,10.0
2.0,117.5,4.5,1,33.0
2.0,118.0,4.9,2,32.55
2.0,118.5,4.4,1,33.0
2.0,119.0,4.5,2,29.77
2.0,120.5,5.0,3,38.199999999999996
2.0,121.0,5.7,11,91.46118181818181
2.0,121.5,5.0,12,123.89583333333333
2.0,122.0,5.3,9,324.5988888888889
2.0,122.5,5.8,20,266.01840000000004
2.0,123.0,5.3,16,190.06
2.0,123.5,5.7,4,107.8
2.0,124.0,4.9,21,317.22238095238095
2.0,124.5,5.0,21,231.43261904761906
2.0,125.0,5.4,23,160.74260869565217
2.0,125.5,4.9,24,62.43725
2.0,126.0,6.4,71,58.73112676056338
2.0,126.5,7.1,464,43.6255150862069
2.0,127.0,6.6,245,63.52649387755102
2.0,127.5,6.6,200,93.19822
2.0,128.0,5.4,92,102.63730434782609
2.0,128.5,6.1,145,101.10293793103448
2.0,129.0,5.4,60,35.792249999999996
2.0,129.5,5.1,16,20.8264375
2.0,132.5,5.0,2,10.0
2.0,133.0,5.9,2,10.0
2.0,149.0,4.4,1,33.0
2.0,150.0,5.1,1,33.0
2.5,-103.5,3.8,1,10.0
2.5,-101.5,4.7,4,10.0
2.5,-101.0,4.6,4,10.0
2.5,-100.5,4.9,1,10.0
2.5,-100.0,5.6,5,11.008
2.5,-99.5,4.5,1,10.0
2.5,-99.0,5.4,9,10.0
2.5,-98.5,5.1,5,10.0
2.5,-98.0,4.6,2,10.0
2.5,-97.5,4.5,2,10.0
2.5,-97.0,4.7,2,10.0
2.5,-95.5,5.6,19,10.0
2.5,-95.0,5.8,7,10.0
2.5,-94.5,4.3,4,11.317499999999999
2.5,-94.0,4.3,1,10.0
2.5,-93.5,4.4,1,10.0
2.5,-90.0,4.5,1,10.0
2.5,-86.5,4.3,1,10.0
2.5,-86.0,4.7,1,10.0
2.5,-84.5,5.5,56,21.096607142857145
2.5,-84.0,5.2,6,26.95
2.5,-83.5,4.1,1,10.0
2.5,-83.0,4.4,2,21.5
2.5,-80.0,5.3,30,21.994333333333334
2.5,-79.5,6.2,31,21.865161290322582
2.5,-79.0,4.9,11,23.680000000000003
2.5,-78.5,4.4,2,25.61
2.5,-78.0,5.0,2,99.57499999999999
2.5,-77.5,4.5,6,89.05566666666665
2.5,-77.0,4.5,5,106.862
2.5,-76.5,5.5,7,32.214285714285715
2.5,-76.0,5.1,11,38.91636363636364
2.5,-75.5,4.4,5,19.2
2.5,-75.0,4.4,3,17.666666666666668
2.5,-74.0,3.7,1,33.0
2.5,-59.5,4.8,5,10.356
2.5,-32.0,4.8,1,10.0
2.5,-31.5,5.3,3,10.0
2.5,-31.0,4.9,9,10.0
2.5,-30.5,4.9,2,10.0
2.5,-26.0,3.9,1,10.0
2.5,31.0,4.4,2,10.0
2.5,31.5,4.8,7,13.285714285714286
2.5,64.5,4.5,1,10.0
2.5,65.0,4.9,3,10.0
2.5,65.5,3.8,1,10.0
2.5,66.0,5.0,14,10.0
2.5,66.5,5.3,38,9.99736842105263
2.5,67.0,4.9,6,10.0
2.5,67.5,4.3,1,10.0
2.5,68.0,4.7,1,10.0
2.5,89.0,4.5,2,10.0
2.5,89.5,5.1,17,11.080588235294117
2.5,90.0,5.1,39,11.74923076923077
2.5,90.5,6.2,22,13.930909090909092
2.5,91.0,4.8,1,10.0
2.5,91.5,5.4,9,9.455555555555556
2.5,92.0,5.0,14,14.554285714285713
2.5,92.5,5.4,25,14.97
2.5,93.0,8.6,46,18.545217391304348
2.5,93.5,5.2,10,18.194
2.5,94.0,5.8,28,28.145357142857144
2.5,94.5,6.2,42,24.97738095238095
2.5,95.0,6.0,19,28.388947368421054
2.5,95.5,5.2,142,28.008542253521128
2.5,96.0,6.4,324,30.304703703703705
2.5,96.5,6.3,108,33.654324074074076
2.5,97.0,5.2,51,35.41450980392157
2.5,97.5,5.1,13,45.11615384615384
2.5,98.0,5.3,11,66.63363636363637
2.5,98.5,4.8,14,60.93714285714286
2.5,99.0,5.6,63,149.68769841269844
2.5,99.5,4.9,8,163.9375
2.5,100.5,4.2,3,99.43333333333334
2.5,110.0,4.2,1,13.05
2.5,112.5,4.7,1,33.0
2.5,113.0,5.3,1,28.9
2.5,117.0,5.5,5,28.4
2.5,118.0,6.1,1,16.7
2.5,119.0,4.2,1,35.0
2.5,121.0,4.9,5,414.35200000000003
2.5,122.0,5.2,16,554.584375
2.5,122.5,4.7,9,497.78666666666663
2.5,123.0,5.6,18,443.94777777777773
2.5,123.5,4.9,9,321.8333333333333
2.5,124.0,4.8,13,329.8051538461538
2.5,124.5,5.6,15,275.878
2.5,125.0,5.4,8,163.54874999999998
2.5,125.5,5.6,40,96.025
2.5,126.0,5.7,86,74.11696511627908
2.5,126.5,6.3,195,48.793046153846156
2.5,127.0,7.0,431,45.328749419953596
2.5,127.5,6.4,91,54.84674725274726
2.5,128.0,5.9,132,86.36925757575757
2.5,128.5,6.2,471,152.28745859872612
2.5,129.0,7.0,138,50.14934057971015
2.5,129.5,4.6,5,19.302799999999998
2.5,130.5,3.8,1,33.0
2.5,132.0,4.2,1,35.0
2.5,133.0,4.7,3,10.0
2.5,145.0,4.3,1,10.0
2.5,154.0,4.5,1,33.0
3.0,-140.5,5.1,1,10.0
3.0,-104.0,4.9,3,10.0
3.0,-97.5,4.2,1,10.0
3.0,-95.5,5.5,3,10.0
3.0,-95.0,4.7,3,10.0
3.0,-84.5,5.2,24,23.831875
3.0,-84.0,4.9,13,17.338461538461537
3.0,-83.5,5.7,1,15.3
3.0,-83.0,5.7,8,10.0
3.0,-80.5,4.7,1,33.0
3.0,-80.0,4.8,1,33.0
3.0,-79.5,5.4,26,20.529615384615383
3.0,-79.0,4.9,10,23.48
3.0,-78.5,5.2,12,30.275000000000002
3.0,-78.0,6.8,4,43.1
3.0,-77.5,2.9,1,33.0
3.0,-76.5,5.0,10,89.759
3.0,-76.0,6.8,12,44.51083333333333
3.0,-75.5,5.6,6,29.46666666666667
3.0,-75.0,4.9,8,37.04625
3.0,-74.5,4.3,2,103.478
3.0,-74.0,3.9,1,103.1
3.0,-73.5,4.7,1,10.0
3.0,-73.0,4.1,1,33.0
3.0,-59.5,4.1,1,15.47
3.0,-32.0,5.5,1,10.0
3.0,-31.5,5.1,15,10.0
3.0,-31.0,4.9,21,10.0
3.0,19.5,4.4,2,10.0
3.0,31.0,4.5,1,10.0
3.0,31.5,4.8,1,10.0
3.0,36.0,5.0,5,10.0
3.0,64.0,4.3,1,10.0
3.0,65.0,5.3,11,10.0
3.0,65.5,5.7,15,10.278666666666668
3.0,66.0,6.0,4,10.0
3.0,66.5,5.1,9,10.0
3.0,67.0,4.5,1,10.0
3.0,67.5,4.7,1,10.0
3.0,86.5,4.4,1,10.0
3.0,88.0,4.4,1,10.0
3.0,89.5,5.7,12,10.279166666666667
3.0,90.0,5.1,4,10.0
3.0,90.5,4.7,2,12.61
3.0,91.0,4.0,2,10.0
3.0,91.5,4.7,7,13.0
3.0,92.0,5.2,5,14.924000000000001
3.0,92.5,5.3,14,11.707142857142857
3.0,93.0,5.1,22,15.451818181818181
3.0,93.5,5.5,22,24.113636363636363
3.0,94.0,6.1,48,25.396041666666665
3.0,94.5,5.9,15,29.574666666666666
3.0,95.0,4.7,10,28.23
3.0,95.5,6.8,91,30.51328571428571
3.0,96.0,7.4,102,35.72882352941176
3.0,96.5,6.3,73,37.2186301369863
3.0,97.0,5.2,17,44.501176470588234
3.0,97.5,6.2,16,66.1275
3.0,98.0,6.7,12,79.395
3.0,98.5,4.6,6,83.125
3.0,99.0,5.4,23,148.3308695652174
3.0,99.5,4.5,4,165.35
3.0,100.0,3.3,1,33.0
3.0,109.0,4.0,1,14.63
3.0,117.5,4.8,2,13.2
3.0,122.0,5.8,5,603.908
3.0,122.5,5.0,38,533.6845263157894
3.0,123.0,6.0,15,512.2026666666667
3.0,123.5,4.5,6,415.0948333333333
3.0,124.0,4.9,6,388.25
3.0,124.5,5.0,17,332.8729411764706
3.0,125.0,5.9,20,168.93045
3.0,125.5,5.4,43,134.5486046511628
3.0,126.0,5.6,64,66.96525
3.0,126.5,6.1,164,49.2577987804878
3.0,127.0,5.9,345,42.667263768115944
3.0,127.5,6.9,108,52.94947222222222
3.0,128.0,6.2,154,92.16957142857143
3.0,128.5,5.9,219,128.79048401826483
3.0,129.0,4.9,62,115.73919354838709
3.0,129.5,4.9,12,39.805
3.0,130.0,4.2,1,134.2
3.0,130.5,4.2,1,35.0
3.0,132.5,4.9,6,17.676666666666666
3.0,133.0,5.1,3,17.666666666666668
3.0,133.5,4.7,1,15.04
3.0,145.5,4.7,1,33.0
3.0,147.0,4.7,2,17.75
3.0,147.5,5.1,2,15.75
3.0,148.0,4.7,1,12.3
3.0,150.0,4.4,1,22.53
3.5,-104.0,6.0,1,10.0
3.5,-103.5,4.8,1,12.5
3.5,-102.5,5.0,2,10.0
3.5,-102.0,4.6,2,10.0
3.5,-101.5,4.4,1,10.0
3.5,-100.5,4.2,1,10.0
3.5,-88.5,4.5,1,10.0
3.5,-86.5,4.2,1,10.0
3.5,-84.5,4.8,3,17.666666666666668
3.5,-84.0,4.6,9,27.944444444444443
3.5,-83.5,5.0,5,15.986
3.5,-83.0,5.2,58,17.518275862068965
3.5,-82.5,4.8,13,14.123076923076923
3.5,-79.5,5.2,5,17.562
3.5,-79.0,5.8,13,27.815384615384616
3.5,-78.5,5.0,6,24.2
3.5,-78.0,4.8,5,26.474
3.5,-77.5,5.0,5,69.964
3.5,-77.0,4.3,21,53.784285714285716
3.5,-76.5,4.6,13,29.4
3.5,-76.0,4.9,9,147.39
3.5,-75.5,5.2,4,33.1
3.5,-75.0,3.8,2,21.5
3.5,-74.5,5.5,11,47.46545454545455
3.5,-74.0,6.0,22,14.676863636363636
3.5,-73.0,4.4,1,14.89
3.5,-71.5,4.3,1,15.45
3.5,-32.0,5.6,9,9.07
3.5,-31.5,5.4,23,10.0
3.5,-31.0,4.9,5,10.0
3.5,8.5,4.8,1,10.0
3.5,31.5,3.7,1,4.2
3.5,32.5,4.0,1,10.0
3.5,36.0,5.2,1,10.0
3.5,63.0,4.3,1,10.0
3.5,63.5,5.2,12,10.0
3.5,64.0,5.4,22,10.0
3.5,64.5,5.4,5,10.0
3.5,65.0,4.6,2,10.0
3.5,66.0,4.6,1,10.0
3.5,75.0,4.8,1,33.0
3.5,86.5,4.8,2,10.0
3.5,88.0,4.3,1,10.0
3.5,88.5,4.8,1,10.0
3.5,90.0,5.6,6,22.166666666666668
3.5,92.5,5.0,35,19.595714285714287
3.5,93.0,5.2,43,18.060232558139536
3.5,93.5,5.5,23,24.791304347826088
3.5,94.0,6.0,27,28.20740740740741
3.5,94.5,5.5,26,29.595000000000002
3.5,95.0,5.1,20,33.106
3.5,95.5,5.7,43,41.665093023255814
3.5,96.0,9.1,29,46.50186206896552
3.5,96.5,5.0,26,64.65153846153846
3.5,97.0,4.9,16,74.0669375
3.5,97.5,5.2,12,79.57916666666667
3.5,98.0,6.3,14,107.70714285714287
3.5,98.5,5.6,14,51.799285714285716
3.5,99.0,6.3,3,139.81333333333333
3.5,99.5,4.5,1,217.35
3.5,114.0,5.2,2,10.0
3.5,117.5,6.1,11,10.363636363636363
3.5,119.0,4.9,1,33.0
3.5,122.0,5.3,14,584.025
3.5,122.5,5.7,56,537.3625
3.5,123.0,5.3,41,532.0399268292682
3.5,123.5,4.7,12,474.42833333333334
3.5,124.0,5.0,14,377.8562142857143
3.5,124.5,6.3,33,286.3685757575758
3.5,125.0,4.9,12,179.9416666666667
3.5,125.5,5.5,37,98.35486486486487
3.5,126.0,5.3,64,78.17623437499999
3.5,126.5,6.3,397,41.33242065491184
3.5,127.0,6.0,309,43.723572815533984
3.5,127.5,5.3,42,45.59459523809524
3.5,128.0,6.3,82,87.23374390243903
3.5,128.5,6.0,85,38.57281176470588
3.5,129.0,4.9,27,39.37333333333333
3.5,129.5,4.9,1,33.0
3.5,130.0,4.9,2,113.85
3.5,133.0,4.4,1,10.0
3.5,145.5,5.0,2,10.0
3.5,146.5,4.9,1,33.0
3.5,147.0,4.5,1,10.0
3.5,148.5,5.4,1,33.0
3.5,149.5,4.1,1,24.07
4.0,-103.5,4.1,1,10.0
4.0,-88.0,4.6,1,19.6
4.0,-87.5,4.3,1,10.0
4.0,-85.5,4.8,1,33.0
4.0,-84.0,5.5,4,27.25
4.0,-83.0,4.7,8,15.75
4.0,-82.5,5.6,39,11.263333333333334
4.0,-82.0,4.6,3,10.0
4.0,-79.0,4.7,9,14.777777777777779
4.0,-78.5,5.1,7,28.400000000000002
4.0,-78.0,4.8,3,80.13
4.0,-77.5,4.3,8,36.96875
4.0,-77.0,4.6,47,44.138723404255316
4.0,-76.5,6.4,46,96.37819565217391
4.0,-76.0,6.4,36,85.56672222222223
4.0,-75.5,6.8,10,73.97
4.0,-75.0,5.1,3,31.46666666666667
4.0,-74.5,4.6,2,43.5
4.0,-74.0,4.9,6,33.964999999999996
4.0,-73.5,4.8,5,38.001999999999995
4.0,-71.5,5.0,18,15.832777777777778
4.0,-71.0,4.7,6,13.878333333333332
4.0,-33.0,5.0,4,10.0
4.0,-32.5,5.0,20,10.0825
4.0,-32.0,5.5,12,10.0
4.0,-31.5,5.2,12,10.0
4.0,8.5,4.7,1,10.0
4.0,9.0,4.9,4,10.0
4.0,11.0,4.6,1,10.0
4.0,27.0,4.7,1,10.0
4.0,31.0,4.4,1,10.0
4.0,61.5,4.3,1,10.0
4.0,62.0,4.6,1,10.0
4.0,62.5,5.6,19,10.0
4.0,63.0,5.6,11,9.409090909090908
4.0,63.5,5.5,17,10.794117647058824
4.0,64.0,5.3,6,10.0
4.0,64.5,4.9,3,10.0
4.0,67.5,4.8,3,10.0
4.0,69.0,5.0,1,10.0
4.0,79.0,4.7,1,10.0
4.0,85.0,4.6,1,10.0
4.0,86.5,5.4,2,11.48
4.0,90.0,5.7,3,10.003333333333332
4.0,90.5,5.5,2,25.0
4.0,91.0,4.9,2,23.1
4.0,91.5,5.1,1,10.0
4.0,92.0,4.4,1,10.0
4.0,92.5,5.3,39,14.09871794871795
4.0,93.0,6.0,21,21.39190476190476
4.0,93.5,5.7,16,28.8875
4.0,94.0,5.7,14,29.821428571428573
4.0,94.5,5.5,29,31.121724137931032
4.0,95.0,5.1,33,42.64939393939394
4.0,95.5,5.9,47,44.27255319148936
4.0,96.0,6.2,77,49.0245974025974
4.0,96.5,5.4,27,58.327407407407414
4.0,97.0,5.1,19,65.32052631578946
4.0,97.5,6.7,24,68.22583333333334
4.0,98.0,4.9,3,82.7
4.0,116.5,4.1,1,10.0
4.0,117.5,4.4,1,10.0
4.0,122.0,4.4,2,548.9725000000001
4.0,122.5,6.8,30,571.8242666666666
4.0,123.0,6.6,42,547.6008333333333
4.0,123.5,4.8,15,514.9977333333334
4.0,124.0,5.5,7,314.0214285714286
4.0,124.5,6.1,30,310.06666666666666
4.0,125.0,5.0,15,155.45133333333334
4.0,125.5,6.2,47,109.00425531914894
4.0,126.0,5.7,125,93.346096
4.0,126.5,7.2,502,43.19710956175299
4.0,127.0,6.5,261,36.33036398467433
4.0,127.5,5.0,23,53.92652173913043
4.0,128.0,6.8,90,86.60654444444444
4.0,128.5,5.7,70,38.73171428571429
4.0,129.0,4.7,7,16.571428571428573
4.0,130.0,4.8,1,160.4
4.0,131.0,3.8,1,33.0
4.0,133.0,5.1,3,27.593333333333334
4.0,144.0,6.2,1,12.6
4.0,147.0,4.6,1,10.0
4.0,148.5,4.8,1,10.0
4.5,-179.5,4.9,3,10.0
4.5,-118.5,4.5,1,10.0
4.5,-102.5,4.4,1,10.0
4.5,-97.0,4.9,1,10.0
4.5,-87.5,6.3,2,12.5
4.5,-87.0,4.2,1,10.057
4.5,-85.5,5.3,1,26.2
4.5,-84.5,5.2,1,38.8
4.5,-84.0,4.5,1,10.0
4.5,-83.0,4.9,5,14.440000000000001
4.5,-82.5,5.3,22,12.29090909090909
4.5,-81.5,4.1,1,10.0
4.5,-81.0,4.0,1,33.0
4.5,-79.0,4.9,4,20.625
4.5,-78.5,6.2,11,17.7
4.5,-78.0,3.9,1,10.0
4.5,-77.5,7.2,23,38.05130434782608
4.5,-77.0,4.9,21,42.2552380952381
4.5,-76.5,5.8,36,85.45413888888889
4.5,-76.0,6.1,41,93.08365853658536
4.5,-75.5,6.1,62,21.835967741935484
4.5,-75.0,4.5,7,33.57142857142857
4.5,-74.5,3.9,4,5.88225
4.5,-74.0,5.9,13,15.568461538461538
4.5,-73.5,4.7,8,22.11625
4.5,-73.0,4.7,3,39.86666666666667
4.5,-72.5,5.3,2,234.75
4.5,-52.0,5.0,1,10.0
4.5,-33.0,4.7,3,10.0
4.5,-32.5,5.7,56,10.0
4.5,-31.5,4.8,1,10.0
4.5,17.5,4.7,4,10.0
4.5,31.5,4.8,2,10.0
4.5,32.0,4.6,2,10.0
4.5,35.0,4.7,1,10.0
4.5,35.5,4.5,1,10.0
4.5,36.0,5.0,1,10.0
4.5,36.5,5.1,1,10.0
4.5,62.0,4.4,5,10.9688
4.5,62.5,5.6,34,10.107647058823531
4.5,63.0,4.3,5,10.0
4.5,65.0,4.7,1,10.0
4.5,83.5,4.7,1,10.0
4.5,90.0,4.3,1,10.0
4.5,90.5,4.6,1,10.0
4.5,91.0,5.0,1,17.3
4.5,92.0,4.0,1,30.0
4.5,92.5,4.8,6,16.916666666666668
4.5,93.0,5.3,23,26.173478260869565
4.5,93.5,5.0,21,30.947619047619046
4.5,94.0,5.8,27,28.68148148148148
4.5,94.5,5.0,45,36.116822222222225
4.5,95.0,5.9,154,44.27448701298701
4.5,95.5,5.2,28,63.13928571428572
4.5,96.0,5.5,42,49.56571428571429
4.5,96.5,6.1,69,34.66536231884058
4.5,97.0,5.6,18,71.06722222222223
4.5,97.5,6.1,15,88.396
4.5,98.0,5.1,6,40.166666666666664
4.5,115.5,4.5,1,24.7
4.5,118.0,5.0,2,30.0
4.5,118.5,4.5,2,22.715
4.5,120.0,5.5,1,11.0
4.5,120.5,5.0,1,34.0
4.5,122.0,4.2,1,638.46
4.5,122.5,7.3,7,625.1342857142856
4.5,123.0,5.8,29,579.7527931034482
4.5,123.5,5.9,19,534.3315789473684
4.5,124.0,4.9,7,415.61914285714283
4.5,124.5,5.7,32,218.1103125
4.5,125.0,5.5,40,111.266
4.5,125.5,5.7,72,107.8315
4.5,126.0,5.6,123,113.91787804878048
4.5,126.5,5.7,83,67.29272289156627
4.5,127.0,5.7,85,56.45465882352941
4.5,127.5,6.3,79,98.34851898734178
4.5,128.0,5.7,69,71.62536231884057
4.5,128.5,4.7,18,37.221111111111114
4.5,129.0,4.6,2,66.5
4.5,132.5,5.3,1,6.79
4.5,138.0,5.2,1,15.09
4.5,141.0,5.1,1,10.0
4.5,144.5,4.2,1,13.91
4.5,147.0,4.4,1,14.79
4.5,147.5,5.4,1,10.0
4.5,148.5,4.8,1,33.0
4.5,149.5,4.4,1,10.0
5.0,-103.0,4.4,1,10.0
5.0,-99.0,3.9,1,10.0
5.0,-83.5,4.0,1,10.0
5.0,-83.0,5.5,13,12.961538461538462
5.0,-82.5,5.9,78,12.400641025641026
5.0,-82.0,4.6,4,15.75
5.0,-81.5,3.8,1,10.0
5.0,-79.5,4.5,1,33.0
5.0,-78.5,5.3,9,24.65888888888889
5.0,-78.0,6.0,16,37.600625
5.0,-77.5,5.4,40,38.472500000000004
5.0,-77.0,4.2,9,37.32222222222222
5.0,-76.5,5.2,23,102.30478260869566
5.0,-76.0,5.0,31,108.18503225806451
5.0,-75.5,6.6,11,122.64090909090909
5.0,-75.0,4.7,3,17.666666666666668
5.0,-74.5,4.9,7,35.528571428571425
5.0,-73.5,4.4,6,116.09500000000001
5.0,-73.0,6.5,28,27.856428571428573
5.0,-72.5,5.3,11,43.28090909090909
5.0,-52.5,3.4,1,11.84
5.0,-47.5,5.3,1,10.0
5.0,-33.0,4.6,2,10.0
5.0,-32.5,5.4,16,10.325625
5.0,31.5,5.0,4,10.0
5.0,32.0,7.2,14,15.37857142857143
5.0,32.5,5.4,6,10.0
5.0,33.5,4.6,1,10.0
5.0,35.0,4.4,1,10.0
5.0,36.0,4.6,1,10.0
5.0,60.5,4.2,1,10.0
5.0,61.0,4.2,1,10.0
5.0,61.5,4.5,2,10.0
5.0,62.0,5.3,15,10.0
5.0,62.5,4.9,6,10.0
5.0,63.0,4.7,1,10.0
5.0,77.0,4.2,1,10.0
5.0,88.0,4.9,3,10.0
5.0,88.5,4.5,1,10.0
5.0,92.0,4.3,1,27.9
5.0,92.5,6.7,4,25.425
5.0,93.0,4.9,14,23.447142857142858
5.0,93.5,5.3,24,29.50916666666667
5.0,94.0,5.2,112,32.863125000000004
5.0,94.5,5.8,186,37.99327956989247
5.0,95.0,6.1,98,45.91269387755102
5.0,95.5,5.7,25,71.88784
5.0,96.0,6.1,86,34.01423255813954
5.0,96.5,5.4,19,69.96305263157895
5.0,97.0,4.6,3,39.733333333333334
5.0,97.5,5.2,4,54.97
5.0,98.0,4.6,2,134.95
5.0,106.5,4.3,1,33.0
5.0,118.5,5.7,7,30.065714285714286
5.0,119.0,4.6,1,33.96
5.0,119.5,4.4,1,33.0
5.0,121.0,5.1,1,14.78
5.0,122.0,4.9,10,30.7
5.0,122.5,4.7,2,326.25
5.0,123.0,5.7,20,571.108
5.0,123.5,4.8,14,490.9641428571428
5.0,124.0,5.0,24,377.68554166666667
5.0,124.5,4.8,19,221.06863157894736
5.0,125.0,5.9,38,100.86813157894737
5.0,125.5,6.1,124,103.09312903225808
5.0,126.0,5.7,83,94.66995180722891
5.0,126.5,6.5,91,67.83287912087913
5.0,127.0,6.3,108,72.06435185185185
5.0,127.5,7.0,162,101.41985185185185
5.0,128.0,5.1,24,58.416666666666664
5.0,129.0,4.0,1,200.0
5.0,130.5,4.3,1,15.96
5.0,145.5,4.6,1,27.9
5.0,146.5,4.6,2,10.0
5.0,149.0,4.7,1,10.0
5.0,150.0,4.5,1,30.0
5.5,-132.0,4.6,1,10.0
5.5,-101.5,5.4,1,10.0
5.5,-99.0,5.0,2,10.0
5.5,-83.0,6.5,12,12.5
5.5,-82.5,6.3,85,14.04964705882353
5.5,-82.0,4.4,5,31.78
5.5,-80.0,5.4,3,10.0
5.5,-79.5,4.9,5,23.8
5.5,-79.0,6.2,2,27.45
5.5,-78.5,4.5,8,20.76875
5.5,-78.0,5.1,21,25.20447619047619
5.5,-77.5,5.7,35,35.795857142857145
5.5,-77.0,4.6,4,30.725
5.5,-76.5,4.5,5,98.084
5.5,-76.0,5.1,11,55.67909090909091
5.5,-75.5,4.6,2,96.47
5.5,-74.5,4.3,4,49.2725
5.5,-74.0,5.8,8,135.38375
5.5,-73.5,4.7,11,119.81545454545454
5.5,-73.0,4.7,9,53.62222222222222
5.5,-72.5,4.7,7,34.114285714285714
5.5,-72.0,4.2,1,63.6
5.5,-71.5,3.7,1,226.7
5.5,-33.0,5.5,22,10.136818181818182
5.5,-32.5,4.9,9,10.0
5.5,-31.0,4.7,3,10.0
5.5,-0.5,4.4,3,10.0
5.5,25.0,4.9,1,10.0
5.5,31.0,4.4,1,10.0
5.5,31.5,6.6,5,11.64
5.5,32.0,7.1,20,10.625
5.5,32.5,5.0,6,10.0
5.5,33.0,4.8,2,10.0
5.5,36.0,4.5,2,21.5
5.5,37.0,4.4,2,10.0
5.5,37.5,5.2,3,10.0
5.5,61.0,5.4,28,10.0
5.5,61.5,5.6,51,10.0
5.5,62.0,4.3,1,10.0
5.5,76.0,4.9,1,10.0
5.5,78.0,4.5,1,10.0
5.5,79.0,4.5,1,10.0
5.5,88.0,4.3,1,16.03
5.5,90.0,4.5,1,10.0
5.5,92.0,4.5,1,10.0
5.5,92.5,4.8,5,20.9
5.5,93.0,5.7,62,29.38258064516129
5.5,93.5,6.1,41,27.46439024390244
5.5,94.0,6.1,45,39.89977777777778
5.5,94.5,6.1,188,45.59467553191489
5.5,95.0,5.7,35,64.0097142857143
5.5,95.5,5.4,12,79.58833333333334
5.5,96.0,6.5,20,69.014
5.5,96.5,4.7,3,30.78333333333333
5.5,97.0,5.0,2,14.323
5.5,98.0,5.3,2,44.475
5.5,114.5,5.2,1,40.4
5.5,116.5,4.7,1,33.0
5.5,118.5,4.2,2,52.435
5.5,119.5,5.2,1,48.8
5.5,120.5,4.3,2,15.190000000000001
5.5,121.0,4.7,1,10.0
5.5,121.5,4.8,2,41.95
5.5,122.0,7.1,31,34.6741935483871
5.5,122.5,4.6,6,33.0
5.5,123.0,4.2,3,223.66666666666666
5.5,123.5,7.1,19,519.3081052631578
5.5,124.0,5.9,47,383.09917021276596
5.5,124.5,5.7,38,132.62599999999998
5.5,125.0,6.9,47,71.64263829787234
5.5,125.5,5.8,113,136.2866725663717
5.5,126.0,6.1,176,97.37871022727272
5.5,126.5,6.4,339,69.2980825958702
5.5,127.0,6.8,174,68.60775287356321
5.5,127.5,5.5,86,54.773162790697675
5.5,128.0,4.7,9,29.522222222222222
5.5,132.5,5.3,1,33.0
5.5,133.0,4.8,1,24.23
5.5,137.0,4.6,1,10.0
5.5,143.5,4.8,1,33.0
6.0,-104.5,4.2,1,10.0
6.0,-100.5,5.1,1,10.0
6.0,-97.5,4.4,1,10.0
6.0,-84.5,4.6,1,10.0
6.0,-84.0,4.6,1,10.0
6.0,-83.0,4.9,5,14.6
6.0,-82.5,6.5,66,13.780000000000001
6.0,-82.0,4.4,1,33.0
6.0,-80.5,4.1,2,5.25
6.0,-80.0,5.3,1,10.0
6.0,-79.5,4.9,5,15.86
6.0,-79.0,5.0,4,30.475
6.0,-78.5,4.0,1,33.0
6.0,-78.0,6.7,15,21.567333333333334
6.0,-77.5,5.7,31,23.181612903225805
6.0,-77.0,4.8,8,40.605000000000004
6.0,-76.5,5.1,5,31.194
6.0,-76.0,4.7,5,49.236000000000004
6.0,-74.5,4.1,3,84.61666666666667
6.0,-74.0,5.1,6,52.865
6.0,-73.5,4.4,6,120.88583333333334
6.0,-73.0,4.0,4,156.55
6.0,-72.5,3.9,2,183.8
6.0,-72.0,4.6,6,38.85
6.0,-48.5,4.3,1,10.0
6.0,-33.5,4.3,1,10.0
6.0,-33.0,5.2,9,10.62
6.0,-32.5,5.2,2,10.0
6.0,5.0,4.5,1,10.0
6.0,33.5,4.1,1,10.0
6.0,37.0,4.4,1,10.0
6.0,37.5,4.7,1,10.0
6.0,58.0,3.9,1,10.0
6.0,60.0,4.5,1,10.0
6.0,60.5,5.1,13,10.0
6.0,61.0,5.3,19,10.0
6.0,61.5,5.4,18,10.177222222222222
6.0,89.0,4.6,1,33.0
6.0,90.5,3.9,1,30.0
6.0,91.5,4.4,1,25.96
6.0,92.0,4.6,3,32.666666666666664
6.0,92.5,6.0,11,29.89090909090909
6.0,93.0,5.3,32,31.0305
6.0,93.5,5.6,20,35.015
6.0,94.0,4.6,12,38.479166666666664
6.0,94.5,5.7,17,72.73823529411764
6.0,95.0,5.7,34,51.57447058823529
6.0,95.5,5.1,11,95.05454545454545
6.0,96.0,4.3,3,161.766
6.0,116.5,6.0,9,15.121111111111112
6.0,117.0,5.4,2,25.5
6.0,117.5,4.5,2,10.0
6.0,118.0,4.0,1,70.8
6.0,119.5,5.5,1,27.3
6.0,120.0,5.7,5,27.706
6.0,120.5,4.7,1,10.0
6.0,121.0,4.6,1,10.0
6.0,123.0,6.6,1,614.0
6.0,123.5,6.6,12,379.64166666666665
6.0,124.0,7.5,74,325.66343243243244
6.0,124.5,6.0,101,76.79720792079208
6.0,125.0,5.4,33,56.28545454545455
6.0,125.5,6.3,86,112.1566046511628
6.0,126.0,5.9,275,120.6477090909091
6.0,126.5,5.8,214,78.69258411214953
6.0,127.0,7.0,237,81.39448523206751
6.0,127.5,6.4,94,33.890851063829786
6.0,128.0,4.5,3,24.5
6.0,128.5,4.1,1,33.0
6.0,133.0,4.9,1,17.56
6.0,133.5,5.2,4,17.189999999999998
6.0,134.0,4.0,1,10.0
6.0,145.0,4.5,1,33.0
6.0,146.5,4.9,1,10.0
6.0,147.5,5.6,1,13.0
6.0,148.5,4.8,1,10.0
6.0,149.5,4.7,3,25.333333333333332
6.0,152.0,5.1,1,14.88
6.5,-113.5,4.5,1,10.0
6.5,-104.5,4.4,1,10.0
6.5,-104.0,4.5,1,10.0
6.5,-86.0,4.4,1,10.0
6.5,-84.5,4.8,1,33.0
6.5,-84.0,4.1,1,10.0
6.5,-83.0,6.0,2,8.5
6.5,-82.5,6.1,47,12.525531914893618
6.5,-82.0,6.3,5,23.52
6.5,-81.5,3.8,1,10.0
6.5,-81.0,4.4,2,10.0
6.5,-80.5,3.8,2,33.0
6.5,-79.5,4.1,1,33.1
6.5,-78.5,4.5,1,28.2
6.5,-78.0,5.0,5,31.2
6.5,-77.5,5.2,10,45.673
6.5,-77.0,5.5,10,22.919999999999998
6.5,-76.5,4.7,6,52.705000000000005
6.5,-76.0,4.4,4,33.3
6.5,-74.5,4.9,4,52.748000000000005
6.5,-74.0,4.5,10,64.488
6.5,-73.5,5.2,27,125.92066666666668
6.5,-73.0,5.4,372,167.07953494623655
6.5,-72.5,4.8,24,162.19541666666666
6.5,-72.0,5.1,11,43.27181818181818
6.5,-71.5,5.4,4,34.8125
6.5,-71.0,6.1,2,26.65
6.5,-65.0,4.5,1,13.2
6.5,-34.0,5.1,2,10.0
6.5,-33.5,4.7,7,9.987142857142857
6.5,-30.0,4.6,1,10.0
6.5,2.5,4.4,1,10.0
6.5,37.5,4.7,1,10.0
6.5,38.5,5.0,1,10.0
6.5,58.5,4.6,1,10.0
6.5,60.0,5.5,18,10.280555555555557
6.5,60.5,5.6,16,10.944375
6.5,61.0,5.3,1,10.0
6.5,68.5,4.4,1,10.0
6.5,77.0,4.0,1,10.0
6.5,84.5,5.2,1,10.0
6.5,85.0,4.6,1,10.0
6.5,87.5,4.3,1,15.0
6.5,90.5,5.1,2,13.95
6.5,91.0,5.0,2,31.5
6.5,91.5,4.4,1,30.0
6.5,92.0,5.2,6,27.47
6.5,92.5,5.4,22,25.953636363636363
6.5,93.0,6.4,44,27.97340909090909
6.5,93.5,6.1,26,35.12538461538462
6.5,94.0,5.3,19,47.42631578947368
6.5,94.5,5.9,41,48.52707317073171
6.5,95.0,5.5,22,61.37409090909091
6.5,95.5,5.7,15,205.66666666666666
6.5,96.0,4.1,1,239.4
6.5,116.0,5.5,1,618.672
6.5,117.0,4.6,3,238.45000000000002
6.5,117.5,5.3,1,19.0
6.5,120.0,4.9,1,10.0
6.5,122.5,4.4,1,10.0
6.5,123.0,6.6,5,378.34000000000003
6.5,123.5,7.6,70,508.80442857142856
6.5,124.0,6.4,85,279.4038235294118
6.5,124.5,5.7,28,129.21153571428573
6.5,125.0,6.8,110,25.56779090909091
6.5,125.5,6.3,80,71.0586375
6.5,126.0,6.3,116,96.93262931034482
6.5,126.5,7.1,168,72.8197619047619
6.5,127.0,6.8,177,82.8204011299435
6.5,127.5,5.7,31,32.59216129032258
6.5,128.0,4.8,8,27.26625
6.5,130.0,5.3,3,10.29
6.5,133.5,6.1,1,11.0
6.5,134.0,4.6,2,10.0
6.5,138.0,4.5,1,10.0
6.5,144.5,5.0,2,10.0
6.5,145.0,6.3,5,15.919999999999998
6.5,145.5,5.2,4,16.6
6.5,149.0,4.9,2,12.969999999999999
7.0,-104.5,5.3,11,10.0
7.0,-104.0,5.0,1,10.0
7.0,-102.0,4.3,1,10.0
7.0,-101.5,4.2,1,10.0
7.0,-101.0,4.6,1,10.0
7.0,-84.0,4.3,1,33.0
7.0,-83.5,3.8,1,33.0
7.0,-83.0,4.6,5,12.0
7.0,-82.5,6.5,60,15.009266666666667
7.0,-82.0,6.0,18,19.61111111111111
7.0,-81.5,4.7,8,18.2125
7.0,-81.0,3.5,3,17.666666666666668
7.0,-80.5,4.6,7,24.74285714285714
7.0,-80.0,4.6,12,10.758333333333333
7.0,-79.5,5.4,9,34.16111111111111
7.0,-79.0,4.5,4,17.55
7.0,-78.5,5.0,9,24.677777777777777
7.0,-78.0,6.5,26,24.565384615384616
7.0,-77.5,5.3,12,33.1625
7.0,-77.0,7.2,49,33.11959183673469
7.0,-76.5,6.1,73,28.050986301369864
7.0,-76.0,4.7,15,45.49633333333333
7.0,-75.5,4.4,4,80.5025
7.0,-75.0,4.5,4,65.42975
7.0,-74.5,4.9,6,63.666666666666664
7.0,-74.0,4.7,2,89.215
7.0,-73.5,4.4,21,148.95238095238096
7.0,-73.0,6.2,894,157.38304250559284
7.0,-72.5,4.5,21,132.64809523809524
7.0,-72.0,5.6,22,38.76645454545454
7.0,-71.5,4.3,2,10.0
7.0,-37.0,4.6,1,10.0
7.0,-36.0,4.9,2,10.0
7.0,-35.5,4.5,1,10.0
7.0,-35.0,4.8,1,10.0
7.0,-34.5,5.8,13,10.0
7.0,-34.0,5.8,36,10.305555555555555
7.0,-33.5,5.1,3,10.36
7.0,-11.0,4.5,1,10.0
7.0,32.0,4.0,1,10.0
7.0,38.5,5.0,2,11.9
7.0,59.5,4.4,3,10.0
7.0,60.0,4.7,1,10.0
7.0,61.5,4.8,1,10.0
7.0,64.0,4.0,1,10.0
7.0,78.5,5.2,1,10.0
7.0,82.5,4.5,1,10.0
7.0,86.0,4.8,1,10.0
7.0,91.5,4.9,6,31.78333333333333
7.0,92.0,5.7,31,25.005806451612905
7.0,92.5,6.1,58,28.205689655172414
7.0,93.0,7.2,24,27.808333333333334
7.0,93.5,5.3,12,45.96666666666667
7.0,94.0,5.5,41,36.031463414634146
7.0,94.5,6.6,96,26.853958333333335
7.0,95.0,5.2,30,54.202
7.0,95.5,4.7,2,232.0
7.0,117.0,5.1,2,34.0
7.0,117.5,4.6,1,15.69
7.0,121.0,4.5,1,51.71
7.0,121.5,4.0,1,28.8
7.0,122.0,5.5,2,32.95
7.0,122.5,4.7,1,33.0
7.0,123.0,4.8,4,22.595
7.0,123.5,7.5,40,406.83425
7.0,124.0,6.2,46,329.3883260869565
7.0,124.5,4.7,10,284.162
7.0,125.0,6.6,55,24.58430909090909
7.0,125.5,5.3,24,48.445458333333335
7.0,126.0,5.3,51,48.14813725490196
7.0,126.5,7.5,92,78.74514130434783
7.0,127.0,7.3,186,53.424661290322575
7.0,127.5,5.6,41,27.402439024390244
7.0,128.0,4.4,3,17.666666666666668
7.0,130.5,4.2,1,15.26
7.0,134.5,4.5,2,24.45
7.0,137.5,4.8,2,21.5
7.0,143.5,5.2,1,10.0
7.0,144.5,4.4,1,33.0
7.0,145.0,4.0,1,33.0
7.0,152.0,4.2,1,33.0
7.5,-123.5,4.3,1,10.0
7.5,-104.0,4.1,2,10.0
7.5,-103.5,4.4,2,10.0
7.5,-103.0,4.3,3,10.0
7.5,-102.5,4.4,1,10.0
7.5,-84.0,4.5,1,5.0
7.5,-83.5,4.4,1,16.07
7.5,-83.0,6.7,19,15.084210526315788
7.5,-82.5,6.7,72,15.28813888888889
7.5,-82.0,5.8,32,18.010625
7.5,-81.5,4.6,6,22.97666666666667
7.5,-81.0,4.9,17,16.33529411764706
7.5,-80.5,4.9,19,11.267894736842106
7.5,-80.0,5.3,8,13.6625
7.5,-79.5,5.7,8,14.3375
7.5,-79.0,5.1,5,13.604
7.5,-78.5,4.9,14,17.5
7.5,-78.0,5.5,25,22.996
7.5,-77.5,6.3,14,25.33142857142857
7.5,-77.0,5.0,18,39.75866666666666
7.5,-76.5,5.4,50,24.898000000000003
7.5,-76.0,6.0,12,36.387499999999996
7.5,-75.5,4.5,7,64.7942857142857
7.5,-75.0,4.8,8,46.95125
7.5,-74.5,4.9,8,63.684999999999995
7.5,-74.0,4.9,2,101.85
7.5,-73.5,5.1,13,122.0766153846154
7.5,-73.0,5.1,33,126.80145454545456
7.5,-72.5,4.2,9,142.0111111111111
7.5,-72.0,5.4,24,29.321583333333333
7.5,-71.5,4.9,3,43.63333333333333
7.5,-63.0,4.4,1,10.0
7.5,-53.5,4.4,1,10.0
7.5,-38.5,4.3,2,10.0
7.5,-38.0,5.0,2,10.0
7.5,-37.5,6.2,11,10.0
7.5,-37.0,6.7,22,9.772727272727273
7.5,-36.5,5.2,24,10.0
7.5,-36.0,5.7,27,9.725925925925926
7.5,-35.5,6.1,13,10.414615384615384
7.5,-35.0,6.5,11,9.818181818181818
7.5,-34.5,5.8,21,10.0
7.5,-34.0,4.5,4,11.195
7.5,37.5,4.4,1,10.0
7.5,38.0,5.1,2,10.0
7.5,38.5,5.3,1,10.0
7.5,39.0,4.4,1,10.68
7.5,59.5,5.5,10,9.4
7.5,60.0,4.5,1,10.0
7.5,73.5,4.5,1,10.0
7.5,89.5,4.1,1,10.0
7.5,91.0,4.2,1,10.0
7.5,91.5,4.7,17,29.61176470588235
7.5,92.0,5.5,81,30.285802469135803
7.5,92.5,6.3,35,30.75142857142857
7.5,93.0,4.8,8,30.8875
7.5,93.5,5.1,42,35.91833333333333
7.5,94.0,6.0,297,26.822282828282827
7.5,94.5,6.4,232,26.924439655172414
7.5,95.0,4.7,10,88.542
7.5,95.5,4.6,3,87.28666666666668
7.5,98.5,3.4,1,10.0
7.5,121.5,5.5,6,40.468333333333334
7.5,122.0,5.0,7,32.628571428571426
7.5,122.5,3.8,1,10.0
7.5,123.0,4.7,2,21.5
7.5,123.5,6.3,17,94.4434705882353
7.5,124.0,6.4,26,420.4062692307692
7.5,124.5,5.7,24,67.39345833333333
7.5,125.0,5.9,45,20.973999999999997
7.5,125.5,4.7,10,45.153
7.5,126.0,5.9,27,24.28766666666667
7.5,126.5,5.9,105,81.46586666666666
7.5,127.0,6.1,137,50.59945255474452
7.5,127.5,6.9,30,32.90533333333333
7.5,128.0,3.9,1,33.0
7.5,128.5,4.4,1,35.0
7.5,134.5,5.3,3,26.833333333333332
7.5,135.5,4.5,2,21.5
7.5,136.0,5.2,3,26.659999999999997
7.5,136.5,4.9,7,87.56142857142856
7.5,137.0,5.6,17,45.27117647058824
7.5,137.5,4.8,2,51.42
7.5,139.0,4.7,1,15.23
7.5,147.0,4.5,1,13.74
7.5,148.0,4.4,2,12.48
7.5,149.0,4.5,1,10.0
8.0,-105.0,4.3,1,10.0
8.0,-104.5,4.2,2,10.0
8.0,-104.0,5.4,19,11.210526315789474
8.0,-103.5,5.0,20,10.0075
8.0,-103.0,5.8,11,12.090909090909092
8.0,-87.5,3.4,1,33.0
8.0,-86.0,4.6,1,10.0
8.0,-85.5,5.8,1,10.0
8.0,-84.0,4.8,1,37.2
8.0,-83.5,4.7,9,14.625555555555556
8.0,-83.0,6.0,100,14.3628
8.0,-82.5,6.6,43,22.941953488372093
8.0,-82.0,5.7,6,13.833333333333334
8.0,-81.5,4.6,3,27.982333333333333
8.0,-81.0,4.5,3,16.366666666666667
8.0,-79.0,3.5,1,33.0
8.0,-78.5,3.6,1,160.8
8.0,-78.0,4.6,4,14.4575
8.0,-77.5,5.9,9,19.022222222222222
8.0,-77.0,4.5,3,37.49333333333333
8.0,-76.5,4.4,6,60.56333333333333
8.0,-75.5,4.7,4,64.025
8.0,-75.0,4.7,11,58.599363636363634
8.0,-74.5,4.8,3,79.63333333333334
8.0,-74.0,5.5,4,79.3725
8.0,-73.5,4.5,2,115.8
8.0,-73.0,4.5,5,126.346
8.0,-72.5,4.5,5,68.172
8.0,-72.0,5.3,11,26.584545454545456
8.0,-71.5,3.9,1,53.2
8.0,-71.0,5.6,3,23.666666666666668
8.0,-70.0,4.5,1,9.0
8.0,-68.0,4.3,1,10.0
8.0,-64.0,4.4,1,5.9
8.0,-59.0,4.6,1,10.0
8.0,-39.5,6.5,13,9.59153846153846
8.0,-39.0,5.3,19,9.978947368421052
8.0,-38.5,6.6,11,12.0
8.0,-38.0,5.7,52,10.009807692307692
8.0,-37.5,4.7,2,10.0
8.0,-37.0,5.7,7,10.0
8.0,-36.5,4.8,2,10.0
8.0,-36.0,4.2,1,10.0
8.0,-10.0,4.4,1,10.0
8.0,32.0,4.7,1,10.0
8.0,39.0,4.5,1,10.0
8.0,58.0,4.5,1,10.0
8.0,58.5,5.0,3,10.0
8.0,59.0,5.1,11,10.0
8.0,59.5,4.4,2,10.0
8.0,88.5,4.6,1,10.0
8.0,91.0,3.9,1,30.0
8.0,91.5,4.5,14,28.715
8.0,92.0,7.5,86,30.413720930232557
8.0,92.5,6.1,17,29.50588235294118
8.0,93.0,5.5,9,28.266666666666666
8.0,93.5,5.95,48,36.50291666666667
8.0,94.0,5.9,501,29.992215568862274
8.0,94.5,5.6,102,32.79470588235294
8.0,95.0,4.6,5,58.46
8.0,95.5,4.4,1,83.43
8.0,97.5,4.5,1,10.0
8.0,98.5,4.2,3,11.5
8.0,117.0,4.4,1,35.0
8.0,121.5,5.3,4,35.2075
8.0,122.0,6.0,14,36.894999999999996
8.0,122.5,4.7,1,54.3
8.0,123.0,5.9,8,29.6875
8.0,123.5,6.0,6,121.8
8.0,124.0,6.0,5,265.048
8.0,124.5,5.0,6,166.68333333333334
8.0,125.0,5.7,11,22.03818181818182
8.0,125.5,4.8,8,33.68
8.0,126.0,5.3,22,54.82909090909091
8.0,126.5,6.2,94,79.34679787234043
8.0,127.0,5.7,82,44.6805243902439
8.0,127.5,5.5,26,31.117692307692305
8.0,128.0,4.5,3,33.43333333333333
8.0,134.5,5.0,1,16.24
8.0,135.0,4.9,1,10.0
8.0,135.5,4.4,1,10.0
8.0,136.0,5.1,1,33.0
8.0,137.0,6.3,12,30.383333333333336
8.0,137.5,5.2,12,38.63916666666667
8.0,138.0,4.7,1,10.0
8.0,139.5,4.7,1,35.0
8.0,141.5,5.6,4,27.25
8.0,142.0,4.7,3,26.0
8.0,144.5,4.7,1,73.9
8.0,147.5,5.3,3,17.666666666666668
8.5,-110.5,5.6,1,12.0
8.5,-104.5,4.0,1,10.0
8.5,-104.0,5.6,13,10.15230769230769
8.5,-103.5,5.5,42,11.095238095238095
8.5,-103.0,5.9,75,12.826666666666666
8.5,-102.5,5.3,7,10.0
8.5,-84.5,4.5,5,18.0
8.5,-84.0,4.8,14,20.87142857142857
8.5,-83.5,5.4,21,15.41047619047619
8.5,-83.0,6.5,233,18.689884120171676
8.5,-82.5,5.5,55,22.304545454545455
8.5,-82.0,4.4,4,19.7
8.5,-81.5,4.5,2,23.95
8.5,-81.0,4.3,1,57.8
8.5,-79.5,3.0,1,10.0
8.5,-79.0,4.7,2,21.585
8.5,-78.0,4.7,4,55.3625
8.5,-77.5,5.6,6,48.77
8.5,-77.0,5.7,13,36.97846153846154
8.5,-76.5,4.5,1,41.5
8.5,-75.5,4.6,1,48.3
8.5,-75.0,5.1,4,49.975
8.5,-74.5,4.5,4,54.8525
8.5,-74.0,4.6,2,71.55
8.5,-73.5,4.6,3,140.62666666666667
8.5,-73.0,5.2,2,103.65
8.5,-72.5,4.6,5,126.924
8.5,-72.0,4.9,6,14.804666666666668
8.5,-71.5,5.3,37,10.12
8.5,-71.0,4.4,4,9.0
8.5,-70.5,4.7,11,19.490909090909092
8.5,-67.0,3.0,1,33.0
8.5,-63.5,4.2,1,10.0
8.5,-62.0,4.1,2,79.25
8.5,-61.0,4.3,1,10.0
8.5,-41.0,4.7,1,10.0
8.5,-40.5,4.7,2,10.0
8.5,-40.0,6.2,6,10.0
8.5,-39.5,5.4,51,10.0
8.5,-39.0,4.7,5,10.0
8.5,-38.5,4.3,2,10.0
8.5,-38.0,4.9,1,10.0
8.5,-37.5,4.7,1,10.0
8.5,39.5,5.3,1,12.4
8.5,58.0,5.4,3,10.0
8.5,58.5,5.3,13,10.0
8.5,59.0,4.6,3,10.0
8.5,61.5,4.3,1,10.0
8.5,90.5,4.4,1,30.0
8.5,91.0,4.6,2,20.0
8.5,91.5,5.3,6,30.150000000000002
8.5,92.0,5.8,26,25.443461538461538
8.5,92.5,5.6,37,31.960270270270268
8.5,93.0,5.9,15,38.25333333333333
8.5,93.5,5.4,75,30.729599999999998
8.5,94.0,6.1,77,31.143142857142855
8.5,94.5,5.3,20,40.7845
8.5,95.0,4.5,2,110.0
8.5,121.0,4.3,1,37.41
8.5,121.5,6.1,6,27.073333333333334
8.5,122.0,4.7,6,33.46666666666667
8.5,122.5,5.0,14,52.17642857142857
8.5,123.0,4.7,13,51.59569230769231
8.5,123.5,5.5,11,26.39909090909091
8.5,124.0,4.9,3,35.800000000000004
8.5,124.5,4.7,3,158.72333333333333
8.5,125.0,4.4,2,56.5835
8.5,125.5,4.8,11,51.058181818181815
8.5,126.0,5.8,69,52.901014492753625
8.5,126.5,6.8,136,61.82944117647059
8.5,127.0,5.8,85,32.337929411764705
8.5,127.5,5.6,12,32.69833333333333
8.5,128.0,4.2,3,43.166666666666664
8.5,137.5,6.2,11,19.317272727272726
8.5,138.0,5.2,22,25.60272727272727
8.5,138.5,5.3,3,19.8
8.5,141.0,5.6,3,36.6
8.5,141.5,5.9,2,33.0
8.5,142.0,4.5,3,20.933333333333334
8.5,143.5,4.9,1,10.0
8.5,145.5,4.4,1,33.0
8.5,147.0,4.5,1,10.0
9.0,-103.0,4.9,1,10.0
9.0,-99.0,4.5,1,10.0
9.0,-89.0,3.7,1,33.0
9.0,-85.5,5.7,11,17.436363636363637
9.0,-85.0,4.7,3,24.179999999999996
9.0,-84.5,5.9,9,23.662222222222223
9.0,-84.0,6.9,118,22.664847457627122
9.0,-83.5,6.4,12,22.233333333333334
9.0,-83.0,6.1,48,20.593770833333334
9.0,-82.5,5.3,21,16.97142857142857
9.0,-82.0,4.8,2,36.35
9.0,-81.5,4.3,2,30.55
9.0,-81.0,3.8,2,33.0
9.0,-80.5,4.4,5,9.0
9.0,-80.0,3.2,1,10.0
9.0,-79.5,3.5,33,6.681818181818182
9.0,-79.0,5.3,7,46.714285714285715
9.0,-78.5,3.7,10,53.44
9.0,-78.0,4.5,11,51.86909090909091
9.0,-77.5,5.6,6,29.683333333333334
9.0,-77.0,6.5,8,10.375
9.0,-76.5,4.6,2,29.026
9.0,-75.5,5.0,1,39.3
9.0,-75.0,4.4,1,26.29
9.0,-74.5,5.7,4,41.585
9.0,-74.0,4.7,3,45.23333333333333
9.0,-73.5,4.5,4,103.1
9.0,-72.5,4.4,1,124.49
9.0,-72.0,4.1,1,33.0
9.0,-71.5,4.2,2,20.814999999999998
9.0,-71.0,4.6,10,21.194
9.0,-70.5,4.9,5,17.176
9.0,-70.0,5.2,9,10.588888888888889
9.0,-69.5,4.2,1,5.0
9.0,-66.5,4.5,1,10.0
9.0,-63.5,4.3,2,13.2
9.0,-63.0,4.1,1,150.0
9.0,-62.0,4.7,1,51.0
9.0,-61.5,4.3,3,58.48666666666667
9.0,-61.0,3.9,1,66.0
9.0,-60.5,3.8,1,35.1
9.0,-59.5,4.0,1,35.4
9.0,-40.5,5.1,16,10.620625
9.0,-40.0,5.1,10,10.0
9.0,-39.5,5.2,7,10.0
9.0,-39.0,4.7,2,10.0
9.0,39.5,4.0,1,10.0
9.0,40.0,4.3,1,16.76
9.0,42.0,4.3,1,10.0
9.0,57.5,4.5,1,10.0
9.0,58.0,5.4,8,10.0
9.0,58.5,5.2,4,10.0
9.0,85.5,4.8,1,10.0
9.0,86.0,4.1,1,17.23
9.0,90.5,4.4,1,33.0
9.0,91.5,5.1,1,30.0
9.0,92.0,4.9,11,29.663636363636364
9.0,92.5,6.6,32,31.519375
9.0,93.0,6.2,16,32.3875
9.0,93.5,5.5,62,29.725161290322582
9.0,94.0,6.1,117,21.2698547008547
9.0,94.5,5.1,2,14.3
9.0,95.5,4.5,1,14.46
9.0,121.0,4.0,1,35.0
9.0,121.5,4.9,5,37.739999999999995
9.0,122.0,4.8,12,29.425833333333333
9.0,122.5,5.1,21,38.666666666666664
9.0,123.0,4.9,8,35.1375
9.0,123.5,4.9,7,48.87714285714286
9.0,124.0,5.4,10,296.54
9.0,125.0,4.5,4,34.95
9.0,125.5,5.4,32,53.4684375
9.0,126.0,6.1,86,66.14994186046512
9.0,126.5,7.0,289,51.311311418685115
9.0,127.0,5.5,70,38.659142857142854
9.0,127.5,4.8,8,33.6625
9.0,128.0,4.2,2,21.5
9.0,138.0,5.2,13,27.427692307692308
9.0,138.5,5.9,7,17.472857142857144
9.0,139.5,4.6,1,33.0
9.0,140.0,4.5,2,33.0
9.0,141.0,4.5,1,20.0
9.0,141.5,5.2,1,33.0
9.0,142.5,4.6,1,10.0
9.0,150.0,5.0,1,33.0
9.5,-105.5,4.6,1,10.0
9.5,-104.5,5.2,2,9.975
9.5,-104.0,4.9,4,10.0
9.5,-103.5,4.3,1,33.0
9.5,-103.0,4.2,1,10.0
9.5,-100.0,4.7,1,33.0
9.5,-94.5,4.1,1,10.0
9.5,-87.5,4.6,1,10.0
9.5,-86.5,4.4,1,33.0
9.5,-86.0,4.7,9,22.141111111111112
9.5,-85.5,6.4,32,27.0613125
9.5,-85.0,5.5,49,26.785571428571426
9.5,-84.5,6.5,60,26.342733333333335
9.5,-84.0,6.4,94,28.677010638297872
9.5,-83.5,6.2,21,18.747619047619047
9.5,-83.0,7.6,13,13.661538461538461
9.5,-82.5,6.2,23,24.017391304347825
9.5,-82.0,5.2,4,21.475
9.5,-81.5,4.1,1,8.2
9.5,-81.0,4.0,1,33.0
9.5,-80.5,4.8,2,51.599999999999994
9.5,-80.0,5.4,4,48.925
9.5,-79.5,4.6,12,46.21666666666667
9.5,-79.0,6.1,22,50.81272727272728
9.5,-78.5,6.1,23,53.91608695652174
9.5,-78.0,5.2,6,33.516666666666666
9.5,-77.5,6.0,5,33.62
9.5,-77.0,4.4,1,50.82
9.5,-75.5,4.5,1,40.747
9.5,-75.0,4.8,3,44.39666666666667
9.5,-73.5,4.6,3,105.41333333333334
9.5,-73.0,4.7,1,125.15
9.5,-72.5,4.7,2,100.75
9.5,-71.0,4.9,3,13.1
9.5,-70.5,5.2,7,16.525714285714287
9.5,-70.0,5.1,10,12.25
9.5,-69.5,5.3,8,17.26
9.5,-69.0,4.8,1,10.0
9.5,-64.0,4.4,1,3.0
9.5,-63.5,4.4,1,42.65
9.5,-63.0,4.9,2,20.119999999999997
9.5,-62.5,4.4,6,35.583333333333336
9.5,-62.0,4.6,3,23.333333333333332
9.5,-61.5,4.1,2,50.855000000000004
9.5,-60.5,3.1,1,98.0
9.5,-60.0,4.5,3,44.333333333333336
9.5,-59.0,3.8,1,33.0
9.5,-41.0,4.6,2,10.0
9.5,-40.5,5.1,22,10.0
9.5,-40.0,4.7,3,10.0
9.5,-39.0,4.2,1,10.0
9.5,-8.5,4.8,1,10.0
9.5,40.0,4.5,1,10.0
9.5,42.0,4.2,1,10.0
9.5,57.0,5.6,8,10.0
9.5,57.5,5.4,8,11.4025
9.5,58.0,5.3,19,10.0
9.5,58.5,4.2,1,10.0
9.5,87.0,5.7,2,19.47
9.5,90.0,4.5,1,30.0
9.5,90.5,4.4,1,29.47
9.5,91.0,5.3,1,30.5
9.5,91.5,5.3,3,22.933333333333334
9.5,92.0,5.4,10,34.93
9.5,92.5,5.5,7,33.72857142857143
9.5,93.0,5.1,37,40.33027027027027
9.5,93.5,6.0,37,53.09343243243244
9.5,94.0,5.4,19,39.88421052631579
9.5,94.5,4.5,2,33.0
9.5,119.0,4.3,1,35.0
9.5,120.5,4.5,1,33.0
9.5,121.0,4.4,1,10.0
9.5,121.5,4.3,2,21.5
9.5,122.0,6.4,44,24.679318181818186
9.5,122.5,5.4,74,27.46189189189189
9.5,123.0,4.9,12,65.75916666666667
9.5,123.5,5.2,18,22.724444444444444
9.5,124.0,6.0,31,216.62806451612903
9.5,124.5,6.6,25,90.12360000000001
9.5,125.0,5.2,20,80.45750000000001
9.5,125.5,5.9,58,48.462293103448275
9.5,126.0,5.6,139,62.94656834532374
9.5,126.5,6.6,366,39.5444480874317
9.5,127.0,5.4,82,23.92451219512195
9.5,127.5,4.6,15,26.273333333333333
9.5,128.0,4.5,1,10.0
9.5,136.0,4.0,1,10.0
9.5,138.0,5.8,8,27.55375
9.5,138.5,5.2,13,22.74846153846154
9.5,140.0,4.5,1,10.0
9.5,140.5,4.8,2,21.5
9.5,141.0,4.9,1,20.92
9.5,141.5,5.0,3,17.133333333333333
9.5,142.0,5.2,3,25.333333333333332
9.5,145.5,4.9,1,42.7
9.5,147.5,5.3,1,10.0
9.5,148.0,4.8,1,10.0
10.0,-104.5,5.0,13,10.0
10.0,-104.0,6.6,28,12.028571428571428
10.0,-103.5,5.8,8,10.0
10.0,-89.5,3.4,1,33.0
10.0,-87.0,4.1,1,168.3
10.0,-86.5,5.9,8,24.8125
10.0,-86.0,4.8,27,28.401481481481483
10.0,-85.5,7.6,48,33.97375
10.0,-85.0,7.3,27,34.42111111111111
10.0,-84.5,6.6,40,54.601675
10.0,-84.0,6.1,49,35.652857142857144
10.0,-83.5,5.8,20,16.2465
10.0,-83.0,5.1,17,18.175882352941176
10.0,-82.5,4.4,3,19.333333333333332
10.0,-82.0,4.6,2,34.0
10.0,-81.5,4.3,1,10.0
10.0,-81.0,4.5,2,39.265
10.0,-80.0,4.5,2,38.325
10.0,-79.5,4.4,4,25.125
10.0,-79.0,4.3,9,39.8
10.0,-78.5,5.0,8,28.37875
10.0,-78.0,4.5,4,24.8
10.0,-77.5,4.2,2,30.05
10.0,-77.0,3.9,1,33.0
10.0,-76.0,3.9,1,41.7
10.0,-74.5,4.5,3,51.55333333333334
10.0,-74.0,4.4,1,89.4
10.0,-73.5,5.2,2,90.00999999999999
10.0,-73.0,4.2,3,90.76666666666667
10.0,-72.5,5.3,6,147.31166666666667
10.0,-72.0,5.0,3,16.46666666666667
10.0,-71.5,4.1,1,30.6
10.0,-71.0,5.0,2,12.3
10.0,-70.5,5.2,3,14.533333333333333
10.0,-70.0,5.7,24,16.712500000000002
10.0,-69.5,4.6,13,17.71076923076923
10.0,-69.0,4.5,3,24.61
10.0,-68.5,3.7,1,33.0
10.0,-68.0,4.4,5,8.55
10.0,-67.0,5.5,2,4.8
10.0,-64.5,4.3,1,12.6
10.0,-64.0,4.3,3,13.0
10.0,-63.5,4.9,3,24.96666666666667
10.0,-63.0,4.8,11,20.799636363636363
10.0,-62.5,4.8,31,27.221612903225807
10.0,-62.0,4.9,23,27.128695652173914
10.0,-61.5,4.2,9,42.44444444444444
10.0,-61.0,6.2,13,54.21230769230769
10.0,-60.5,4.7,24,44.931666666666665
10.0,-60.0,5.4,9,47.05555555555556
10.0,-59.5,4.6,4,28.4
10.0,-59.0,4.1,3,40.0
10.0,-43.5,4.8,1,10.0
10.0,-41.0,4.6,2,10.0
10.0,-40.5,5.3,2,10.0
10.0,40.5,4.4,1,10.0
10.0,41.0,5.0,5,10.0
10.0,41.5,4.6,4,9.665
10.0,43.0,5.0,4,10.0
10.0,56.5,5.3,6,13.616666666666667
10.0,57.0,5.6,22,10.226818181818182
10.0,57.5,5.5,21,10.0
10.0,58.0,5.2,4,10.0
10.0,58.5,6.2,2,9.0
10.0,61.0,4.8,1,10.0
10.0,90.0,4.0,1,10.0
10.0,90.5,3.7,2,10.0
10.0,91.5,5.0,28,25.375
10.0,92.0,5.4,15,33.24666666666666
10.0,92.5,4.6,10,28.874000000000002
10.0,93.0,5.9,59,48.179661016949154
10.0,93.5,5.4,64,43.52196875
10.0,94.0,5.5,50,32.7466
10.0,94.5,4.6,5,25.1
10.0,108.0,5.0,2,26.0
10.0,108.5,5.3,8,16.525
10.0,121.0,4.4,2,33.0
10.0,121.5,5.9,17,33.15882352941177
10.0,122.0,5.4,33,30.247272727272726
10.0,122.5,5.7,22,30.144090909090906
10.0,123.0,6.7,21,25.184761904761906
10.0,123.5,5.7,33,15.473333333333333
10.0,124.0,7.1,81,36.96469135802469
10.0,124.5,6.8,44,27.575454545454544
10.0,125.0,5.3,36,46.115138888888886
10.0,125.5,6.5,87,79.28525287356322
10.0,126.0,6.5,321,53.071411214953265
10.0,126.5,6.1,452,33.238643805309735
10.0,127.0,5.5,46,29.496543478260868
10.0,127.5,5.0,5,42.480000000000004
10.0,138.0,6.3,5,23.8
10.0,138.5,5.0,7,19.857142857142858
10.0,139.0,5.0,4,29.55
10.0,140.0,6.4,10,11.027
10.0,140.5,5.6,11,17.472727272727273
10.0,141.5,4.7,2,10.0
10.0,143.0,4.2,1,11.513
10.0,143.5,4.6,1,16.84
10.0,144.0,4.4,1,10.0
10.0,145.0,4.5,1,67.0
10.0,145.5,4.5,1,10.0
10.0,148.0,4.0,1,33.0
10.5,-130.0,4.8,1,23.2
10.5,-107.0,4.1,1,10.0
10.5,-103.5,6.6,2,21.5
10.5,-92.5,4.3,1,10.0
10.5,-92.0,3.7,1,33.0
10.5,-88.5,4.2,1,10.0
10.5,-88.0,4.5,2,33.0
10.5,-87.5,4.4,3,25.333333333333332
10.5,-87.0,6.3,20,20.488999999999997
10.5,-86.5,5.2,69,23.32826086956522
10.5,-86.0,5.9,128,32.2815625
10.5,-85.5,5.1,26,63.895384615384614
10.5,-85.0,5.5,35,73.364
10.5,-84.5,4.9,11,104.66090909090909
10.5,-84.0,4.9,8,71.75125
10.5,-83.5,5.3,4,24.425
10.5,-83.0,5.3,10,20.637
10.5,-77.0,4.5,1,10.0
10.5,-76.5,5.7,3,25.96666666666667
10.5,-75.5,4.0,1,19.9
10.5,-74.5,4.7,1,27.7
10.5,-74.0,4.3,1,91.3
10.5,-73.5,4.4,2,81.675
10.5,-73.0,4.7,4,69.845
10.5,-72.5,4.5,5,21.274
10.5,-72.0,4.2,2,161.7
10.5,-71.5,3.9,1,10.0
10.5,-70.5,5.8,4,20.25
10.5,-70.0,4.7,4,11.875
10.5,-69.5,5.4,9,18.007777777777775
10.5,-69.0,4.6,2,21.5
10.5,-68.5,4.7,2,6.3
10.5,-68.0,6.4,8,14.19375
10.5,-67.5,4.0,1,7.7
10.5,-66.5,4.5,3,10.343333333333334
10.5,-65.5,4.7,2,8.179
10.5,-65.0,4.8,2,21.85
10.5,-64.5,5.4,4,28.55
10.5,-64.0,5.2,2,9.05
10.5,-63.5,7.0,29,17.341379310344827
10.5,-63.0,5.8,49,40.39714285714286
10.5,-62.5,5.3,236,51.88374152542373
10.5,-62.0,5.4,160,22.22106875
10.5,-61.5,5.8,108,29.616203703703704
10.5,-61.0,5.0,96,34.197916666666664
10.5,-60.5,5.8,61,53.55081967213115
10.5,-60.0,3.7,6,61.666666666666664
10.5,-59.5,5.3,4,24.725
10.5,-55.5,4.5,1,10.0
10.5,-45.5,4.7,1,10.0
10.5,-44.0,6.0,1,10.0
10.5,-43.5,5.9,3,10.0
10.5,-43.0,5.7,3,10.0
10.5,-42.5,6.6,6,10.0
10.5,-42.0,6.9,3,9.666666666666666
10.5,-41.5,6.3,8,12.4375
10.5,-41.0,5.7,17,10.0
10.5,-14.0,4.3,1,10.0
10.5,-13.0,5.0,2,10.0
10.5,39.0,4.2,1,10.0
10.5,39.5,4.6,1,10.0
10.5,40.0,4.5,1,10.0
10.5,40.5,4.1,1,10.0
10.5,41.5,4.4,1,10.0
10.5,56.5,4.2,1,10.0
10.5,57.0,5.7,15,10.0
10.5,57.5,4.4,2,10.0
10.5,69.5,4.5,1,10.0
10.5,91.0,4.9,5,10.0
10.5,91.5,5.7,100,16.373800000000003
10.5,92.0,5.3,38,24.760526315789473
10.5,92.5,6.2,32,30.4078125
10.5,93.0,5.9,32,50.6371875
10.5,93.5,5.6,45,52.223577777777784
10.5,94.0,5.6,167,22.246161676646707
10.5,94.5,5.5,110,16.755454545454544
10.5,95.0,4.8,1,41.7
10.5,121.5,5.4,6,29.804999999999996
10.5,122.0,5.2,14,30.454285714285714
10.5,122.5,5.1,16,30.6625
10.5,123.0,4.7,7,53.55714285714286
10.5,123.5,4.5,4,22.5
10.5,124.0,4.5,4,36.8075
10.5,124.5,4.5,6,32.84166666666667
10.5,125.0,5.5,46,48.79665217391304
10.5,125.5,5.9,68,65.0762794117647
10.5,126.0,6.0,132,48.42634848484849
10.5,126.5,5.9,154,32.58318181818182
10.5,127.0,5.5,155,30.80058064516129
10.5,127.5,5.8,11,30.045454545454547
10.5,138.5,5.7,13,23.661538461538463
10.5,139.0,4.9,5,10.0
10.5,139.5,4.7,2,21.5
10.5,140.0,5.0,4,16.25
10.5,140.5,5.3,4,40.3
10.5,141.0,5.0,8,34.8075
10.5,141.5,5.6,11,30.654545454545453
10.5,142.0,5.5,9,21.577777777777776
10.5,143.0,4.6,4,26.375
10.5,144.5,4.7,1,33.0
10.5,145.0,5.0,6,64.06666666666666
10.5,145.5,6.9,18,13.627777777777778
10.5,146.0,5.7,19,11.342105263157896
10.5,146.5,4.9,4,10.0
10.5,147.0,4.6,2,10.0
10.5,147.5,4.8,1,33.0
10.5,148.5,4.5,1,10.0
10.5,176.5,4.0,1,33.0
11.0,-175.0,4.7,1,16.47
11.0,-132.5,4.4,1,10.0
11.0,-97.0,4.6,1,14.99
11.0,-90.0,3.7,1,33.0
11.0,-89.5,4.0,1,70.2
11.0,-88.5,4.0,2,26.5
11.0,-88.0,6.4,14,29.771428571428572
11.0,-87.5,5.5,19,31.329473684210527
11.0,-87.0,5.7,95,30.36890526315789
11.0,-86.5,6.3,177,37.51890960451977
11.0,-86.0,6.6,79,48.49043037974684
11.0,-85.5,6.3,40,76.7252
11.0,-85.0,5.2,19,117.55105263157894
11.0,-84.5,6.2,6,72.23333333333333
11.0,-84.0,4.2,1,33.0
11.0,-83.5,4.5,1,33.0
11.0,-75.0,4.5,2,28.615
11.0,-74.5,4.6,3,28.926666666666666
11.0,-74.0,4.4,5,29.3944
11.0,-73.5,4.8,2,39.3
11.0,-73.0,4.5,1,111.9
11.0,-72.5,5.1,4,92.9025
11.0,-72.0,4.3,1,35.0
11.0,-71.5,3.6,1,10.0
11.0,-71.0,4.5,2,39.7945
11.0,-70.5,5.5,3,41.96666666666667
11.0,-69.5,5.1,13,22.62923076923077
11.0,-69.0,4.8,2,19.84
11.0,-68.5,3.3,1,33.0
11.0,-68.0,4.4,1,1.0
11.0,-67.0,4.3,1,10.0
11.0,-66.0,3.7,1,33.0
11.0,-65.5,5.4,7,10.742857142857144
11.0,-65.0,4.3,2,16.85
11.0,-64.5,4.8,1,33.0
11.0,-64.0,4.5,3,9.966666666666667
11.0,-63.5,4.5,5,18.2
11.0,-63.0,7.3,15,37.81333333333334
11.0,-62.5,6.2,290,76.04252068965516
11.0,-62.0,6.1,453,63.23167770419426
11.0,-61.5,5.4,138,31.981376811594206
11.0,-61.0,6.7,160,19.1163125
11.0,-60.5,4.8,53,22.00735849056604
11.0,-60.0,4.7,16,36.44625
11.0,-59.5,4.1,5,68.5
11.0,-59.0,4.5,2,45.5
11.0,-58.5,4.8,4,15.75
11.0,-44.0,4.3,2,10.0
11.0,-43.5,5.9,15,9.733333333333333
11.0,-43.0,5.3,1,10.0
11.0,-42.5,7.0,4,10.0
11.0,-42.0,4.7,2,10.0
11.0,-41.5,4.5,1,10.0
11.0,-41.0,5.1,4,10.0
11.0,-12.5,4.2,1,10.0
11.0,41.5,4.5,1,10.0
11.0,42.0,4.6,6,7.728333333333334
11.0,42.5,4.4,1,16.13
11.0,43.5,3.7,1,10.0
11.0,56.5,4.6,1,10.0
11.0,57.0,6.3,1,10.0
11.0,57.5,5.7,9,12.164444444444445
11.0,58.0,4.6,1,10.0
11.0,91.0,4.3,4,24.125
11.0,91.5,6.1,67,17.186059701492535
11.0,92.0,6.6,120,23.078
11.0,92.5,5.5,33,29.604242424242425
11.0,93.0,5.1,13,39.58153846153846
11.0,93.5,5.3,27,116.36962962962963
11.0,94.0,4.8,9,64.86888888888888
11.0,94.5,5.4,54,16.703703703703702
11.0,95.0,5.2,28,19.927500000000002
11.0,122.0,5.4,13,35.18769230769231
11.0,122.5,5.4,10,28.881
11.0,123.0,4.6,1,14.2
11.0,124.0,4.9,7,64.51428571428572
11.0,124.5,6.5,30,46.77253333333333
11.0,125.0,5.8,52,53.96923076923077
11.0,125.5,5.3,56,74.89001785714287
11.0,126.0,5.7,91,40.38471428571429
11.0,126.5,5.5,68,34.88941176470588
11.0,127.0,5.2,36,33.40555555555555
11.0,127.5,4.7,8,28.37
11.0,128.0,4.6,1,35.0
11.0,138.0,4.5,1,10.0
11.0,138.5,5.3,15,26.526
11.0,139.0,5.2,9,38.65555555555555
11.0,139.5,5.1,7,26.714285714285715
11.0,140.0,5.2,14,32.37642857142857
11.0,140.5,6.1,16,25.6275
11.0,141.0,6.6,84,34.18214285714286
11.0,141.5,5.4,14,38.38214285714286
11.0,142.0,5.5,5,35.32000000000001
11.0,142.5,4.8,5,22.584
11.0,143.0,5.0,12,23.708333333333332
11.0,143.5,4.6,3,28.766666666666666
11.0,144.0,5.2,6,21.5
11.0,144.5,4.7,10,19.2
11.0,145.0,4.9,1,35.0
11.0,145.5,4.4,3,17.666666666666668
11.0,146.0,6.3,3,11.0
11.0,148.0,4.8,1,10.0
11.5,-127.5,5.0,1,10.0
11.5,-104.0,4.3,3,10.0
11.5,-103.5,4.6,1,10.0
11.5,-93.5,4.2,1,33.0
11.5,-89.5,4.3,2,34.0
11.5,-89.0,5.5,7,23.62
11.5,-88.5,5.2,15,42.292
11.5,-88.0,6.7,39,27.302307692307693
11.5,-87.5,7.7,99,31.106757575757577
11.5,-87.0,6.6,260,41.1356
11.5,-86.5,7.0,160,53.701106249999995
11.5,-86.0,6.6,83,105.08096385542167
11.5,-85.5,5.6,55,120.26345454545454
11.5,-85.0,4.6,5,41.956
11.5,-84.0,4.1,3,15.666666666666666
11.5,-83.0,4.0,1,10.0
11.5,-82.5,4.1,1,33.0
11.5,-82.0,4.2,1,16.9
11.5,-81.5,5.3,3,24.308666666666667
11.5,-77.0,4.6,1,10.0
11.5,-76.0,3.9,1,10.0
11.5,-74.5,4.2,1,33.0
11.5,-74.0,4.3,1,68.2
11.5,-73.5,4.3,1,58.2
11.5,-73.0,4.5,3,34.70666666666667
11.5,-72.5,4.9,2,60.241
11.5,-72.0,4.7,2,64.675
11.5,-71.0,3.8,1,82.3
11.5,-70.5,5.3,5,21.740000000000002
11.5,-70.0,4.3,1,5.0
11.5,-69.5,4.3,5,18.080000000000002
11.5,-67.0,4.5,1,13.09
11.5,-65.5,3.6,1,10.0
11.5,-65.0,4.1,1,27.0
11.5,-63.0,4.3,3,25.333333333333332
11.5,-62.5,5.2,13,114.04461538461538
11.5,-62.0,5.2,105,78.73437142857144
11.5,-61.5,4.5,92,33.18804347826087
11.5,-61.0,6.1,53,28.96698113207547
11.5,-60.5,4.5,24,32.030833333333334
11.5,-60.0,5.1,16,43.884375
11.5,-59.5,4.8,4,33.85
11.5,-44.0,4.6,2,10.0
11.5,-40.0,4.9,1,10.0
11.5,36.0,4.4,1,10.166
11.5,39.5,5.7,1,15.2
11.5,40.5,4.6,3,10.0
11.5,41.5,4.6,1,14.55
11.5,42.0,5.6,2,9.15
11.5,42.5,3.9,1,10.0
11.5,43.0,6.2,27,10.448592592592593
11.5,43.5,5.5,14,9.707857142857142
11.5,44.0,4.8,40,9.98725
11.5,44.5,4.2,1,10.0
11.5,45.0,4.7,1,10.0
11.5,45.5,4.4,1,10.0
11.5,46.0,4.8,3,10.0
11.5,46.5,4.4,1,10.0
11.5,57.5,6.0,11,9.578181818181818
11.5,58.0,4.5,4,10.0
11.5,91.0,4.2,1,30.0
11.5,91.5,5.2,5,18.32
11.5,92.0,5.3,24,26.416749999999997
11.5,92.5,5.5,33,28.73
11.5,93.0,5.1,17,47.51623529411765
11.5,93.5,5.3,7,92.40714285714286
11.5,94.0,4.4,3,30.0
11.5,94.5,5.0,3,16.666666666666668
11.5,95.0,5.9,21,18.57
11.5,95.5,4.4,1,30.0
11.5,100.0,5.0,5,16.34
11.5,121.5,4.7,2,29.55
11.5,122.0,5.6,7,34.33857142857143
11.5,122.5,5.6,5,19.82
11.5,123.5,4.5,2,213.55
11.5,124.0,4.5,3,26.0
11.5,124.5,5.4,32,38.3090625
11.5,125.0,5.1,26,65.50242307692308
11.5,125.5,5.6,144,48.26617361111111
11.5,126.0,6.4,135,33.07575555555555
11.5,126.5,5.4,20,39.5205
11.5,127.0,5.0,6,22.53333333333333
11.5,127.5,4.4,1,2.4
11.5,138.5,5.1,2,10.0
11.5,139.0,6.0,15,30.586666666666666
11.5,139.5,5.3,14,35.596428571428575
11.5,140.0,5.6,9,33.91888888888889
11.5,140.5,5.5,21,56.44952380952381
11.5,141.0,5.4,43,27.35209302325581
11.5,141.5,5.8,41,31.558536585365857
11.5,142.0,5.8,35,34.819428571428574
11.5,142.5,5.1,24,36.538333333333334
11.5,143.0,5.6,59,28.232881355932204
11.5,143.5,5.3,26,28.179230769230767
11.5,144.0,5.8,20,25.057
11.5,144.5,5.3,44,14.634999999999998
11.5,145.0,4.7,10,25.794
11.5,145.5,4.7,6,23.011666666666667
11.5,146.0,4.4,1,10.0
11.5,146.5,4.7,1,69.6
11.5,147.0,4.4,1,55.99
11.5,149.5,4.5,1,33.0
12.0,-112.5,4.3,1,10.0
12.0,-105.0,4.5,1,10.0
12.0,-93.5,4.2,1,33.0
12.0,-90.0,4.6,5,26.972
12.0,-89.5,4.6,13,35.207692307692305
12.0,-89.0,6.9,51,24.61862745098039
12.0,-88.5,7.3,84,33.593690476190474
12.0,-88.0,6.5,215,38.586809302325584
12.0,-87.5,6.0,132,45.16343181818182
12.0,-87.0,6.7,113,52.92910619469026
12.0,-86.5,5.6,106,89.6314716981132
12.0,-86.0,5.6,67,75.08470149253732
12.0,-85.5,4.2,4,31.700000000000003
12.0,-84.0,4.5,1,33.0
12.0,-83.0,5.5,3,17.666666666666668
12.0,-82.5,4.6,1,10.0
12.0,-82.0,4.6,5,18.324
12.0,-81.5,4.5,3,17.666666666666668
12.0,-77.5,4.5,1,14.12
12.0,-74.0,4.5,1,10.0
12.0,-73.5,5.0,3,21.19666666666667
12.0,-73.0,4.2,1,33.0
12.0,-72.5,4.3,2,44.075
12.0,-72.0,4.5,4,36.5225
12.0,-71.5,4.5,1,58.8
12.0,-71.0,5.1,1,69.0
12.0,-70.5,4.6,1,33.0
12.0,-70.0,4.2,4,13.35
12.0,-69.5,5.2,4,18.61
12.0,-69.0,4.0,1,9.3
12.0,-68.0,3.7,1,33.0
12.0,-66.5,4.5,1,62.5
12.0,-66.0,4.7,1,32.5
12.0,-65.5,4.0,1,34.9
12.0,-62.5,4.3,1,159.4
12.0,-62.0,4.5,19,119.07731578947369
12.0,-61.5,4.1,10,88.14
12.0,-61.0,5.4,27,44.311481481481486
12.0,-60.5,5.0,17,43.84705882352941
12.0,-60.0,4.8,11,33.60909090909091
12.0,-59.5,4.9,3,31.233333333333334
12.0,-59.0,4.5,4,27.25
12.0,-58.5,4.8,2,7.5
12.0,-56.0,4.4,1,10.0
12.0,-44.0,5.6,12,10.0
12.0,-43.5,5.0,6,10.0
12.0,-13.5,4.2,1,10.0
12.0,-12.0,4.6,1,13.66
12.0,39.0,3.8,1,10.0
12.0,40.0,4.3,2,10.0
12.0,40.5,4.9,44,10.172727272727274
12.0,41.0,5.0,1,10.3
12.0,41.5,4.5,3,10.0
12.0,42.0,4.7,3,10.0
12.0,42.5,4.9,2,10.0
12.0,43.0,5.2,8,8.3
12.0,43.5,5.5,48,9.409374999999999
12.0,44.0,5.5,168,9.836309523809524
12.0,44.5,4.8,4,10.0
12.0,45.5,4.2,4,11.285
12.0,46.0,5.6,34,10.707647058823529
12.0,46.5,5.0,17,11.381764705882354
12.0,47.0,4.6,2,10.0
12.0,48.0,4.6,1,10.0
12.0,57.5,4.8,4,10.0
12.0,58.0,6.5,22,12.378181818181817
12.0,58.5,4.2,1,10.0
12.0,80.0,5.2,1,10.0
12.0,91.5,4.0,1,30.0
12.0,92.0,4.9,13,27.45384615384615
12.0,92.5,6.1,35,29.55217142857143
12.0,93.0,5.8,24,43.32416666666666
12.0,93.5,6.0,22,85.96959090909091
12.0,94.0,4.8,5,75.11
12.0,94.5,4.7,15,28.833333333333332
12.0,95.0,6.1,43,22.496279069767443
12.0,95.5,4.9,7,27.197142857142858
12.0,96.0,4.4,2,21.5
12.0,96.5,4.8,1,33.0
12.0,100.0,4.7,2,14.25
12.0,120.5,5.7,15,23.38
12.0,121.0,5.0,8,29.6875
12.0,121.5,5.6,8,42.38875
12.0,122.0,7.1,10,23.575
12.0,122.5,5.8,10,31.560000000000002
12.0,123.0,4.4,2,21.5
12.0,123.5,5.1,14,35.835
12.0,124.0,6.6,50,24.203000000000003
12.0,124.5,5.4,13,32.09230769230769
12.0,125.0,6.4,32,68.2790625
12.0,125.5,7.2,216,39.13037037037037
12.0,126.0,6.8,137,32.586489051094894
12.0,126.5,4.6,9,34.41777777777778
12.0,127.5,4.3,2,33.0
12.0,140.0,6.2,11,17.201818181818183
12.0,140.5,5.4,25,35.9768
12.0,141.0,6.1,65,55.05107692307693
12.0,141.5,6.3,59,45.522474576271186
12.0,142.0,5.4,47,56.37982978723404
12.0,142.5,5.6,41,50.539609756097555
12.0,143.0,6.0,70,25.246014285714285
12.0,143.5,5.5,209,25.963071770334928
12.0,144.0,5.6,196,25.109632653061226
12.0,144.5,6.0,87,23.102954022988506
12.0,145.0,6.2,35,29.892
12.0,145.5,4.6,2,28.7
12.0,146.0,5.8,4,20.125
12.0,146.5,5.5,2,21.5
12.0,147.5,5.7,1,56.5
12.5,-102.5,4.0,1,15.11
12.5,-95.5,4.3,1,10.0
12.5,-94.5,4.4,1,35.0
12.5,-91.5,4.4,3,17.666666666666668
12.5,-91.0,4.3,2,54.55
12.5,-90.5,5.1,15,23.714
12.5,-90.0,5.1,20,27.558
12.5,-89.5,5.7,62,30.416693548387098
12.5,-89.0,5.7,127,40.08117322834646
12.5,-88.5,5.5,195,49.33466153846154
12.5,-88.0,7.3,207,56.1227536231884
12.5,-87.5,6.2,139,68.5556762589928
12.5,-87.0,5.7,76,109.08477631578947
12.5,-86.5,6.1,50,54.694520000000004
12.5,-86.0,4.4,5,27.78
12.5,-85.0,4.0,2,33.0
12.5,-82.0,5.8,4,11.775
12.5,-81.5,5.7,7,14.528571428571428
12.5,-81.0,4.4,1,3.6
12.5,-73.5,4.4,1,28.03
12.5,-73.0,5.2,3,27.656666666666666
12.5,-72.5,4.2,1,33.0
12.5,-71.5,4.1,1,10.0
12.5,-71.0,4.5,2,40.319
12.5,-70.5,4.6,1,33.38
12.5,-70.0,4.4,4,17.35
12.5,-69.5,4.7,1,15.0
12.5,-66.5,4.2,1,15.02
12.5,-61.5,4.0,3,126.0
12.5,-61.0,3.5,6,41.166666666666664
12.5,-60.5,4.7,13,42.425384615384615
12.5,-60.0,4.6,7,26.385714285714283
12.5,-59.5,4.5,9,34.419999999999995
12.5,-59.0,3.9,2,36.0
12.5,-56.5,4.3,1,10.0
12.5,-45.0,4.5,3,10.166666666666666
12.5,-44.5,5.6,15,10.0
12.5,-44.0,5.0,5,10.0
12.5,39.5,5.1,1,10.0
12.5,40.0,4.1,1,10.0
12.5,40.5,5.5,130,10.404615384615385
12.5,41.0,4.6,4,10.0
12.5,42.0,4.5,1,10.0
12.5,46.0,4.9,1,10.0
12.5,47.0,4.3,6,10.591666666666667
12.5,47.5,5.7,22,10.318181818181818
12.5,48.0,5.8,49,9.983673469387755
12.5,48.5,5.2,29,10.448275862068966
12.5,49.5,4.8,2,10.0
12.5,51.0,4.4,1,15.08
12.5,57.5,4.7,2,10.0
12.5,58.0,6.4,15,10.0
12.5,58.5,4.4,3,17.666666666666668
12.5,90.5,4.6,1,30.0
12.5,91.5,4.7,2,33.1
12.5,92.0,4.8,2,24.84
12.5,92.5,5.9,33,31.03030303030303
12.5,93.0,5.8,18,37.239444444444445
12.5,93.5,5.2,17,81.14688235294118
12.5,94.0,5.5,4,92.92425
12.5,94.5,4.2,4,23.975
12.5,95.0,5.9,40,25.42
12.5,95.5,5.0,14,29.64785714285714
12.5,96.0,4.7,1,10.0
12.5,119.0,4.3,1,10.0
12.5,119.5,4.1,1,10.0
12.5,120.0,5.0,3,35.03333333333333
12.5,120.5,5.9,9,22.933333333333334
12.5,121.0,5.7,11,22.847272727272728
12.5,121.5,4.3,1,56.8
12.5,122.0,5.0,6,34.515166666666666
12.5,122.5,4.9,3,27.52333333333333
12.5,123.0,5.8,11,24.30909090909091
12.5,123.5,5.6,40,41.867824999999996
12.5,124.0,6.1,19,31.142105263157898
12.5,124.5,5.1,23,64.32000000000001
12.5,125.0,7.1,79,41.98113924050633
12.5,125.5,7.1,193,33.99440414507772
12.5,126.0,5.4,40,28.965500000000002
12.5,126.5,5.1,17,31.870588235294115
12.5,127.0,4.6,3,33.666666666666664
12.5,130.0,4.8,1,33.0
12.5,139.0,4.9,1,10.0
12.5,139.5,4.7,1,35.0
12.5,140.0,4.6,2,22.5
12.5,140.5,5.1,3,16.433333333333334
12.5,141.0,5.6,23,30.952608695652174
12.5,141.5,6.9,95,22.417894736842104
12.5,142.0,6.1,94,40.02605319148936
12.5,142.5,5.4,122,66.08979508196721
12.5,143.0,6.8,62,68.34153225806452
12.5,143.5,5.4,108,33.922185185185185
12.5,144.0,5.9,207,30.600318840579707
12.5,144.5,5.7,101,32.56128712871287
12.5,145.0,7.0,56,32.591321428571426
12.5,145.5,5.5,15,34.605333333333334
12.5,146.0,4.6,3,29.7
12.5,146.5,4.8,5,23.508
12.5,147.0,5.0,1,33.45
12.5,147.5,4.6,2,22.66
12.5,148.0,4.4,1,30.2
12.5,149.0,4.6,1,33.0
12.5,149.5,4.8,1,33.0
13.0,-101.5,5.2,1,10.0
13.0,-94.0,4.2,1,33.0
13.0,-93.0,4.0,2,33.0
13.0,-92.5,5.0,9,24.216666666666665
13.0,-92.0,4.4,9,31.477777777777778
13.0,-91.5,5.5,12,26.948333333333334
13.0,-91.0,5.9,60,28.63658333333333
13.0,-90.5,6.1,70,35.02
13.0,-90.0,6.2,131,39.32312977099237
13.0,-89.5,6.6,157,54.531165605095545
13.0,-89.0,5.8,287,58.372592334494776
13.0,-88.5,7.7,285,64.66816140350878
13.0,-88.0,6.5,92,72.34039130434782
13.0,-87.5,6.0,70,102.19531428571429
13.0,-87.0,6.1,27,52.01740740740741
13.0,-86.5,4.6,4,72.0225
13.0,-86.0,4.0,3,28.436666666666667
13.0,-85.5,4.1,1,10.0
13.0,-81.5,4.6,6,10.0
13.0,-81.0,6.0,27,10.015925925925925
13.0,-72.5,4.4,1,37.38
13.0,-72.0,4.5,1,10.0
13.0,-71.0,4.4,1,33.0
13.0,-70.5,4.4,6,11.950000000000001
13.0,-70.0,4.9,8,27.4425
13.0,-68.0,4.8,1,33.0
13.0,-62.0,3.8,2,67.05
13.0,-61.5,4.3,11,102.25545454545454
13.0,-61.0,4.1,14,68.40714285714286
13.0,-60.5,4.6,22,49.34909090909091
13.0,-60.0,4.4,3,39.659
13.0,-59.5,4.0,3,27.75666666666667
13.0,-59.0,4.1,5,17.8
13.0,-58.0,5.3,2,10.0
13.0,-57.5,4.3,1,33.0
13.0,-57.0,4.7,1,10.0
13.0,-52.5,4.7,1,10.0
13.0,-49.5,4.5,1,10.0
13.0,-48.0,4.5,1,10.0
13.0,-45.0,5.6,13,10.0
13.0,40.0,5.0,2,31.1
13.0,40.5,5.0,7,12.428571428571429
13.0,41.0,4.5,4,10.0
13.0,41.5,4.5,3,10.0
13.0,42.0,4.5,3,10.733333333333334
13.0,45.5,3.8,1,10.0
13.0,47.5,4.8,1,10.0
13.0,48.0,4.9,4,10.0
13.0,48.5,5.5,5,10.0
13.0,49.0,5.8,8,10.0
13.0,49.5,5.5,11,9.972727272727273
13.0,50.0,4.9,9,10.0
13.0,50.5,4.9,22,11.13090909090909
13.0,51.0,5.2,65,10.502
13.0,51.5,4.6,12,10.0
13.0,57.0,4.7,3,10.0
13.0,57.5,5.5,26,10.38076923076923
13.0,58.0,5.1,19,15.13684210526316
13.0,58.5,4.6,2,10.0
13.0,91.5,4.6,5,22.740000000000002
13.0,92.0,5.1,26,29.317307692307693
13.0,92.5,5.8,77,30.10662337662338
13.0,93.0,6.5,105,32.02186666666667
13.0,93.5,5.1,43,47.733023255813954
13.0,94.0,4.9,7,67.98
13.0,95.0,4.9,1,27.1
13.0,95.5,5.4,19,24.233684210526317
13.0,96.0,5.2,13,29.594615384615388
13.0,96.5,3.9,1,33.0
13.0,119.5,6.0,7,26.087142857142858
13.0,120.0,4.8,13,40.44615384615384
13.0,120.5,5.5,25,39.002399999999994
13.0,121.0,5.5,42,34.29309523809523
13.0,121.5,5.3,20,32.2195
13.0,122.0,4.6,3,19.366666666666667
13.0,122.5,4.9,9,26.321111111111108
13.0,123.0,5.2,10,23.68
13.0,123.5,4.9,16,34.3975
13.0,124.0,4.8,37,62.6964054054054
13.0,124.5,6.0,63,46.940492063492066
13.0,125.0,6.1,77,38.77467532467533
13.0,125.5,5.7,48,31.903958333333335
13.0,126.0,5.8,46,26.988695652173913
13.0,126.5,4.2,3,25.333333333333332
13.0,140.5,4.6,1,10.0
13.0,141.0,3.6,1,33.0
13.0,142.0,5.1,2,28.05
13.0,142.5,4.9,8,106.39725
13.0,143.0,5.8,41,159.79031707317074
13.0,143.5,5.8,147,161.47367346938776
13.0,144.0,5.6,120,108.86188333333332
13.0,144.5,7.1,94,65.84458510638298
13.0,145.0,7.8,136,55.46593382352941
13.0,145.5,6.2,131,35.04687022900764
13.0,146.0,5.2,55,28.858
13.0,146.5,5.6,32,25.26
13.0,147.0,4.8,8,28.1075
13.0,148.0,4.7,1,10.11
13.0,148.5,4.7,3,11.913333333333334
13.0,149.5,4.4,1,15.11
13.5,-105.0,4.4,1,10.0
13.5,-104.5,4.4,2,10.0
13.5,-103.5,3.3,1,10.0
13.5,-95.5,4.3,1,33.0
13.5,-94.0,3.4,1,33.0
13.5,-93.5,4.5,10,28.96
13.5,-93.0,5.1,46,25.070652173913043
13.5,-92.5,6.1,75,22.494666666666664
13.5,-92.0,5.8,100,27.94684
13.5,-91.5,6.1,168,35.34925595238095
13.5,-91.0,6.8,202,42.3950396039604
13.5,-90.5,6.7,179,55.24180446927374
13.5,-90.0,6.3,116,63.00525862068965
13.5,-89.5,6.0,124,65.56171774193548
13.5,-89.0,6.6,81,66.32572839506173
13.5,-88.5,5.0,84,92.45258333333334
13.5,-88.0,5.2,46,79.81167391304348
13.5,-87.5,5.6,17,127.55470588235293
13.5,-87.0,4.4,1,56.0
13.5,-86.0,4.2,1,35.0
13.5,-85.5,4.7,1,33.0
13.5,-85.0,4.3,1,33.0
13.5,-83.0,4.4,1,2.8
13.5,-71.0,4.5,2,33.0
13.5,-61.5,3.8,3,120.13333333333333
13.5,-61.0,4.5,11,48.809090909090905
13.5,-60.5,4.5,24,39.637499999999996
13.5,-60.0,4.7,11,30.527272727272727
13.5,-59.5,3.7,1,10.0
13.5,-59.0,4.6,2,26.95
13.5,-58.5,4.5,4,31.925
13.5,-49.5,6.0,4,10.0
13.5,-46.0,4.4,1,10.0
13.5,-45.5,6.0,7,10.014285714285714
13.5,-45.0,5.6,28,10.186428571428573
13.5,-44.5,4.9,4,11.6425
13.5,39.5,4.9,2,10.55
13.5,40.0,5.7,9,10.0
13.5,40.5,4.5,2,9.985
13.5,41.0,5.0,3,10.0
13.5,41.5,5.6,21,9.404761904761905
13.5,42.0,5.0,10,10.25
13.5,45.5,4.2,1,10.0
13.5,48.0,4.7,1,10.0
13.5,49.5,5.2,10,12.309999999999999
13.5,50.0,4.7,5,10.0
13.5,50.5,5.3,27,10.003703703703705
13.5,51.0,5.2,27,11.274074074074074
13.5,51.5,6.6,14,12.052142857142856
13.5,52.0,5.7,5,10.0
13.5,55.5,4.7,1,10.0
13.5,56.0,4.4,1,10.0
13.5,57.0,5.5,15,10.0
13.5,57.5,5.1,18,10.0
13.5,58.0,5.0,1,10.0
13.5,91.5,4.6,1,24.0
13.5,92.0,4.7,5,25.32
13.5,92.5,6.3,45,27.920444444444446
13.5,93.0,6.6,95,29.648736842105265
13.5,93.5,4.9,19,42.747894736842106
13.5,94.0,4.9,9,49.25444444444444
13.5,94.5,4.6,4,29.075
13.5,95.5,5.3,3,26.0
13.5,96.0,5.0,5,35.519999999999996
13.5,96.5,4.6,3,35.056666666666665
13.5,97.0,4.3,1,33.0
13.5,118.5,5.4,1,62.3
13.5,119.5,4.9,8,18.45
13.5,120.0,5.5,51,42.813372549019604
13.5,120.5,6.7,225,58.82468888888889
13.5,121.0,7.1,219,118.47079452054794
13.5,121.5,5.9,41,20.770487804878048
13.5,122.0,5.1,5,38.37
13.5,122.5,5.4,11,25.930000000000003
13.5,123.0,5.6,11,29.508181818181814
13.5,123.5,5.7,7,43.83714285714286
13.5,124.0,5.3,11,43.875454545454545
13.5,124.5,6.2,18,36.16894444444444
13.5,125.0,5.8,36,34.67944444444444
13.5,125.5,6.9,66,20.31651515151515
13.5,126.0,5.6,27,31.425925925925927
13.5,126.5,4.5,3,26.666666666666668
13.5,142.0,4.3,1,10.0
13.5,142.5,5.1,1,10.0
13.5,143.0,4.5,2,21.5
13.5,143.5,5.4,8,150.96125
13.5,144.0,5.8,49,116.9827142857143
13.5,144.5,5.8,125,122.38456
13.5,145.0,5.7,151,101.23037086092715
13.5,145.5,5.7,49,61.57691836734694
13.5,146.0,5.8,54,36.21259259259259
13.5,146.5,5.3,39,25.965897435897435
13.5,147.0,4.8,6,20.243333333333336
13.5,147.5,4.9,4,25.94
13.5,148.0,4.5,1,10.0
13.5,148.5,4.1,1,10.0
13.5,169.0,4.2,1,35.0
13.5,173.5,5.0,1,35.3
14.0,-103.0,3.7,1,33.0
14.0,-97.0,4.3,1,13.91
14.0,-96.5,4.2,1,16.65
14.0,-95.0,3.5,1,33.0
14.0,-94.5,3.8,1,33.0
14.0,-94.0,5.0,43,21.651162790697676
14.0,-93.5,5.5,140,22.580214285714288
14.0,-93.0,6.3,344,24.32170348837209
14.0,-92.5,5.9,285,31.66542807017544
14.0,-92.0,7.4,326,40.17880061349693
14.0,-91.5,6.2,286,56.059402097902094
14.0,-91.0,6.3,155,69.7278
14.0,-90.5,6.0,102,77.16475490196079
14.0,-90.0,5.7,73,87.82750684931507
14.0,-89.5,5.0,30,60.41166666666666
14.0,-89.0,6.5,28,87.31892857142857
14.0,-88.5,6.1,13,75.95384615384616
14.0,-88.0,4.3,1,27.8
14.0,-87.0,3.5,1,250.0
14.0,-86.0,4.2,1,35.0
14.0,-84.5,4.9,2,29.95
14.0,-61.5,3.9,7,93.42857142857143
14.0,-61.0,4.6,54,27.554814814814815
14.0,-60.5,5.2,59,34.538474576271184
14.0,-60.0,4.6,15,26.403333333333332
14.0,-59.5,4.5,1,31.3
14.0,-59.0,4.6,5,14.014
14.0,-58.5,6.5,21,19.248571428571427
14.0,-58.0,4.4,4,15.8575
14.0,-50.0,5.3,1,10.0
14.0,-48.5,5.5,1,10.0
14.0,-47.0,4.8,2,10.0
14.0,-45.5,4.9,4,10.0
14.0,-8.5,4.2,1,33.0
14.0,24.0,4.4,1,10.0
14.0,40.0,4.4,3,10.0
14.0,40.5,5.5,1,10.0
14.0,42.0,4.6,1,10.0
14.0,43.5,3.9,1,24.6
14.0,44.0,4.7,2,10.0
14.0,45.5,4.9,1,10.0
14.0,46.0,4.4,1,10.0
14.0,49.0,4.5,1,10.0
14.0,50.5,4.8,1,10.0
14.0,51.0,4.7,2,10.0
14.0,51.5,6.0,22,11.022727272727273
14.0,52.0,5.7,19,10.0
14.0,53.0,4.5,3,10.0
14.0,53.5,5.0,7,10.0
14.0,54.0,5.3,14,10.0
14.0,54.5,4.3,1,10.0
14.0,55.5,4.4,1,10.0
14.0,56.0,5.3,4,10.0
14.0,56.5,5.4,16,11.4375
14.0,57.0,5.6,22,11.613636363636363
14.0,57.5,4.6,2,10.0
14.0,58.0,4.9,1,10.0
14.0,58.5,4.6,1,10.0
14.0,91.5,4.0,2,32.5
14.0,92.0,4.1,2,30.0
14.0,92.5,4.5,4,17.7
14.0,93.0,7.5,132,31.734090909090906
14.0,93.5,5.4,31,39.506258064516125
14.0,94.0,4.8,10,43.337
14.0,95.5,5.0,1,34.8
14.0,96.0,4.6,2,27.25
14.0,96.5,4.4,2,10.0
14.0,117.5,5.3,5,36.22
14.0,118.0,4.7,2,22.95
14.0,118.5,4.6,2,53.725
14.0,119.0,5.0,33,17.566666666666666
14.0,119.5,6.4,90,13.130888888888888
14.0,120.0,6.2,27,43.92370370370371
14.0,120.5,6.5,151,131.5525430463576
14.0,121.0,5.9,180,97.97243888888889
14.0,121.5,4.6,16,62.77875
14.0,122.0,4.8,8,30.752499999999998
14.0,122.5,5.3,9,26.031111111111112
14.0,123.0,4.9,5,20.5624
14.0,123.5,4.9,6,51.9
14.0,124.0,5.5,4,42.825
14.0,124.5,6.4,27,32.64407407407408
14.0,125.0,5.2,7,27.514285714285712
14.0,125.5,5.0,7,19.857142857142858
14.0,126.0,4.6,2,33.0
14.0,128.0,5.0,1,10.0
14.0,132.5,4.3,1,33.0
14.0,142.0,3.5,1,33.0
14.0,143.0,4.4,1,33.0
14.0,143.5,4.2,3,70.93333333333334
14.0,144.0,4.9,11,88.42363636363638
14.0,144.5,6.7,129,162.4654031007752
14.0,145.0,6.5,243,130.59312345679012
14.0,145.5,5.8,116,95.47653448275862
14.0,146.0,6.5,21,68.71380952380953
14.0,146.5,6.0,71,34.12028169014084
14.0,147.0,5.5,40,21.03445
14.0,147.5,5.1,6,13.885
14.0,148.0,4.5,2,21.5
14.0,155.5,4.5,1,33.0
14.5,-105.0,4.0,1,10.0
14.5,-104.5,3.9,1,10.0
14.5,-104.0,5.9,4,17.015
14.5,-103.5,4.2,1,33.0
14.5,-103.0,5.3,2,10.11
14.5,-99.0,3.6,1,33.0
14.5,-98.5,4.2,1,10.0
14.5,-98.0,4.2,1,10.0
14.5,-96.5,3.9,1,33.0
14.5,-96.0,4.8,1,33.0
14.5,-95.5,4.8,3,25.333333333333332
14.5,-95.0,5.1,13,18.396153846153847
14.5,-94.5,6.1,69,20.395072463768116
14.5,-94.0,5.7,167,22.252784431137727
14.5,-93.5,6.4,211,25.262293838862558
14.5,-93.0,6.3,348,33.484698275862065
14.5,-92.5,7.2,203,57.13202463054187
14.5,-92.0,6.4,101,71.77611881188119
14.5,-91.5,6.6,88,85.40297727272727
14.5,-91.0,6.3,60,97.41216666666666
14.5,-90.5,6.2,67,119.40014925373134
14.5,-90.0,5.5,34,185.37176470588236
14.5,-89.5,5.3,7,138.17000000000002
14.5,-89.0,4.6,10,42.311
14.5,-88.5,5.1,6,29.166666666666668
14.5,-88.0,4.3,1,10.0
14.5,-87.5,4.4,3,20.650000000000002
14.5,-83.5,4.5,1,33.0
14.5,-83.0,4.1,1,15.19
14.5,-62.0,3.7,2,78.75
14.5,-61.5,5.6,5,150.14000000000001
14.5,-61.0,4.6,72,45.89013888888889
14.5,-60.5,5.8,75,44.91173333333334
14.5,-60.0,5.2,25,43.87479999999999
14.5,-59.5,4.0,3,37.1
14.5,-59.0,6.5,2,15.614999999999998
14.5,-58.5,4.7,3,25.7
14.5,-49.0,4.5,1,10.0
14.5,-45.0,5.4,22,10.0
14.5,-44.5,3.7,1,10.0
14.5,-25.0,5.0,2,10.0
14.5,-23.5,4.2,1,10.0
14.5,-19.0,4.5,1,10.0
14.5,39.5,4.6,2,13.24
14.5,40.0,5.3,27,12.61111111111111
14.5,40.5,4.6,1,10.0
14.5,42.0,4.4,2,10.0
14.5,51.5,4.7,2,10.0
14.5,52.0,6.0,14,10.892857142857142
14.5,52.5,6.2,14,10.864285714285714
14.5,53.5,5.6,16,10.0
14.5,54.0,5.9,18,9.933333333333334
14.5,54.5,5.3,44,10.0
14.5,55.0,5.2,36,10.032777777777778
14.5,55.5,5.3,26,10.07076923076923
14.5,56.0,5.3,39,10.592307692307694
14.5,56.5,5.5,58,10.793103448275861
14.5,57.0,5.6,1,10.0
14.5,58.0,4.5,2,10.0
14.5,83.0,5.1,1,10.0
14.5,85.5,4.9,1,10.0
14.5,92.0,4.9,10,27.07
14.5,92.5,5.5,25,26.296
14.5,93.0,5.5,37,29.06918918918919
14.5,93.5,5.2,15,33.97933333333334
14.5,94.0,5.2,5,59.779999999999994
14.5,95.5,4.5,2,29.8
14.5,96.0,4.7,3,37.6
14.5,96.5,4.5,2,34.0
14.5,97.0,4.0,1,24.1
14.5,108.0,4.8,1,10.0
14.5,108.5,4.4,2,11.297
14.5,116.0,5.3,1,11.18
14.5,117.0,4.5,1,14.25
14.5,118.5,4.9,1,10.0
14.5,119.0,5.3,19,17.28421052631579
14.5,119.5,5.9,34,27.359882352941177
14.5,120.0,6.1,15,50.861
14.5,120.5,4.9,25,102.3172
14.5,121.0,4.8,9,95.38966666666667
14.5,121.5,4.8,2,68.5
14.5,122.0,5.2,9,22.522222222222222
14.5,122.5,4.4,2,31.07
14.5,123.0,5.2,19,19.28557894736842
14.5,123.5,5.1,10,36.977999999999994
14.5,124.0,6.1,11,36.38
14.5,124.5,5.1,6,46.22
14.5,126.0,4.5,1,10.0
14.5,143.5,4.0,1,33.0
14.5,144.0,5.2,19,45.252
14.5,144.5,5.8,55,41.32810909090909
14.5,145.0,5.8,61,64.57908196721311
14.5,145.5,5.2,31,96.77687096774194
14.5,146.0,5.3,20,81.67229999999999
14.5,146.5,5.2,34,44.718823529411765
14.5,147.0,6.0,165,28.443575757575754
14.5,147.5,4.8,18,24.66
14.5,148.0,4.6,3,17.666666666666668
14.5,149.0,4.7,1,33.0
14.5,155.0,4.6,1,10.0
15.0,-105.5,4.0,1,10.0
15.0,-105.0,5.3,7,13.285714285714286
15.0,-104.5,5.5,21,18.80952380952381
15.0,-104.0,4.8,3,21.666666666666668
15.0,-103.5,5.5,3,17.666666666666668
15.0,-99.5,4.2,2,16.5
15.0,-99.0,3.9,2,25.85
15.0,-98.5,4.8,3,17.666666666666668
15.0,-98.0,4.5,9,31.11111111111111
15.0,-97.5,6.5,11,25.69090909090909
15.0,-97.0,4.5,10,23.29
15.0,-96.5,4.7,9,15.358888888888888
15.0,-96.0,5.1,20,18.4
15.0,-95.5,4.8,26,19.71153846153846
15.0,-95.0,5.0,81,22.694074074074074
15.0,-94.5,6.0,169,28.04589349112426
15.0,-94.0,8.2,209,32.56774162679426
15.0,-93.5,5.6,116,42.43881034482759
15.0,-93.0,6.2,133,68.79064661654135
15.0,-92.5,6.3,96,91.87916666666666
15.0,-92.0,6.9,41,122.37975609756097
15.0,-91.5,6.1,41,156.41829268292682
15.0,-91.0,6.4,29,163.50396551724137
15.0,-90.5,4.5,8,53.9125
15.0,-90.0,4.6,2,16.5
15.0,-89.5,4.5,4,30.25
15.0,-89.0,4.5,1,33.0
15.0,-88.5,4.6,3,53.13666666666666
15.0,-88.0,4.7,4,33.5
15.0,-87.5,4.5,6,20.153333333333332
15.0,-87.0,5.3,4,21.45
15.0,-84.5,4.2,1,11.65
15.0,-62.0,3.8,4,82.475
15.0,-61.5,7.4,56,142.96357142857144
15.0,-61.0,5.0,119,77.99468907563026
15.0,-60.5,5.8,234,42.33840598290598
15.0,-60.0,4.6,27,27.23333333333333
15.0,-59.5,5.0,8,35.6275
15.0,-59.0,4.8,2,20.25
15.0,-58.5,4.6,2,22.6
15.0,-48.5,4.1,1,10.0
15.0,-45.5,5.4,2,10.0
15.0,-45.0,6.0,29,10.165172413793105
15.0,-44.5,4.6,2,10.0
15.0,-24.5,4.3,1,11.37
15.0,39.5,4.6,1,9.924
15.0,40.0,4.6,4,10.0
15.0,40.5,4.4,2,10.0
15.0,42.0,5.0,16,9.98125
15.0,42.5,4.5,2,10.0
15.0,44.5,4.0,1,7.46
15.0,51.5,4.0,1,10.0
15.0,52.0,5.3,4,10.0
15.0,52.5,4.9,4,10.0
15.0,53.5,4.6,4,9.975
15.0,54.5,5.1,8,12.875
15.0,55.0,5.0,17,11.352941176470589
15.0,55.5,5.1,9,10.0
15.0,56.0,5.2,6,13.833333333333334
15.0,57.5,4.6,1,10.0
15.0,58.0,4.6,1,10.0
15.0,59.5,5.5,4,10.0
15.0,64.0,4.1,1,10.0
15.0,93.0,4.7,2,20.0
15.0,93.5,4.9,6,26.45
15.0,94.0,4.1,3,34.46666666666667
15.0,94.5,4.5,2,34.0
15.0,95.0,4.3,1,33.0
15.0,96.0,4.6,2,10.0
15.0,96.5,5.2,8,17.54375
15.0,97.0,4.6,1,10.0
15.0,98.5,4.4,2,12.105
15.0,99.0,4.3,3,17.666666666666668
15.0,108.0,4.8,9,11.152888888888889
15.0,108.5,4.5,8,9.996875
15.0,118.5,6.1,10,31.169999999999998
15.0,119.0,4.7,11,34.61363636363637
15.0,119.5,5.1,26,31.800384615384612
15.0,120.0,5.9,97,45.42646391752577
15.0,120.5,6.1,77,42.02948051948052
15.0,121.0,4.5,4,69.81125
15.0,121.5,4.9,4,35.045
15.0,122.0,4.9,17,37.46764705882353
15.0,122.5,5.4,29,40.53613793103448
15.0,123.0,5.6,22,25.922727272727272
15.0,123.5,5.3,3,28.833333333333332
15.0,124.0,5.1,6,36.00666666666667
15.0,124.5,4.5,1,10.0
15.0,127.0,4.2,1,33.0
15.0,141.5,4.7,1,10.0
15.0,144.0,4.8,2,21.5
15.0,144.5,5.4,49,19.77922448979592
15.0,145.0,4.6,15,82.49199999999999
15.0,145.5,5.3,24,140.75191666666666
15.0,146.0,5.5,22,101.6465
15.0,146.5,5.2,15,67.49
15.0,147.0,5.3,72,31.87277777777778
15.0,147.5,7.6,126,30.128809523809522
15.0,148.0,5.1,9,30.17777777777778
15.0,148.5,4.8,1,33.0
15.0,149.0,4.5,1,33.0
15.0,152.5,5.0,1,10.0
15.5,-105.0,4.9,13,29.338461538461537
15.5,-104.5,5.2,16,29.78125
15.5,-104.0,4.7,6,34.089999999999996
15.5,-103.5,4.5,1,10.0
15.5,-100.0,4.3,4,32.2
15.5,-99.5,4.3,10,16.29
15.5,-99.0,4.6,43,17.269767441860466
15.5,-98.5,4.6,73,17.05780821917808
15.5,-98.0,4.6,47,24.78723404255319
15.5,-97.5,4.8,42,22.504761904761907
15.5,-97.0,5.5,55,18.577690909090908
15.5,-96.5,4.9,118,18.36195762711864
15.5,-96.0,5.5,114,16.462543859649124
15.5,-95.5,5.5,105,22.416857142857143
15.5,-95.0,5.5,202,29.880287128712872
15.5,-94.5,6.5,249,34.54638955823293
15.5,-94.0,5.8,158,50.971056962025315
15.5,-93.5,5.7,138,73.25304347826086
15.5,-93.0,6.4,84,95.82642857142858
15.5,-92.5,6.0,61,154.2188524590164
15.5,-92.0,5.8,75,182.59779999999998
15.5,-91.5,4.9,15,146.28866666666667
15.5,-91.0,4.5,11,36.300000000000004
15.5,-90.5,5.2,7,30.83571428571429
15.5,-90.0,5.4,10,18.399
15.5,-89.5,4.2,3,23.666666666666668
15.5,-89.0,5.1,8,9.75
15.5,-88.5,5.2,6,9.63
15.5,-88.0,4.6,5,20.56
15.5,-87.5,4.6,6,68.81666666666666
15.5,-87.0,5.4,17,15.187058823529412
15.5,-86.5,5.1,9,24.688888888888886
15.5,-86.0,4.4,1,33.0
15.5,-78.0,4.5,1,10.0
15.5,-77.5,4.3,1,10.0
15.5,-63.0,3.5,2,28.4
15.5,-62.5,3.0,1,33.0
15.5,-62.0,5.4,9,15.066666666666666
15.5,-61.5,6.3,184,36.02470108695652
15.5,-61.0,4.6,147,74.3152380952381
15.5,-60.5,4.6,118,38.553220338983046
15.5,-60.0,4.6,19,31.942105263157895
15.5,-59.5,3.9,1,59.0
15.5,-53.5,4.7,1,10.0
15.5,-50.0,6.3,5,10.0
15.5,-49.5,4.4,1,10.0
15.5,-49.0,4.6,1,10.0
15.5,-47.5,4.4,1,10.0
15.5,-47.0,4.6,5,10.0
15.5,-46.5,5.4,23,10.06391304347826
15.5,-46.0,6.0,8,10.0
15.5,-45.5,5.2,5,10.0
15.5,-45.0,4.8,2,10.0
15.5,31.5,5.5,1,12.5
15.5,32.0,4.8,1,17.0
15.5,39.5,5.0,3,10.026666666666666
15.5,40.0,4.2,1,10.0
15.5,41.5,4.8,1,10.0
15.5,42.0,4.7,8,10.0
15.5,42.5,4.1,1,10.0
15.5,43.5,4.1,1,15.19
15.5,49.0,4.4,1,10.0
15.5,59.5,4.7,1,10.0
15.5,60.0,4.5,1,10.0
15.5,88.5,4.8,1,10.0
15.5,94.0,5.0,3,25.333333333333332
15.5,95.5,6.0,1,15.0
15.5,96.0,5.2,22,21.2605
15.5,96.5,5.6,10,19.493199999999998
15.5,108.0,4.2,2,10.0
15.5,109.0,3.8,1,33.0
15.5,115.0,4.5,1,10.0
15.5,118.0,5.3,3,17.666666666666668
15.5,118.5,4.5,4,14.4625
15.5,119.0,6.0,22,27.90909090909091
15.5,119.5,6.0,44,31.145545454545456
15.5,120.0,5.2,34,63.94855882352942
15.5,120.5,5.7,26,72.21461538461539
15.5,121.0,7.7,35,92.9668
15.5,121.5,5.2,19,35.70421052631579
15.5,122.0,5.5,16,45.353125
15.5,122.5,5.4,21,31.587142857142858
15.5,123.0,4.6,10,30.7759
15.5,124.0,4.9,1,39.7
15.5,127.5,4.1,1,33.0
15.5,141.5,4.5,1,10.0
15.5,144.5,4.7,6,51.395
15.5,145.0,5.0,21,34.906190476190474
15.5,145.5,4.8,17,197.90017647058824
15.5,146.0,4.8,29,95.22551724137931
15.5,146.5,5.0,20,48.3201
15.5,147.0,5.7,37,38.9398918918919
15.5,147.5,5.7,96,31.9825
15.5,148.0,5.9,61,34.75639344262295
15.5,148.5,4.9,1,33.0
15.5,167.5,5.1,1,10.0
16.0,-118.5,4.4,1,10.0
16.0,-116.0,5.3,1,10.0
16.0,-115.5,5.1,1,10.0
16.0,-105.5,4.4,2,34.0
16.0,-105.0,5.1,5,33.64
16.0,-101.5,4.5,1,19.9
16.0,-101.0,4.5,1,19.08
16.0,-100.5,4.5,10,17.853
16.0,-100.0,4.3,5,17.6
16.0,-99.5,4.5,56,15.965357142857144
16.0,-99.0,6.0,244,17.134631147540986
16.0,-98.5,5.8,524,11.964751908396947
16.0,-98.0,7.1,361,15.214875346260387
16.0,-97.5,5.9,308,22.03433116883117
16.0,-97.0,7.5,209,24.70015311004785
16.0,-96.5,6.4,112,34.50905357142857
16.0,-96.0,5.5,97,33.68721649484536
16.0,-95.5,5.5,111,35.133585585585585
16.0,-95.0,5.6,171,35.71283040935673
16.0,-94.5,5.4,120,51.166716666666666
16.0,-94.0,6.3,133,79.06770676691728
16.0,-93.5,6.6,59,103.89828813559322
16.0,-93.0,5.5,39,161.18179487179486
16.0,-92.5,6.9,37,179.75510810810812
16.0,-92.0,4.7,7,172.67000000000002
16.0,-91.5,5.6,13,22.349230769230772
16.0,-91.0,5.3,7,14.73
16.0,-90.5,4.4,1,35.8
16.0,-90.0,4.5,3,33.72666666666667
16.0,-89.5,4.1,2,10.0
16.0,-89.0,5.2,3,17.666666666666668
16.0,-88.5,6.7,11,14.418181818181818
16.0,-88.0,6.1,5,21.72
16.0,-87.5,5.9,12,13.0
16.0,-87.0,5.4,3,10.0
16.0,-86.5,4.8,2,21.5
16.0,-86.0,5.4,2,23.65
16.0,-85.5,4.6,4,16.25
16.0,-85.0,5.3,3,15.133333333333333
16.0,-84.5,4.7,1,10.0
16.0,-83.0,4.2,1,33.0
16.0,-82.0,4.1,1,33.0
16.0,-79.0,4.1,1,10.0
16.0,-75.0,4.0,1,10.0
16.0,-63.0,3.9,1,32.0
16.0,-62.5,4.5,3,83.7
16.0,-62.0,6.1,22,111.2409090909091
16.0,-61.5,5.8,245,25.8249387755102
16.0,-61.0,5.7,214,34.66757009345794
16.0,-60.5,4.9,128,27.8531640625
16.0,-60.0,4.3,18,28.645555555555557
16.0,-59.5,4.5,6,27.933333333333334
16.0,-58.5,3.8,1,30.0
16.0,-48.5,4.7,3,10.0
16.0,-48.0,5.7,2,10.0
16.0,-47.5,4.4,3,10.0
16.0,-47.0,5.1,7,10.0
16.0,-46.5,5.7,13,10.0
16.0,38.5,4.0,1,10.0
16.0,39.0,4.5,1,33.0
16.0,39.5,4.3,2,10.0
16.0,40.0,4.7,2,10.0
16.0,41.5,4.6,2,10.0
16.0,42.0,4.9,2,10.0
16.0,42.5,4.4,2,10.0
16.0,49.0,4.3,1,10.0
16.0,53.5,4.6,1,10.0
16.0,54.0,4.7,1,10.0
16.0,55.5,4.0,1,10.0
16.0,59.5,4.3,2,10.0
16.0,60.0,4.4,1,10.0
16.0,80.0,4.1,1,10.0
16.0,86.0,4.4,1,15.79
16.0,92.5,4.2,2,20.0
16.0,93.0,4.8,19,24.442105263157895
16.0,93.5,4.6,4,10.0
16.0,94.0,4.2,1,10.0
16.0,94.5,4.9,3,24.5
16.0,95.0,4.6,3,17.666666666666668
16.0,95.5,5.4,4,16.425
16.0,96.0,5.7,10,24.880000000000003
16.0,96.5,4.6,4,19.3275
16.0,107.0,4.6,1,12.97
16.0,107.5,4.4,1,10.0
16.0,119.0,5.0,9,23.366666666666667
16.0,119.5,7.3,42,46.19609523809524
16.0,120.0,5.9,38,44.70789473684211
16.0,120.5,5.5,45,43.93333333333333
16.0,121.0,5.4,34,34.279117647058825
16.0,121.5,5.1,11,35.52363636363636
16.0,122.0,4.8,7,40.87285714285714
16.0,122.5,4.9,11,36.89636363636364
16.0,123.0,4.3,1,10.0
16.0,124.5,4.4,1,38.99
16.0,143.5,4.7,2,33.0
16.0,144.0,4.6,1,156.8
16.0,145.0,5.5,66,16.02978787878788
16.0,145.5,5.1,36,176.97472222222223
16.0,146.0,6.6,30,112.74433333333333
16.0,146.5,6.5,6,42.21666666666667
16.0,147.0,5.6,21,34.71380952380952
16.0,147.5,5.5,31,31.858709677419355
16.0,148.0,5.4,18,29.311111111111114
16.0,149.0,4.1,1,15.9
16.0,155.0,4.8,1,33.0
16.5,-116.0,4.4,2,10.0
16.5,-111.5,4.3,1,10.0
16.5,-105.5,4.6,1,10.0
16.5,-105.0,4.8,6,27.596666666666664
16.5,-104.0,4.4,1,33.0
16.5,-102.0,4.1,1,2.0
16.5,-101.5,4.3,11,20.00090909090909
16.5,-101.0,5.3,34,20.302941176470586
16.5,-100.5,4.6,89,11.755820224719102
16.5,-100.0,5.0,175,12.2776
16.5,-99.5,5.1,229,13.29292576419214
16.5,-99.0,5.7,169,20.406715976331363
16.5,-98.5,6.1,383,18.315483028720628
16.5,-98.0,7.4,243,18.862102880658437
16.5,-97.5,5.9,36,43.04472222222223
16.5,-97.0,4.3,10,58.010000000000005
16.5,-96.5,5.3,35,58.04714285714286
16.5,-96.0,5.2,60,53.666333333333334
16.5,-95.5,5.0,51,69.04372549019608
16.5,-95.0,6.1,167,71.75820958083831
16.5,-94.5,6.5,184,95.07141304347826
16.5,-94.0,6.1,111,129.58353153153155
16.5,-93.5,5.0,40,152.13979999999998
16.5,-93.0,5.8,16,155.656875
16.5,-92.5,4.6,3,128.36666666666667
16.5,-92.0,4.3,1,45.5
16.5,-91.5,5.2,5,12.52
16.5,-91.0,4.9,9,51.77777777777778
16.5,-90.5,4.4,3,37.86666666666667
16.5,-89.5,4.5,1,10.0
16.5,-88.0,4.3,1,10.0
16.5,-87.5,4.8,3,10.0
16.5,-87.0,5.5,8,14.73
16.5,-86.5,4.9,11,18.263636363636365
16.5,-86.0,7.3,21,17.00190476190476
16.5,-85.5,4.4,4,14.725
16.5,-83.5,4.5,1,10.0
16.5,-76.5,4.2,1,10.0
16.5,-76.0,4.5,1,33.8
16.5,-72.0,4.4,1,14.17
16.5,-65.0,2.8,1,14.95
16.5,-63.5,3.6,1,33.0
16.5,-62.5,4.3,6,139.49833333333333
16.5,-62.0,4.5,41,55.12268292682927
16.5,-61.5,5.5,102,34.42156862745098
16.5,-61.0,5.4,78,28.68778205128205
16.5,-60.5,4.4,13,22.385384615384616
16.5,-60.0,3.1,1,16.0
16.5,-59.5,6.2,6,29.03333333333333
16.5,-49.0,4.8,1,10.0
16.5,-47.5,4.3,1,10.0
16.5,-47.0,4.1,1,10.0
16.5,-46.5,5.6,44,10.0
16.5,-46.0,4.3,2,10.0
16.5,-25.5,5.3,1,10.0
16.5,37.5,4.4,1,10.0
16.5,39.0,4.1,1,10.0
16.5,39.5,4.3,1,10.0
16.5,40.0,5.0,2,10.0
16.5,40.5,4.4,1,10.0
16.5,41.0,5.5,5,10.120000000000001
16.5,53.0,4.6,1,10.0
16.5,73.5,4.3,2,12.73
16.5,79.5,4.6,1,33.0
16.5,80.0,4.5,1,10.0
16.5,92.5,4.4,1,30.0
16.5,93.0,4.8,2,27.6
16.5,94.0,4.5,4,24.2025
16.5,94.5,4.6,4,17.3425
16.5,95.0,4.2,1,15.52
16.5,95.5,4.1,1,36.5
16.5,96.0,4.6,5,34.660000000000004
16.5,96.5,4.4,1,50.56
16.5,100.0,4.1,1,11.004
16.5,107.5,4.6,1,13.85
16.5,119.0,5.1,12,42.07666666666667
16.5,119.5,5.4,10,43.437
16.5,120.0,5.5,18,53.69722222222222
16.5,120.5,5.9,50,37.6346
16.5,121.0,6.5,84,30.898095238095237
16.5,121.5,4.8,15,36.97866666666666
16.5,122.0,5.3,16,40.661625
16.5,122.5,5.2,21,37.343333333333334
16.5,123.0,5.0,12,28.602500000000003
16.5,123.5,4.6,1,33.0
16.5,124.0,4.6,1,10.0
16.5,124.5,4.4,1,28.27
16.5,143.5,4.7,3,33.0
16.5,144.0,3.9,2,154.65
16.5,144.5,4.4,1,10.0
16.5,145.0,5.2,12,102.87083333333334
16.5,145.5,5.6,42,337.93204761904764
16.5,146.0,5.3,49,102.9665306122449
16.5,146.5,5.9,15,61.30453333333333
16.5,147.0,5.1,6,32.07333333333333
16.5,147.5,4.6,11,38.84090909090909
16.5,148.0,5.2,5,28.6
16.5,148.5,4.7,8,27.39875
16.5,149.0,4.4,1,10.0
16.5,161.5,5.1,1,30.7
17.0,-155.0,3.53,1,19.556
17.0,-154.0,3.3,1,30.236
17.0,-122.0,4.7,2,10.0
17.0,-105.5,4.7,8,14.83625
17.0,-105.0,3.7,2,33.0
17.0,-102.5,4.6,13,21.22307692307692
17.0,-102.0,4.5,16,21.4625
17.0,-101.5,5.8,124,17.247016129032257
17.0,-101.0,6.8,136,17.912625000000002
17.0,-100.5,6.4,315,18.304539682539684
17.0,-100.0,7.0,963,14.296260643821393
17.0,-99.5,6.2,172,23.964470930232558
17.0,-99.0,5.6,49,30.825795918367344
17.0,-98.5,7.4,40,35.126999999999995
17.0,-98.0,4.9,22,40.96518181818182
17.0,-97.5,4.2,2,34.6
17.0,-97.0,5.0,18,64.40777777777777
17.0,-96.5,5.0,30,70.47833333333332
17.0,-96.0,5.6,27,58.907037037037036
17.0,-95.5,4.8,113,107.84918584070797
17.0,-95.0,5.9,291,112.84080756013746
17.0,-94.5,6.6,210,134.63990476190477
17.0,-94.0,5.7,138,153.7515072463768
17.0,-93.5,7.2,12,146.41583333333332
17.0,-93.0,4.2,5,46.1
17.0,-92.5,4.4,5,86.7
17.0,-92.0,4.6,4,47.9
17.0,-91.5,4.3,6,37.978833333333334
17.0,-91.0,4.2,4,38.35
17.0,-87.0,4.1,1,114.5
17.0,-86.5,4.1,1,10.0
17.0,-86.0,5.7,28,17.759142857142855
17.0,-85.5,6.1,29,21.358620689655172
17.0,-85.0,5.8,19,14.78
17.0,-84.5,5.4,11,11.19818181818182
17.0,-84.0,4.3,2,10.0
17.0,-76.5,3.1,1,10.0
17.0,-69.5,4.1,1,25.4
17.0,-69.0,3.9,5,75.47
17.0,-68.5,5.5,17,33.21941176470588
17.0,-68.0,3.97,22,34.99090909090909
17.0,-67.5,3.5,14,48.871428571428574
17.0,-67.0,3.6,4,53.675
17.0,-66.5,3.3,5,37.9
17.0,-66.0,3.4,6,31.55
17.0,-65.5,3.3,3,30.666666666666668
17.0,-65.0,2.3,1,24.0
17.0,-64.5,3.2,2,42.3
17.0,-64.0,3.8,1,27.3
17.0,-63.5,3.3,1,51.0
17.0,-63.0,5.0,3,162.77
17.0,-62.5,5.8,31,61.79677419354839
17.0,-62.0,4.5,109,34.591284403669725
17.0,-61.5,5.4,89,34.87842696629213
17.0,-61.0,4.9,86,26.966232558139534
17.0,-60.5,5.9,48,23.758333333333336
17.0,-60.0,4.8,21,33.352380952380955
17.0,-59.5,4.6,2,10.0
17.0,-47.0,4.7,2,10.0
17.0,-46.5,5.2,21,10.0
17.0,-46.0,4.6,1,10.0
17.0,-45.5,4.6,1,10.0
17.0,-26.5,4.8,1,10.0
17.0,-17.0,4.4,1,10.0
17.0,39.0,4.6,2,14.295
17.0,40.5,5.0,8,10.0125
17.0,41.0,4.2,1,10.0
17.0,43.5,4.4,1,10.0
17.0,45.0,4.5,1,10.0
17.0,60.0,5.0,4,10.0
17.0,73.5,5.1,21,15.338095238095239
17.0,74.0,4.8,8,15.75
17.0,75.5,4.5,1,10.0
17.0,77.0,4.3,1,10.0
17.0,92.5,4.2,1,26.1
17.0,93.5,4.4,2,29.0
17.0,94.0,5.0,5,24.2
17.0,94.5,4.8,4,21.5
17.0,95.0,3.5,1,33.0
17.0,95.5,4.8,2,12.379999999999999
17.0,96.0,4.5,8,29.43625
17.0,96.5,4.3,2,47.5
17.0,119.0,4.8,3,47.63333333333333
17.0,119.5,4.7,23,36.62826086956522
17.0,120.0,5.3,36,45.49166666666667
17.0,120.5,5.7,29,60.86786206896552
17.0,121.0,6.3,32,26.90571875
17.0,121.5,5.2,13,35.25769230769231
17.0,122.0,4.6,6,36.800000000000004
17.0,122.5,5.3,14,44.792857142857144
17.0,123.0,4.7,6,31.925
17.0,141.0,4.4,1,33.0
17.0,144.5,4.8,2,33.0
17.0,145.0,5.0,5,82.20599999999999
17.0,145.5,5.6,40,231.14215
17.0,146.0,5.7,68,48.242661764705886
17.0,146.5,5.3,24,61.87433333333333
17.0,147.0,6.4,81,40.40913580246914
17.0,147.5,5.4,87,29.25493103448276
17.0,148.0,6.3,10,25.952999999999996
17.0,148.5,4.7,8,32.99375
17.0,149.0,4.4,1,33.0
17.5,-158.0,4.07,1,5.08
17.5,-156.0,2.93,1,6.579
17.5,-155.5,2.38,1,4.859
17.5,-155.0,3.2,4,19.734
17.5,-154.0,3.85,1,25.316
17.5,-153.0,3.51,1,30.322
17.5,-114.0,4.4,1,10.0
17.5,-113.5,5.4,2,10.0
17.5,-111.5,4.1,1,10.0
17.5,-106.0,5.0,13,26.46923076923077
17.5,-105.5,6.4,12,16.004166666666666
17.5,-105.0,4.8,5,20.772
17.5,-104.0,4.4,2,13.05
17.5,-103.5,4.3,9,17.566666666666666
17.5,-103.0,4.7,15,18.766666666666666
17.5,-102.5,4.3,9,20.011111111111113
17.5,-102.0,4.6,32,13.9115625
17.5,-101.5,6.1,195,23.793384615384614
17.5,-101.0,7.2,164,26.20289634146341
17.5,-100.5,5.6,57,32.28159649122807
17.5,-100.0,6.0,31,40.645161290322584
17.5,-99.5,4.7,22,58.91363636363636
17.5,-99.0,4.1,13,52.54615384615385
17.5,-98.5,5.1,12,58.17583333333334
17.5,-98.0,5.2,4,61.42
17.5,-97.5,4.4,13,68.46615384615384
17.5,-97.0,4.4,16,76.956875
17.5,-96.5,4.2,12,68.50583333333334
17.5,-96.0,5.1,27,99.44814814814815
17.5,-95.5,6.3,61,100.87234426229507
17.5,-95.0,5.6,195,133.03060512820514
17.5,-94.5,5.4,188,150.31262765957447
17.5,-94.0,5.4,50,148.94619999999998
17.5,-93.5,5.0,11,110.12563636363637
17.5,-93.0,4.2,2,32.55
17.5,-92.5,4.6,8,24.41725
17.5,-92.0,4.0,2,10.0
17.5,-91.5,4.6,3,37.0
17.5,-91.0,4.6,4,49.825
17.5,-86.5,4.0,1,33.0
17.5,-86.0,4.3,1,33.0
17.5,-85.5,4.4,3,20.266666666666666
17.5,-85.0,4.6,5,19.2
17.5,-84.0,4.7,9,10.0
17.5,-83.5,7.5,24,10.580833333333333
17.5,-83.0,5.4,3,10.0
17.5,-82.5,6.3,9,11.995555555555557
17.5,-82.0,4.6,2,10.0
17.5,-79.5,4.8,2,10.0
17.5,-78.5,4.5,3,15.299999999999999
17.5,-75.5,3.7,1,33.0
17.5,-72.5,4.4,1,16.135
17.5,-72.0,5.4,2,13.345
17.5,-71.0,4.3,2,30.705
17.5,-70.5,4.0,1,24.9
17.5,-70.0,4.1,2,28.85
17.5,-69.5,3.8,2,86.1
17.5,-69.0,4.1,30,69.66033333333333
17.5,-68.5,4.8,74,55.62148648648648
17.5,-68.0,4.2,53,43.39245283018868
17.5,-67.5,3.7,72,27.31888888888889
17.5,-67.0,3.5,100,17.3704
17.5,-66.5,3.7,43,30.138139534883724
17.5,-66.0,4.8,49,25.978775510204084
17.5,-65.5,5.3,37,21.456756756756757
17.5,-65.0,3.9,15,35.38666666666666
17.5,-64.5,3.96,11,36.654545454545456
17.5,-64.0,4.1,19,53.31315789473685
17.5,-63.5,5.0,24,72.65166666666667
17.5,-63.0,4.7,21,104.38142857142859
17.5,-62.5,4.2,37,65.05621621621621
17.5,-62.0,5.3,123,32.954471544715446
17.5,-61.5,5.6,100,26.437980000000003
17.5,-61.0,5.8,112,22.848383928571426
17.5,-60.5,4.9,12,26.839166666666667
17.5,-60.0,3.7,2,33.0
17.5,-59.0,4.4,1,10.0
17.5,-57.0,4.7,1,10.0
17.5,-47.0,4.6,1,10.0
17.5,-46.5,5.7,29,10.0
17.5,-46.0,4.7,2,10.0
17.5,-44.0,5.0,2,10.0
17.5,-26.5,4.8,2,10.0
17.5,40.0,4.7,7,11.147142857142857
17.5,40.5,4.8,10,10.751999999999999
17.5,41.0,4.5,1,10.0
17.5,43.0,4.5,1,17.55
17.5,60.0,4.4,2,10.0
17.5,73.5,4.2,1,10.0
17.5,74.0,5.2,10,29.8
17.5,77.5,5.0,1,10.0
17.5,85.0,4.2,1,10.0
17.5,92.5,4.6,1,10.0
17.5,93.5,4.7,1,39.85
17.5,94.0,4.5,2,18.6
17.5,94.5,5.2,8,24.68375
17.5,95.0,4.2,3,59.69333333333333
17.5,95.5,4.7,2,36.75
17.5,96.0,5.1,9,12.555555555555555
17.5,96.5,4.4,2,24.195
17.5,97.5,4.4,1,33.0
17.5,101.5,4.5,1,10.0
17.5,110.0,4.1,1,33.0
17.5,118.5,4.1,1,33.0
17.5,119.0,4.5,2,31.439999999999998
17.5,119.5,4.9,14,27.242142857142856
17.5,120.0,5.7,19,38.76842105263158
17.5,120.5,4.9,32,37.5224375
17.5,121.0,7.0,43,21.612116279069767
17.5,121.5,5.3,10,31.852999999999998
17.5,122.0,4.5,3,97.492
17.5,122.5,5.4,33,33.41463636363636
17.5,123.0,4.8,9,36.08888888888889
17.5,144.5,4.5,3,87.07666666666667
17.5,145.0,5.3,13,61.56307692307693
17.5,145.5,6.5,104,289.1178942307692
17.5,146.0,5.4,64,145.97040625
17.5,146.5,5.0,8,87.14625
17.5,147.0,5.4,16,47.488749999999996
17.5,147.5,6.0,53,33.05567924528302
17.5,148.0,5.9,23,27.293478260869566
17.5,148.5,4.4,2,22.715
17.5,150.0,4.0,1,33.0
18.0,-156.5,3.2,1,17.72
18.0,-156.0,3.09,2,19.7725
18.0,-155.5,3.6,8,11.125125
18.0,-155.0,2.76,5,11.35120001525879
18.0,-154.5,4.1,1,25.4
18.0,-154.0,3.27,1,0.93
18.0,-153.5,2.92,1,5.04
18.0,-153.0,3.54,1,2.77
18.0,-111.5,4.5,5,10.0
18.0,-111.0,4.4,1,10.0
18.0,-109.0,4.1,1,10.0
18.0,-108.5,3.5,1,10.0
18.0,-107.0,4.2,6,17.666666666666668
18.0,-106.5,4.7,2,33.0
18.0,-106.0,6.3,34,22.326911764705883
18.0,-105.5,5.9,17,20.49411764705882
18.0,-105.0,5.4,13,22.54692307692308
18.0,-104.0,4.6,7,17.7
18.0,-103.5,5.1,65,16.48
18.0,-103.0,7.2,54,19.230314814814815
18.0,-102.5,6.5,54,26.692925925925927
18.0,-102.0,6.0,78,33.36256410256411
18.0,-101.5,6.5,94,42.04018085106383
18.0,-101.0,5.5,60,56.634166666666665
18.0,-100.5,6.3,86,54.06476744186046
18.0,-100.0,6.5,54,54.98555555555555
18.0,-99.5,5.3,36,53.36666666666667
18.0,-99.0,5.8,27,53.01851851851852
18.0,-98.5,5.6,27,55.438148148148144
18.0,-98.0,5.2,18,50.22222222222222
18.0,-97.5,4.7,28,60.47607142857142
18.0,-97.0,5.8,9,68.76666666666667
18.0,-96.5,4.9,1,76.8
18.0,-96.0,5.9,5,96.09400000000001
18.0,-95.5,5.7,27,76.2625925925926
18.0,-95.0,5.9,26,112.18346153846154
18.0,-94.5,5.0,23,59.95782608695652
18.0,-94.0,4.1,3,64.1
18.0,-93.5,4.5,8,52.6125
18.0,-93.0,4.5,6,59.46666666666667
18.0,-92.5,4.3,3,143.33333333333334
18.0,-91.5,4.3,1,20.0
18.0,-86.5,4.0,1,10.0
18.0,-83.5,4.0,2,33.0
18.0,-82.0,5.8,8,12.93875
18.0,-81.5,6.0,11,14.375454545454545
18.0,-80.0,4.4,2,10.0
18.0,-79.5,4.7,8,12.0125
18.0,-78.0,4.7,7,11.227142857142857
18.0,-77.5,3.7,10,11.516
18.0,-77.0,3.9,23,11.265217391304349
18.0,-76.5,5.5,47,12.261063829787235
18.0,-76.0,3.8,1,10.0
18.0,-75.5,4.0,1,27.9
18.0,-75.0,4.2,1,21.3
18.0,-73.5,4.4,1,10.0
18.0,-73.0,4.2,1,10.0
18.0,-72.5,4.6,2,10.0
18.0,-72.0,4.4,3,10.0
18.0,-71.5,4.7,1,10.0
18.0,-71.0,5.2,4,41.925
18.0,-70.5,5.0,6,35.57
18.0,-70.0,4.4,3,76.3
18.0,-69.5,4.4,14,82.38642857142858
18.0,-69.0,5.0,137,103.08915328467154
18.0,-68.5,5.8,699,89.30845064377682
18.0,-68.0,5.1,651,83.80897081413211
18.0,-67.5,5.2,1136,30.953485915492962
18.0,-67.0,6.4,24545,11.86654341006315
18.0,-66.5,5.6,3080,12.937477272727273
18.0,-66.0,4.7,1099,18.08272065514104
18.0,-65.5,4.8,1196,13.991287625418062
18.0,-65.0,5.0,430,26.925581395348836
18.0,-64.5,4.8,132,66.02022727272727
18.0,-64.0,5.3,120,56.266083333333334
18.0,-63.5,4.5,41,62.06512195121952
18.0,-63.0,5.4,29,67.00551724137931
18.0,-62.5,5.0,27,44.14407407407407
18.0,-62.0,4.9,15,33.973333333333336
18.0,-61.5,5.4,54,27.83512962962963
18.0,-61.0,5.4,21,27.79195238095238
18.0,-60.5,6.0,4,39.125
18.0,-60.0,5.6,4,27.595
18.0,-59.5,4.0,1,34.7
18.0,-47.0,4.8,3,10.0
18.0,-46.5,4.7,4,8.5925
18.0,40.0,5.3,32,11.1378125
18.0,40.5,4.5,4,10.0
18.0,57.5,4.2,1,10.0
18.0,60.0,4.8,2,10.0
18.0,63.5,4.3,2,10.0
18.0,76.5,6.2,11,15.981818181818182
18.0,77.0,4.4,1,33.0
18.0,86.5,4.5,1,33.0
18.0,87.5,4.7,1,33.0
18.0,88.0,6.0,1,47.23
18.0,93.5,4.3,1,35.0
18.0,94.0,4.5,2,23.35
18.0,94.5,4.9,8,34.821375
18.0,95.0,4.4,4,52.441
18.0,95.5,4.6,1,73.7
18.0,96.0,4.9,8,22.32875
18.0,96.5,6.1,2,11.850000000000001
18.0,119.0,4.3,2,42.75
18.0,119.5,5.2,25,33.446239999999996
18.0,120.0,5.4,30,30.537333333333333
18.0,120.5,5.3,30,42.17776666666667
18.0,121.0,5.7,38,45.46205263157895
18.0,121.5,5.0,4,18.875
18.0,122.0,4.6,2,57.675
18.0,122.5,5.8,17,33.69941176470588
18.0,123.0,4.8,5,35.234
18.0,128.0,4.7,1,10.0
18.0,144.5,4.7,2,69.3
18.0,145.0,4.6,15,199.2086666666667
18.0,145.5,5.3,95,248.2871052631579
18.0,146.0,5.2,56,137.87298214285713
18.0,146.5,5.8,60,70.38991666666668
18.0,147.0,5.6,58,50.81234482758621
18.0,147.5,5.2,28,33.13192857142857
18.0,148.0,4.9,6,27.33666666666667
18.0,170.0,5.2,1,30.2
18.5,-157.5,3.6,1,10.0
18.5,-157.0,4.04,5,15.864999999999998
18.5,-156.5,4.62,12,32.228833333333334
18.5,-156.0,3.77,16,31.779375381469723
18.5,-155.5,4.53,81,16.53513582507475
18.5,-155.0,4.67,99,16.29727272534611
18.5,-154.5,3.48,6,13.494333333333335
18.5,-154.0,2.97,3,26.555333333333333
18.5,-153.5,2.69,2,20.535500000000003
18.5,-153.0,3.41,2,11.8375
18.5,-109.0,3.8,1,10.0
18.5,-108.5,4.1,3,10.0
18.5,-108.0,5.2,4,10.0
18.5,-107.5,5.1,13,19.930769230769233
18.5,-107.0,6.2,39,26.33846153846154
18.5,-106.5,5.8,36,20.328055555555554
18.5,-106.0,5.7,22,22.268181818181816
18.5,-105.5,6.1,21,21.30142857142857
18.5,-105.0,6.3,32,18.2765625
18.5,-104.5,6.2,46,17.23521739130435
18.5,-104.0,5.3,44,16.61256818181818
18.5,-103.5,5.8,39,24.46923076923077
18.5,-103.0,7.6,47,35.47153191489362
18.5,-102.5,5.4,28,43.81107142857143
18.5,-102.0,5.5,41,45.98636585365854
18.5,-101.5,6.5,63,59.751222222222225
18.5,-101.0,6.1,64,62.932859375
18.5,-100.5,6.1,24,61.754999999999995
18.5,-100.0,4.7,11,54.25454545454545
18.5,-99.5,3.9,12,24.508333333333336
18.5,-99.0,5.9,2,42.55
18.5,-98.5,7.1,6,22.95
18.5,-98.0,5.3,3,70.63333333333334
18.5,-97.5,7.0,6,65.61666666666666
18.5,-97.0,3.8,1,67.8
18.5,-96.0,4.7,2,48.150000000000006
18.5,-95.5,4.0,5,28.560000000000002
18.5,-95.0,4.2,4,49.25
18.5,-94.5,4.2,6,31.485
18.5,-94.0,4.5,1,63.1
18.5,-93.5,4.4,3,60.56666666666666
18.5,-93.0,4.2,2,101.05
18.5,-85.0,4.3,1,33.0
18.5,-82.0,4.4,7,10.0
18.5,-81.5,5.4,25,15.390799999999999
18.5,-81.0,4.2,2,20.0
18.5,-80.0,4.3,2,10.0
18.5,-79.5,3.9,1,10.0
18.5,-78.0,2.7,1,10.0
18.5,-77.5,5.2,5,8.42
18.5,-77.0,3.1,3,10.0
18.5,-76.5,3.9,6,14.966666666666667
18.5,-74.5,4.6,2,8.9
18.5,-74.0,5.8,14,11.357142857142858
18.5,-73.5,7.2,63,10.63031746031746
18.5,-73.0,6.0,80,10.375
18.5,-72.5,7.0,43,10.173255813953489
18.5,-72.0,4.5,13,16.053846153846152
18.5,-71.5,4.9,9,13.966666666666667
18.5,-71.0,4.5,5,30.32
18.5,-70.5,5.5,22,30.974454545454545
18.5,-70.0,4.5,2,69.035
18.5,-69.5,5.3,26,75.36576923076923
18.5,-69.0,5.0,297,121.46871717171717
18.5,-68.5,5.0,362,112.67096685082873
18.5,-68.0,4.9,469,88.83194029850746
18.5,-67.5,4.6,1168,32.82352739726027
18.5,-67.0,5.8,1055,44.888426540284364
18.5,-66.5,4.3,978,58.566799591002045
18.5,-66.0,5.1,655,75.13282442748091
18.5,-65.5,4.2,409,61.407628361858194
18.5,-65.0,4.6,819,45.16804639804639
18.5,-64.5,5.2,724,51.626393646408836
18.5,-64.0,5.4,303,43.93897689768977
18.5,-63.5,5.2,43,45.40913953488372
18.5,-63.0,5.1,27,36.934814814814814
18.5,-62.5,5.4,12,48.33583333333333
18.5,-62.0,5.2,10,25.336000000000002
18.5,-61.5,5.0,6,22.866666666666664
18.5,-61.0,4.0,1,33.0
18.5,-60.5,4.6,2,23.1
18.5,-58.5,6.7,1,41.5
18.5,-47.5,5.0,2,10.0
18.5,-47.0,4.7,2,10.0
18.5,-46.5,4.8,7,10.0
18.5,-46.0,4.7,2,10.0
18.5,-27.5,4.9,1,10.0
18.5,-25.0,4.9,1,16.25
18.5,-16.5,4.4,1,10.0
18.5,39.0,4.4,1,10.0
18.5,39.5,4.6,2,10.0
18.5,40.0,4.3,4,16.425
18.5,40.5,4.1,1,10.0
18.5,44.5,3.9,1,10.0
18.5,71.0,4.3,1,10.0
18.5,71.5,4.1,1,33.0
18.5,76.5,4.1,1,33.0
18.5,92.0,4.7,3,10.0
18.5,93.5,4.5,3,25.333333333333332
18.5,94.0,5.0,1,33.0
18.5,94.5,5.2,6,37.82
18.5,95.0,4.3,4,37.20475
18.5,95.5,4.5,3,55.54666666666666
18.5,96.0,6.0,27,14.056666666666665
18.5,96.5,4.9,3,11.473333333333334
18.5,97.0,4.6,1,10.0
18.5,99.0,3.6,1,33.0
18.5,100.5,4.7,1,10.0
18.5,101.0,3.8,1,13.4
18.5,110.5,4.2,1,33.0
18.5,119.0,4.7,2,10.0
18.5,119.5,5.0,13,25.607692307692307
18.5,120.0,4.8,14,34.68071428571428
18.5,120.5,5.9,26,31.05696153846154
18.5,121.0,5.8,69,40.54691304347826
18.5,121.5,5.3,20,57.580499999999994
18.5,122.0,4.7,1,129.0
18.5,122.5,5.1,14,28.12142857142857
18.5,123.0,4.6,1,33.0
18.5,123.5,4.4,1,10.0
18.5,144.5,4.7,7,131.11999999999998
18.5,145.0,6.0,56,389.2715178571429
18.5,145.5,7.7,468,246.76176282051284
18.5,146.0,5.4,117,150.1251282051282
18.5,146.5,5.7,112,62.916830357142864
18.5,147.0,6.1,71,44.28919718309859
18.5,147.5,5.0,21,32.79190476190476
18.5,148.0,4.7,3,22.416666666666668
19.0,-157.0,3.8,21,17.557142857142857
19.0,-156.5,4.35,237,26.42548101249727
19.0,-156.0,5.24,146,26.07172601472515
19.0,-155.5,6.21,30462,29.3953314609798
19.0,-155.0,5.3,2125,20.82159388392356
19.0,-154.5,3.6,21,17.236666666666668
19.0,-154.0,3.2,1,10.0
19.0,-153.5,2.57,1,6.876
19.0,-118.0,4.4,2,13.09
19.0,-109.5,4.1,1,10.0
19.0,-109.0,4.6,15,10.0
19.0,-108.5,5.4,25,10.7696
19.0,-108.0,5.0,15,14.15
19.0,-107.5,6.9,11,23.336363636363636
19.0,-107.0,6.6,10,23.869999999999997
19.0,-106.5,4.6,7,23.985714285714288
19.0,-106.0,4.4,3,26.47
19.0,-105.5,6.4,10,21.832
19.0,-105.0,5.5,28,26.439285714285713
19.0,-104.5,6.3,61,27.77704918032787
19.0,-104.0,8.0,36,19.39
19.0,-103.5,4.6,16,36.0955625
19.0,-103.0,5.3,14,42.04857142857143
19.0,-102.5,5.0,12,59.090833333333336
19.0,-102.0,5.1,8,74.125
19.0,-101.5,4.7,8,83.2775
19.0,-101.0,4.2,1,33.0
19.0,-100.0,3.8,2,105.0
19.0,-99.5,4.0,3,12.033333333333333
19.0,-99.0,3.7,32,9.7375
19.0,-98.5,4.1,35,5.779999999999999
19.0,-97.5,3.6,2,9.899999999999999
19.0,-97.0,4.1,2,56.55
19.0,-96.5,4.1,4,25.57
19.0,-96.0,4.8,10,22.625
19.0,-95.5,5.7,6,21.023333333333333
19.0,-81.5,6.8,20,13.097
19.0,-81.0,5.9,20,11.3405
19.0,-80.5,6.1,13,9.74846153846154
19.0,-80.0,4.5,6,10.0
19.0,-79.5,4.4,1,10.0
19.0,-77.5,3.4,1,33.0
19.0,-76.5,4.8,4,15.75
19.0,-74.0,5.1,16,10.0
19.0,-73.5,4.6,1,12.44
19.0,-73.0,4.3,1,10.0
19.0,-72.0,4.3,3,8.253333333333332
19.0,-71.5,4.1,1,33.0
19.0,-71.0,4.5,3,88.46666666666665
19.0,-70.5,5.1,15,80.532
19.0,-70.0,4.6,20,71.7789
19.0,-69.5,4.8,68,83.06423529411765
19.0,-69.0,4.7,186,66.86783333333334
19.0,-68.5,4.66,394,65.63820558375635
19.0,-68.0,5.0,1046,43.80236615678776
19.0,-67.5,6.0,2350,26.436872340425534
19.0,-67.0,6.4,2139,29.78037868162693
19.0,-66.5,5.1,2248,35.04306494661922
19.0,-66.0,4.9,753,37.4675962815405
19.0,-65.5,5.0,1203,38.67347464671654
19.0,-65.0,6.1,3023,37.21315580549123
19.0,-64.5,5.5,3395,40.62918409425625
19.0,-64.0,5.4,638,40.729937304075236
19.0,-63.5,5.1,65,43.48061538461539
19.0,-63.0,5.5,38,40.08052631578947
19.0,-62.5,4.9,16,38.082499999999996
19.0,-62.0,3.9,2,29.35
19.0,-61.5,4.8,2,18.9
19.0,-61.0,4.3,1,38.3
19.0,-60.5,4.9,2,29.45
19.0,-49.0,3.9,1,10.0
19.0,-47.0,4.4,1,10.0
19.0,-46.5,4.0,1,10.0
19.0,-46.0,5.1,18,10.764444444444443
19.0,-26.5,6.4,2,11.0
19.0,38.5,4.2,1,10.0
19.0,39.0,5.3,23,10.0
19.0,39.5,5.0,13,11.76923076923077
19.0,61.0,4.8,6,11.74
19.0,92.5,5.2,3,17.666666666666668
19.0,93.0,4.3,1,33.0
19.0,93.5,3.9,1,33.0
19.0,94.5,4.5,2,53.47
19.0,95.0,5.3,5,59.028
19.0,95.5,5.4,16,32.040625
19.0,96.0,5.0,3,13.83
19.0,96.5,5.4,2,21.9
19.0,97.5,4.6,1,10.0
19.0,98.0,4.0,2,21.5
19.0,99.0,4.6,4,22.45275
19.0,99.5,4.6,2,10.0
19.0,101.5,4.6,1,10.0
19.0,104.0,4.5,1,13.27
19.0,108.5,4.4,1,10.0
19.0,119.5,5.2,5,26.48
19.0,120.0,5.6,36,29.62833333333333
19.0,120.5,5.1,34,27.151764705882353
19.0,121.0,6.0,169,32.56674556213017
19.0,121.5,6.1,81,36.70172839506173
19.0,122.0,4.7,8,61.46225
19.0,122.5,4.5,5,40.432
19.0,143.5,4.1,1,33.0
19.0,144.0,4.5,2,34.0
19.0,144.5,5.5,17,87.4135294117647
19.0,145.0,7.1,132,350.8872196969697
19.0,145.5,6.0,461,219.67010412147508
19.0,146.0,6.0,102,140.8689705882353
19.0,146.5,5.8,37,68.25694594594594
19.0,147.0,6.0,104,27.659394230769234
19.0,147.5,5.0,15,23.971333333333334
19.0,148.0,4.7,5,30.660000000000004
19.0,148.5,4.5,2,22.45
19.0,150.0,4.6,1,33.0
19.5,-157.5,4.27,16,13.6403125
19.5,-157.0,3.4,20,14.493199999999998
19.5,-156.5,4.24,328,23.247960365853658
19.5,-156.0,5.47,2735,13.92893857455236
19.5,-155.5,5.6,54191,6.355264084719336
19.5,-155.0,6.9,28319,6.720244782587626
19.5,-154.5,3.36,45,31.611733333333333
19.5,-154.0,1.93,1,54.512
19.5,-153.5,3.25,1,27.495
19.5,-153.0,3.13,1,33.81
19.5,-152.5,3.69,1,3.02
19.5,-110.5,4.1,1,10.0
19.5,-109.5,5.6,49,10.476734693877551
19.5,-109.0,5.7,102,11.352843137254903
19.5,-108.5,5.6,34,12.705882352941176
19.5,-108.0,4.2,4,22.2
19.5,-107.0,4.1,1,33.0
19.5,-106.0,4.3,2,33.0
19.5,-105.5,5.5,20,26.8685
19.5,-105.0,5.3,21,42.150952380952376
19.5,-104.5,4.7,14,42.59742857142857
19.5,-104.0,4.3,8,83.0625
19.5,-103.5,5.3,10,56.260000000000005
19.5,-103.0,4.2,3,29.900000000000002
19.5,-102.5,4.4,19,47.35031578947369
19.5,-102.0,4.1,2,52.85
19.5,-101.5,4.2,1,0.0
19.5,-101.0,3.6,1,1.7
19.5,-100.5,4.5,6,20.46166666666667
19.5,-100.0,3.7,2,10.9
19.5,-99.5,3.5,7,12.799999999999999
19.5,-99.0,3.8,36,13.150166666666667
19.5,-98.5,3.8,11,11.745454545454544
19.5,-98.0,4.0,1,5.0
19.5,-97.5,4.7,2,9.3
19.5,-96.5,4.1,3,21.2
19.5,-96.0,4.4,5,69.2
19.5,-95.5,4.3,2,13.0
19.5,-93.0,4.0,1,10.0
19.5,-92.5,4.3,4,9.9545
19.5,-92.0,4.8,13,18.21923076923077
19.5,-88.5,4.1,1,10.0
19.5,-79.0,7.7,5,11.093399999999999
19.5,-78.5,6.2,5,10.0
19.5,-78.0,6.8,25,17.55188
19.5,-77.5,4.4,9,22.77777777777778
19.5,-76.5,4.7,8,16.535
19.5,-76.0,5.4,13,12.094615384615384
19.5,-75.5,5.6,13,17.035384615384615
19.5,-75.0,3.3,1,10.0
19.5,-74.0,4.4,3,11.04
19.5,-73.5,5.4,7,26.0
19.5,-73.0,4.6,6,22.05
19.5,-72.0,4.4,1,96.5
19.5,-71.5,5.2,7,30.03142857142857
19.5,-71.0,4.8,17,22.77852941176471
19.5,-70.5,5.8,39,26.66097435897436
19.5,-70.0,5.1,35,16.167057142857143
19.5,-69.5,4.7,38,46.70105263157895
19.5,-69.0,4.8,137,64.0770291970803
19.5,-68.5,4.5,244,54.975
19.5,-68.0,5.1,560,48.228232142857145
19.5,-67.5,5.1,559,33.45059033989267
19.5,-67.0,4.9,319,34.42746081504703
19.5,-66.5,5.4,811,43.301467324290996
19.5,-66.0,4.9,516,48.08777325581396
19.5,-65.5,5.1,818,55.74627139364303
19.5,-65.0,6.0,900,42.790388888888884
19.5,-64.5,5.4,1101,41.223714804722974
19.5,-64.0,5.6,436,54.44410550458716
19.5,-63.5,5.0,91,44.245054945054946
19.5,-63.0,4.9,29,38.34124137931035
19.5,-62.5,4.3,6,57.449999999999996
19.5,-62.0,4.7,9,11.52111111111111
19.5,-61.5,4.3,2,15.195
19.5,-46.0,4.7,2,10.0
19.5,-45.5,4.3,1,10.0
19.5,-42.5,4.7,1,10.0
19.5,-21.0,4.5,1,10.0
19.5,10.5,4.6,1,10.0
19.5,38.5,5.3,19,10.73157894736842
19.5,39.0,5.7,17,10.0
19.5,41.5,3.4,1,10.0
19.5,60.5,4.3,1,10.0
19.5,90.0,4.7,1,10.0
19.5,91.0,4.9,1,10.0
19.5,93.0,4.3,2,33.0
19.5,94.5,5.6,6,57.82666666666666
19.5,95.0,6.0,9,64.89333333333333
19.5,95.5,5.6,17,21.75941176470588
19.5,96.0,5.1,7,24.247142857142855
19.5,96.5,4.0,1,33.0
19.5,97.0,4.4,1,15.0
19.5,99.0,4.5,2,37.0
19.5,99.5,6.1,22,12.454545454545455
19.5,100.0,4.4,1,33.0
19.5,101.0,4.7,3,17.666666666666668
19.5,101.5,6.2,9,11.467777777777778
19.5,102.5,4.8,1,33.0
19.5,113.0,4.3,1,10.0
19.5,119.5,4.2,2,17.509999999999998
19.5,120.0,5.4,19,18.763684210526314
19.5,120.5,5.4,54,14.975185185185184
19.5,121.0,5.6,50,29.50534
19.5,121.5,5.8,37,32.638108108108106
19.5,122.0,5.5,22,36.65390909090909
19.5,122.5,5.1,13,35.71384615384615
19.5,139.5,4.5,1,35.0
19.5,142.5,4.3,1,33.0
19.5,143.0,5.0,2,21.5
19.5,143.5,4.3,1,10.0
19.5,144.0,4.3,2,245.525
19.5,144.5,6.1,16,213.068625
19.5,145.0,4.5,31,211.3432258064516
19.5,145.5,5.7,98,149.68766326530613
19.5,146.0,5.0,39,92.75992307692309
19.5,146.5,5.1,18,54.99777777777778
19.5,147.0,5.9,14,42.03214285714286
19.5,147.5,5.6,18,32.144444444444446
19.5,148.0,4.4,1,10.0
19.5,149.0,4.5,1,26.2
20.0,-158.0,3.8,4,16.88725
20.0,-157.5,3.49,12,14.280333333333333
20.0,-157.0,3.64,34,14.060970588235293
20.0,-156.5,5.1,191,18.63763874365522
20.0,-156.0,6.7,1776,24.362804054279586
20.0,-155.5,5.17,3473,18.39556118632705
20.0,-155.0,4.88,296,29.978915539517597
20.0,-154.5,3.57,16,11.1376875
20.0,-154.0,4.1,6,16.624666666666666
20.0,-109.5,5.6,14,11.642857142857142
20.0,-109.0,6.3,15,14.1
20.0,-108.5,4.4,2,10.0
20.0,-108.0,4.1,1,10.0
20.0,-106.0,4.5,4,12.030000000000001
20.0,-105.5,5.0,8,36.35
20.0,-105.0,4.1,3,41.666666666666664
20.0,-104.5,4.2,1,33.3
20.0,-104.0,4.1,1,127.3
20.0,-103.5,4.2,2,21.1
20.0,-103.0,4.2,1,61.8
20.0,-102.0,3.8,1,58.4
20.0,-101.5,4.1,1,4.2
20.0,-101.0,4.2,3,16.2
20.0,-100.5,3.7,2,47.05
20.0,-100.0,3.7,2,4.0
20.0,-99.5,4.1,8,16.275
20.0,-99.0,3.4,7,7.3
20.0,-98.5,4.0,2,4.25
20.0,-96.5,4.3,2,19.8
20.0,-96.0,3.6,1,9.5
20.0,-95.0,4.6,1,10.0
20.0,-94.0,4.1,1,10.0
20.0,-81.0,4.0,1,10.0
20.0,-78.0,4.5,1,33.0
20.0,-77.0,4.2,2,10.84
20.0,-76.5,5.8,5,22.740000000000002
20.0,-76.0,4.9,11,15.100909090909092
20.0,-75.5,5.2,15,18.966
20.0,-75.0,3.2,1,21.8
20.0,-74.5,5.3,4,10.1075
20.0,-74.0,4.7,3,10.0
20.0,-73.5,4.2,1,35.0
20.0,-73.0,5.9,11,22.794545454545457
20.0,-72.0,4.3,2,41.45
20.0,-71.5,4.8,8,27.85625
20.0,-71.0,5.6,20,19.095
20.0,-70.5,6.4,29,29.13344827586207
20.0,-70.0,4.5,15,75.296
20.0,-69.5,4.1,8,70.225
20.0,-69.0,4.5,27,44.41851851851852
20.0,-68.5,4.0,19,46.23157894736842
20.0,-68.0,4.2,22,32.82909090909091
20.0,-67.5,3.8,16,36.693125
20.0,-67.0,3.8,11,57.66363636363636
20.0,-66.5,4.4,29,48.95862068965517
20.0,-66.0,4.9,27,51.15185185185185
20.0,-65.5,4.0,32,41.9059375
20.0,-65.0,4.7,42,39.56930952380952
20.0,-64.5,4.7,65,38.39692307692308
20.0,-64.0,4.9,55,41.654545454545456
20.0,-63.5,4.3,10,47.96
20.0,-63.0,5.1,4,21.5
20.0,-62.5,4.5,5,31.6
20.0,-62.0,4.3,3,17.666666666666668
20.0,-61.0,6.6,3,11.566
20.0,-46.0,5.4,16,10.0
20.0,-45.5,5.5,16,10.0
20.0,-13.0,4.6,1,33.0
20.0,37.0,4.2,1,10.0
20.0,38.0,4.3,1,10.0
20.0,38.5,4.7,7,10.0
20.0,39.0,4.6,6,10.0
20.0,39.5,4.1,1,10.0
20.0,61.5,4.2,1,10.0
20.0,68.0,4.1,1,15.2
20.0,73.0,4.3,3,10.0
20.0,91.0,4.5,1,10.0
20.0,91.5,4.7,1,10.0
20.0,93.5,5.1,4,36.260000000000005
20.0,94.0,4.4,3,44.89266666666666
20.0,94.5,4.6,6,70.94683333333333
20.0,95.0,5.0,8,73.46
20.0,95.5,6.6,18,24.37777777777778
20.0,96.0,5.1,16,25.8125
20.0,96.5,4.1,1,100.0
20.0,97.5,4.3,1,27.05
20.0,98.0,4.3,1,39.7
20.0,98.5,4.3,1,33.0
20.0,99.0,4.3,1,49.5
20.0,99.5,4.4,2,10.0
20.0,100.5,4.0,1,10.0
20.0,101.5,5.4,2,24.89
20.0,103.0,4.2,1,10.0
20.0,105.0,4.0,1,10.0
20.0,107.5,4.0,1,25.3
20.0,109.0,5.5,2,26.5
20.0,120.0,4.4,8,19.873874999999998
20.0,120.5,5.2,39,20.324102564102564
20.0,121.0,5.4,26,31.467576923076926
20.0,121.5,6.3,177,34.3595988700565
20.0,122.0,5.6,58,30.682413793103446
20.0,122.5,6.8,50,46.058
20.0,123.0,4.1,4,41.975
20.0,127.0,4.1,1,10.0
20.0,143.5,4.7,1,103.9
20.0,144.0,5.1,15,114.30933333333334
20.0,144.5,6.4,8,454.593125
20.0,145.0,5.4,19,125.23084210526315
20.0,145.5,5.3,32,115.125625
20.0,146.0,6.0,18,51.26266666666666
20.0,146.5,5.2,15,55.18933333333334
20.0,147.0,5.4,20,27.704500000000003
20.0,147.5,4.8,11,29.625454545454545
20.5,-175.0,4.5,2,10.0
20.5,-159.0,3.55,1,16.937
20.5,-158.5,3.94,1,14.19
20.5,-158.0,2.91,1,7.07
20.5,-157.5,3.1,2,33.5585
20.5,-157.0,3.76,6,15.450999999999999
20.5,-156.5,4.7,72,17.2115
20.5,-156.0,4.5,133,21.38742857142857
20.5,-155.5,4.05,93,20.648193548387095
20.5,-155.0,5.3,81,13.667172839506172
20.5,-154.5,3.6,6,9.338333333333333
20.5,-109.5,5.9,5,10.0
20.5,-109.0,5.9,3,10.0
20.5,-106.5,4.1,2,19.4
20.5,-106.0,4.0,1,10.0
20.5,-105.5,4.1,2,10.0
20.5,-104.5,4.6,3,60.03333333333333
20.5,-103.5,3.9,2,19.55
20.5,-103.0,4.1,2,11.0
20.5,-101.5,3.9,1,66.6
20.5,-100.0,3.7,1,5.0
20.5,-99.5,3.5,4,8.175
20.5,-99.0,4.0,7,12.342857142857143
20.5,-94.5,3.8,1,10.0
20.5,-93.0,4.2,2,12.51
20.5,-87.5,4.0,1,15.43
20.5,-76.0,4.2,1,33.0
20.5,-75.5,4.6,1,10.0
20.5,-75.0,4.2,1,18.1
20.5,-72.0,4.2,1,27.0
20.5,-71.0,4.3,1,10.0
20.5,-70.5,4.5,6,12.5
20.5,-70.0,4.4,4,49.825
20.5,-69.5,4.1,2,17.55
20.5,-69.0,3.9,1,101.0
20.5,-68.0,4.3,2,17.5
20.5,-66.0,4.5,2,53.35
20.5,-65.5,4.5,4,17.575
20.5,-65.0,4.4,6,22.121666666666666
20.5,-64.5,3.7,4,25.225
20.5,-64.0,4.3,1,24.24
20.5,-63.5,4.3,2,52.050000000000004
20.5,-62.5,3.6,1,10.0
20.5,-62.0,4.2,2,15.55
20.5,-61.0,4.4,2,10.0
20.5,-57.5,4.9,1,10.0
20.5,-45.5,5.4,14,10.0
20.5,-17.0,4.5,1,10.0
20.5,61.0,4.2,1,10.0
20.5,61.5,3.8,1,10.0
20.5,71.5,5.0,2,17.4
20.5,89.0,4.8,1,10.0
20.5,89.5,4.7,1,33.0
20.5,91.5,4.0,3,25.599999999999998
20.5,92.0,4.9,1,29.9
20.5,92.5,4.7,3,17.666666666666668
20.5,93.0,4.5,1,10.0
20.5,93.5,4.9,5,28.512
20.5,94.0,6.5,11,52.43363636363636
20.5,94.5,5.2,9,65.30555555555556
20.5,95.0,5.7,6,80.93333333333334
20.5,96.0,4.6,2,16.55
20.5,97.5,4.1,1,10.0
20.5,98.0,4.4,3,25.333333333333332
20.5,98.5,4.4,2,33.0
20.5,99.0,4.6,1,10.0
20.5,99.5,4.6,2,10.0
20.5,100.0,6.9,11,13.67
20.5,100.5,6.3,7,19.485714285714288
20.5,101.0,4.7,7,20.685714285714287
20.5,102.0,4.3,2,10.0
20.5,103.0,4.7,2,10.0
20.5,103.5,4.4,1,33.0
20.5,109.5,4.4,3,25.333333333333332
20.5,110.0,4.2,1,14.79
20.5,120.0,6.3,103,18.575446601941746
20.5,120.5,5.3,31,27.995806451612903
20.5,121.0,5.2,28,21.875071428571427
20.5,121.5,5.3,24,37.757083333333334
20.5,122.0,6.4,61,34.21232786885246
20.5,122.5,4.8,20,55.785000000000004
20.5,123.0,4.3,4,20.7825
20.5,143.0,3.9,2,128.95
20.5,143.5,5.5,3,25.333333333333332
20.5,144.0,5.0,6,67.75
20.5,144.5,4.8,6,82.98433333333334
20.5,145.0,5.4,35,111.22245714285714
20.5,145.5,5.5,20,64.9177
20.5,146.0,6.0,15,86.892
20.5,146.5,5.1,44,29.38025
20.5,147.0,5.3,35,27.189999999999998
20.5,147.5,5.5,4,15.74
20.5,148.0,4.6,1,15.11
20.5,148.5,4.5,1,10.0
21.0,-175.0,4.2,1,10.0
21.0,-158.0,3.9,2,10.635
21.0,-157.5,4.16,5,5.4184
21.0,-157.0,4.1,7,0.5970000000000001
21.0,-156.5,3.67,19,23.425631578947367
21.0,-156.0,4.67,32,16.1165625
21.0,-155.5,3.92,19,9.576684210526315
21.0,-155.0,4.72,29,17.020275862068964
21.0,-109.5,4.2,3,11.676666666666668
21.0,-109.0,5.4,7,15.028571428571428
21.0,-108.5,4.2,3,10.0
21.0,-106.5,5.6,3,17.666666666666668
21.0,-106.0,5.1,10,21.9
21.0,-105.5,4.2,1,16.0
21.0,-105.0,4.2,2,21.075000000000003
21.0,-103.5,4.5,4,13.4525
21.0,-99.5,4.1,3,32.56666666666667
21.0,-99.0,4.1,4,15.925
21.0,-94.5,4.2,1,15.1
21.0,-92.5,4.0,1,10.0
21.0,-75.0,4.9,4,10.0
21.0,-74.5,5.6,1,10.0
21.0,-72.5,4.1,1,10.0
21.0,-70.0,4.1,2,10.0
21.0,-69.5,4.4,3,54.5
21.0,-69.0,4.1,3,10.133333333333335
21.0,-66.5,3.9,1,124.3
21.0,-62.5,4.2,1,25.0
21.0,-46.0,5.5,15,11.533333333333333
21.0,-45.5,4.9,9,9.995555555555557
21.0,38.0,4.5,3,10.0
21.0,59.5,4.6,1,10.0
21.0,62.0,4.7,3,10.0
21.0,70.5,5.1,2,10.0
21.0,71.0,4.9,2,10.0
21.0,85.0,3.9,1,10.0
21.0,89.0,4.7,1,10.0
21.0,90.0,5.3,1,29.3
21.0,92.5,4.6,7,50.91428571428571
21.0,93.5,5.2,12,49.02266666666667
21.0,94.0,4.9,6,76.585
21.0,94.5,6.8,19,94.50894736842106
21.0,95.0,5.0,6,109.67666666666666
21.0,96.5,4.2,1,33.0
21.0,97.0,4.4,3,17.666666666666668
21.0,97.5,5.8,2,24.25
21.0,98.0,5.1,3,16.7
21.0,98.5,4.7,6,43.44833333333333
21.0,99.0,4.2,1,10.0
21.0,99.5,4.5,2,15.0
21.0,100.0,5.9,19,9.915631578947368
21.0,102.0,4.0,1,18.24
21.0,103.5,4.8,3,10.0
21.0,104.5,4.9,1,10.0
21.0,109.0,4.6,1,13.775
21.0,112.5,4.2,1,10.0
21.0,117.5,4.2,1,10.0
21.0,119.5,4.8,2,21.5
21.0,120.0,5.1,48,22.32625
21.0,120.5,5.5,11,38.09090909090909
21.0,121.0,6.2,60,23.9205
21.0,121.5,6.1,43,47.35060465116279
21.0,122.0,5.5,71,78.73985915492958
21.0,122.5,4.9,18,72.20277777777778
21.0,123.0,4.2,2,33.0
21.0,124.0,3.8,1,33.0
21.0,141.0,4.2,1,33.0
21.0,141.5,4.5,2,24.98
21.0,143.0,3.8,1,400.0
21.0,143.5,4.7,6,84.235
21.0,144.0,5.0,8,60.26125
21.0,144.5,6.6,53,68.62403773584906
21.0,145.0,5.5,25,83.91272000000001
21.0,145.5,4.8,10,51.516999999999996
21.0,146.0,6.3,25,37.614000000000004
21.0,146.5,5.6,47,25.88212765957447
21.0,147.0,6.2,21,19.02
21.5,-160.5,4.0,1,16.2
21.5,-158.5,3.87,3,29.500666666666664
21.5,-158.0,1.0,1,1.172
21.5,-157.5,4.13,18,11.050777777777778
21.5,-157.0,4.47,15,17.801933333333334
21.5,-156.5,3.54,7,19.872142857142855
21.5,-156.0,3.59,2,16.799
21.5,-155.5,3.76,3,16.552
21.5,-155.0,3.04,2,10.615
21.5,-117.5,4.9,1,10.0
21.5,-109.0,5.5,4,10.0
21.5,-108.5,4.4,6,17.366666666666667
21.5,-108.0,4.3,2,10.0
21.5,-106.5,5.1,5,20.84
21.5,-106.0,5.6,4,15.55
21.5,-105.0,4.4,2,81.55
21.5,-104.5,4.4,2,10.0
21.5,-101.5,3.9,1,20.0
21.5,-101.0,4.4,3,11.556666666666667
21.5,-99.5,4.2,6,18.083333333333332
21.5,-99.0,4.1,5,9.9
21.5,-93.0,4.4,1,10.0
21.5,-76.5,5.0,3,13.700000000000001
21.5,-71.0,4.0,1,10.0
21.5,-66.5,4.6,1,10.0
21.5,-65.5,4.5,1,10.0
21.5,-48.0,4.5,1,10.0
21.5,-46.5,4.0,1,10.0
21.5,-46.0,5.2,12,10.0
21.5,-45.5,5.3,9,10.0
21.5,62.0,5.0,5,11.096
21.5,71.0,4.7,1,14.3
21.5,71.5,4.1,1,10.0
21.5,73.0,4.2,2,10.0
21.5,75.5,4.1,1,10.0
21.5,84.5,4.6,1,10.0
21.5,91.5,3.5,1,33.0
21.5,92.0,5.2,1,10.0
21.5,92.5,4.1,1,33.0
21.5,93.0,5.5,3,39.041
21.5,93.5,4.7,7,47.808571428571426
21.5,94.0,5.8,9,58.22722222222222
21.5,94.5,4.9,17,96.92823529411764
21.5,95.0,5.2,12,104.27608333333335
21.5,95.5,4.0,1,119.4
21.5,96.0,4.3,1,12.791
21.5,97.5,4.1,2,10.0
21.5,98.0,4.4,1,10.0
21.5,98.5,4.8,8,21.5
21.5,99.0,5.0,1,10.0
21.5,99.5,4.8,3,33.0
21.5,100.0,5.6,5,14.16
21.5,100.5,4.0,1,9.38
21.5,101.0,4.1,1,24.71
21.5,101.5,4.5,2,24.395
21.5,102.0,4.6,4,10.0
21.5,102.5,4.9,1,10.0
21.5,103.0,4.5,2,10.0
21.5,103.5,4.3,2,10.045
21.5,104.0,4.6,2,13.56
21.5,105.0,4.1,1,33.0
21.5,107.5,4.6,1,33.0
21.5,117.0,3.9,1,33.0
21.5,117.5,4.8,2,15.55
21.5,118.0,5.5,5,17.4
21.5,119.5,5.0,4,29.0025
21.5,120.0,4.9,21,29.049047619047617
21.5,120.5,5.4,39,22.412820512820513
21.5,121.0,5.7,81,20.543074074074074
21.5,121.5,5.4,75,33.86042666666667
21.5,122.0,6.3,39,34.5034358974359
21.5,122.5,4.5,7,33.80428571428571
21.5,123.5,4.4,2,21.5
21.5,126.0,4.0,1,35.0
21.5,142.0,4.6,2,138.65
21.5,142.5,4.4,4,204.8675
21.5,143.0,6.5,349,294.9637449856733
21.5,143.5,5.8,121,206.5380165289256
21.5,144.0,5.5,71,90.12847887323944
21.5,144.5,6.0,41,107.40560975609756
21.5,145.0,4.9,7,69.73
21.5,145.5,5.9,22,36.36227272727273
21.5,146.0,5.7,34,24.961764705882356
21.5,146.5,4.6,8,30.3
21.5,147.0,4.6,4,21.5
22.0,-157.0,4.7,4,24.26575
22.0,-156.5,3.86,4,24.04975
22.0,-109.0,4.2,2,10.0
22.0,-108.5,5.5,19,9.757894736842106
22.0,-108.0,4.8,2,10.0
22.0,-107.5,5.3,5,19.2
22.0,-107.0,4.1,1,8.2
22.0,-106.5,4.3,1,16.0
22.0,-106.0,4.0,1,15.62
22.0,-105.0,4.0,1,22.0
22.0,-99.5,4.3,2,9.55
22.0,-96.5,5.6,1,10.0
22.0,-96.0,4.0,1,10.0
22.0,-94.0,4.5,1,10.0
22.0,-81.5,4.1,1,16.13
22.0,-81.0,4.1,1,10.0
22.0,-80.0,3.8,1,10.0
22.0,-76.5,4.8,1,10.0
22.0,-70.5,4.0,1,10.0
22.0,-68.0,4.6,1,10.0
22.0,-67.5,4.6,1,10.0
22.0,-60.5,5.3,1,10.0
22.0,-47.0,4.7,1,10.0
22.0,-46.0,5.3,1,10.0
22.0,-45.0,4.8,1,10.0
22.0,38.0,4.4,2,10.0
22.0,38.5,3.9,1,10.0
22.0,62.0,5.0,2,10.0
22.0,63.0,5.2,1,10.0
22.0,69.0,4.1,1,10.0
22.0,77.5,4.0,1,10.0
22.0,79.5,4.3,1,10.0
22.0,84.0,4.8,1,33.0
22.0,85.5,4.7,1,33.0
22.0,88.5,4.1,1,10.0
22.0,89.5,4.6,1,17.68
22.0,91.5,4.1,1,33.0
22.0,92.0,4.9,2,13.65
22.0,92.5,6.1,7,34.825714285714284
22.0,93.0,5.4,9,34.49777777777778
22.0,93.5,5.0,10,56.694
22.0,94.0,4.6,8,66.76375
22.0,94.5,5.1,24,97.17491666666666
22.0,95.0,5.4,7,129.79142857142855
22.0,95.5,4.3,2,22.435
22.0,96.0,4.8,4,16.553
22.0,97.0,4.5,1,11.66
22.0,98.0,4.8,2,21.5
22.0,98.5,4.5,2,21.5
22.0,99.0,6.8,22,21.90909090909091
22.0,99.5,4.2,2,21.5
22.0,100.0,4.7,1,14.46
22.0,101.0,4.5,4,15.75
22.0,101.5,4.7,4,16.125
22.0,102.0,4.4,2,29.6
22.0,102.5,4.5,3,17.666666666666668
22.0,103.0,4.6,5,28.4
22.0,103.5,4.5,1,10.0
22.0,105.0,4.1,1,10.0
22.0,110.5,4.6,1,10.0
22.0,111.5,4.4,1,10.0
22.0,114.0,3.8,1,10.0
22.0,118.5,4.5,2,10.0
22.0,119.5,3.8,1,10.0
22.0,120.0,5.0,17,16.749823529411767
22.0,120.5,7.1,64,19.606875
22.0,121.0,5.4,40,21.701
22.0,121.5,6.8,140,32.74115714285714
22.0,122.0,5.4,30,31.975666666666665
22.0,122.5,4.6,4,33.0
22.0,123.0,4.6,3,17.666666666666668
22.0,123.5,4.4,2,12.8
22.0,124.0,4.2,1,15.1
22.0,125.0,4.8,2,21.5
22.0,125.5,5.3,10,28.139999999999997
22.0,126.0,4.8,8,30.125
22.0,126.5,4.5,1,33.0
22.0,127.0,4.3,1,33.0
22.0,142.0,4.4,2,309.25
22.0,142.5,7.5,21,240.22714285714284
22.0,143.0,6.2,247,135.96293522267206
22.0,143.5,5.7,135,135.77556296296297
22.0,144.0,5.9,83,106.2665903614458
22.0,144.5,5.7,42,62.01080952380953
22.0,145.0,5.7,26,28.775
22.0,145.5,5.0,21,32.19380952380953
22.0,146.0,4.7,2,27.235
22.0,146.5,5.7,7,27.057142857142857
22.0,147.0,4.6,3,12.17
22.5,-112.5,3.8,1,13.82
22.5,-109.5,4.3,1,10.0
22.5,-109.0,4.0,1,10.0
22.5,-108.5,4.3,1,10.0
22.5,-108.0,6.1,9,12.761111111111111
22.5,-107.5,5.5,6,21.5
22.5,-107.0,6.1,3,25.333333333333332
22.5,-99.5,4.0,1,33.0
22.5,-70.0,5.1,1,39.7
22.5,-68.0,4.5,1,10.0
22.5,-64.5,4.4,2,6.8
22.5,-45.5,4.5,3,10.0
22.5,-45.0,6.1,50,10.0
22.5,-41.5,4.3,1,10.0
22.5,-13.0,4.0,1,10.0
22.5,-12.5,4.4,5,10.76
22.5,-12.0,4.5,10,12.416
22.5,-11.5,3.3,1,10.0
22.5,6.0,4.5,1,10.0
22.5,61.0,4.8,1,10.0
22.5,63.0,4.5,1,10.0
22.5,63.5,5.3,1,10.0
22.5,65.5,4.0,1,10.0
22.5,70.0,4.0,1,10.0
22.5,70.5,4.2,1,10.0
22.5,71.0,4.1,1,10.0
22.5,78.0,4.3,1,10.0
22.5,83.0,4.3,1,33.0
22.5,86.0,4.1,1,10.0
22.5,88.0,4.5,1,10.0
22.5,89.0,4.3,1,10.0
22.5,92.0,4.7,5,14.6
22.5,92.5,4.7,6,42.345
22.5,93.0,4.8,10,39.375
22.5,93.5,4.7,15,59.132666666666665
22.5,94.0,5.1,28,54.965821428571424
22.5,94.5,5.3,40,107.76745000000001
22.5,95.0,5.5,8,89.7525
22.5,95.5,4.6,6,19.6225
22.5,96.0,5.8,14,11.737142857142857
22.5,96.5,4.0,1,35.0
22.5,98.5,4.0,1,10.0
22.5,99.0,6.2,5,24.119999999999997
22.5,100.0,4.5,3,17.666666666666668
22.5,100.5,4.8,1,12.0
22.5,101.0,4.6,2,10.0
22.5,101.5,5.7,8,10.0375
22.5,102.0,4.3,4,15.75
22.5,102.5,4.5,5,10.0
22.5,103.0,5.2,3,33.0
22.5,114.0,3.8,1,20.0
22.5,115.0,3.8,1,10.0
22.5,118.0,4.3,2,12.5
22.5,118.5,6.8,17,17.082529411764707
22.5,119.0,5.2,9,28.266666666666666
22.5,119.5,4.0,1,40.3
22.5,120.0,4.5,5,14.080000000000002
22.5,120.5,5.1,26,26.304230769230767
22.5,121.0,5.9,71,23.94114084507042
22.5,121.5,6.2,104,29.170259615384616
22.5,122.0,6.0,13,20.12153846153846
22.5,122.5,5.0,5,25.898000000000003
22.5,123.0,4.3,7,25.49285714285714
22.5,123.5,4.5,6,16.783333333333335
22.5,124.0,4.7,9,16.27777777777778
22.5,125.0,5.1,3,9.913333333333334
22.5,125.5,7.5,17,29.31764705882353
22.5,126.0,6.3,8,30.125
22.5,141.0,4.1,1,10.0
22.5,141.5,3.9,1,215.429
22.5,142.0,4.9,15,273.20466666666664
22.5,142.5,5.9,6,127.65333333333332
22.5,143.0,6.0,77,140.32885714285715
22.5,143.5,7.6,107,112.82221495327103
22.5,144.0,5.6,40,69.4875
22.5,144.5,5.5,28,36.87571428571429
22.5,145.0,4.9,17,29.610470588235295
22.5,145.5,4.6,7,26.02285714285714
22.5,146.0,5.1,5,29.119999999999997
22.5,146.5,4.3,1,33.0
23.0,-111.0,5.3,1,10.0
23.0,-109.0,4.2,3,10.0
23.0,-108.5,6.4,7,10.0
23.0,-108.0,5.7,11,12.090909090909092
23.0,-107.5,4.7,7,23.614285714285717
23.0,-107.0,4.2,3,33.0
23.0,-102.5,4.1,1,10.0
23.0,-100.0,5.0,2,10.0
23.0,-85.0,4.4,1,10.0
23.0,-83.0,4.7,1,10.0
23.0,-81.5,4.4,1,10.0
23.0,-81.0,4.7,3,11.396666666666667
23.0,-80.5,5.0,4,13.3625
23.0,-70.5,4.5,2,10.0
23.0,-68.0,4.4,1,14.19
23.0,-67.5,5.7,1,10.0
23.0,-65.5,5.8,2,10.0
23.0,-64.5,4.9,3,18.166666666666668
23.0,-64.0,4.9,1,176.2
23.0,-63.5,4.6,1,10.0
23.0,-45.0,5.2,10,10.0
23.0,-12.5,4.2,1,15.04
23.0,-12.0,4.5,4,11.275
23.0,-11.5,4.6,2,10.0
23.0,-11.0,4.1,2,10.0
23.0,28.5,4.3,1,10.0
23.0,61.5,4.3,1,10.0
23.0,64.5,4.7,4,15.75
23.0,68.5,3.8,1,22.9
23.0,69.5,4.4,1,10.0
23.0,70.0,5.3,18,10.93888888888889
23.0,70.5,5.1,15,10.0
23.0,71.0,4.7,1,10.0
23.0,80.0,5.8,3,26.333333333333332
23.0,82.5,4.5,1,33.0
23.0,87.0,4.7,2,21.5
23.0,88.5,4.2,1,35.0
23.0,91.0,4.1,2,21.5
23.0,92.0,4.6,4,21.5
23.0,92.5,5.7,13,27.54153846153846
23.0,93.0,4.7,5,36.47
23.0,93.5,6.2,18,45.977222222222224
23.0,94.0,5.9,63,63.315555555555555
23.0,94.5,5.7,71,99.80152112676056
23.0,95.0,6.9,14,105.84078571428572
23.0,95.5,4.4,2,10.0985
23.0,96.0,6.8,43,16.560232558139536
23.0,99.0,4.4,1,33.0
23.0,99.5,4.8,5,38.62
23.0,101.0,6.1,15,17.072666666666667
23.0,101.5,4.6,6,11.07
23.0,102.0,4.5,2,21.5
23.0,102.5,4.5,2,21.5
23.0,103.5,4.5,3,13.003333333333332
23.0,104.0,4.3,2,10.0
23.0,105.0,3.6,1,33.0
23.0,106.0,4.5,2,10.0
23.0,106.5,5.0,3,10.81
23.0,113.0,4.2,1,33.0
23.0,117.0,3.9,1,10.0
23.0,120.0,5.4,15,15.710666666666667
23.0,120.5,6.4,70,19.173614285714287
23.0,121.0,6.3,99,19.824
23.0,121.5,6.9,243,24.352975308641977
23.0,122.0,5.6,33,25.314545454545453
23.0,122.5,4.8,3,20.523333333333333
23.0,123.0,4.7,19,19.689473684210526
23.0,123.5,5.8,10,16.569
23.0,124.0,5.1,11,27.521818181818183
23.0,124.5,5.4,9,29.466666666666665
23.0,125.0,5.3,11,19.14818181818182
23.0,125.5,5.6,6,19.87666666666667
23.0,126.0,4.8,6,21.5
23.0,141.0,4.2,1,33.0
23.0,141.5,4.4,2,213.7
23.0,142.0,5.2,10,95.221
23.0,142.5,5.7,50,87.21628000000001
23.0,143.0,5.5,41,77.03048780487805
23.0,143.5,5.2,38,53.61342105263158
23.0,144.0,5.4,59,31.54784745762712
23.0,144.5,5.3,26,27.59
23.0,145.0,4.4,2,10.0
23.0,145.5,4.9,4,36.285
23.0,146.0,5.4,3,27.0
23.5,-115.5,4.2,1,10.0
23.5,-110.5,4.2,2,10.0
23.5,-109.5,5.0,3,10.0
23.5,-109.0,5.9,15,10.226666666666667
23.5,-108.5,6.5,28,10.0
23.5,-100.0,4.0,1,5.0
23.5,-86.5,4.4,1,10.0
23.5,-67.5,4.2,1,10.0
23.5,-64.0,5.8,2,10.0
23.5,-63.0,4.6,1,10.0
23.5,-47.0,3.8,1,10.0
23.5,-45.5,6.0,4,10.0
23.5,-45.0,5.5,35,10.009142857142857
23.5,-44.5,4.4,3,10.0
23.5,36.5,4.3,2,10.0
23.5,37.0,4.3,3,10.0
23.5,37.5,4.6,2,10.0
23.5,49.0,4.2,2,12.085
23.5,62.0,4.9,2,10.0
23.5,64.0,4.9,6,18.878333333333334
23.5,64.5,5.8,11,15.20909090909091
23.5,65.0,4.3,1,10.0
23.5,65.5,4.5,1,33.0
23.5,69.5,4.9,2,21.5
23.5,70.0,7.7,52,10.307692307692308
23.5,70.5,5.8,53,11.375471698113207
23.5,72.0,4.0,1,10.0
23.5,80.5,4.7,1,33.0
23.5,82.5,4.9,4,9.98925
23.5,86.5,4.3,1,33.0
23.5,87.0,4.3,2,10.0
23.5,87.5,4.2,1,10.0
23.5,88.5,4.6,3,35.093333333333334
23.5,89.5,4.4,1,35.0
23.5,90.0,4.2,1,10.0
23.5,90.5,5.1,8,14.25
23.5,91.5,4.5,5,32.739999999999995
23.5,92.0,4.9,3,33.486666666666665
23.5,92.5,4.3,3,25.333333333333332
23.5,93.0,4.8,4,41.175
23.5,93.5,5.6,14,41.73714285714285
23.5,94.0,4.7,30,61.02186666666667
23.5,94.5,5.6,76,92.01063157894737
23.5,95.0,4.8,16,98.1375
23.5,95.5,4.7,3,31.2
23.5,96.0,7.0,8,21.1875
23.5,97.0,4.1,1,40.5
23.5,98.5,4.6,4,21.67
23.5,99.0,5.2,3,10.0
23.5,99.5,4.2,1,35.0
23.5,100.0,4.7,6,25.333333333333332
23.5,100.5,6.1,21,19.17761904761905
23.5,101.0,4.5,2,12.695
23.5,101.5,5.7,4,20.95
23.5,102.0,4.9,2,12.783000000000001
23.5,102.5,4.4,5,10.0
23.5,103.0,4.3,2,14.05
23.5,103.5,4.5,4,11.385
23.5,104.0,4.8,2,10.0
23.5,105.5,4.3,1,10.0
23.5,106.5,4.6,1,10.0
23.5,107.0,4.5,1,13.76
23.5,108.0,4.2,3,10.0
23.5,118.5,5.7,5,11.2
23.5,120.0,4.5,6,22.64
23.5,120.5,5.9,50,21.08212
23.5,121.0,6.5,96,28.693302083333332
23.5,121.5,6.7,244,22.063930327868853
23.5,122.0,5.5,71,24.371211267605634
23.5,122.5,5.3,25,28.2256
23.5,123.0,5.3,16,25.551875
23.5,123.5,6.7,52,17.327115384615386
23.5,124.0,6.4,15,31.386666666666667
23.5,124.5,4.8,6,33.15833333333333
23.5,125.0,4.7,11,21.66
23.5,125.5,5.3,19,28.19578947368421
23.5,126.0,4.5,12,20.294999999999998
23.5,126.5,6.6,18,19.005000000000003
23.5,127.0,6.1,3,17.733333333333334
23.5,128.0,4.4,1,15.16
23.5,142.0,5.5,27,80.73777777777778
23.5,142.5,5.6,29,68.919
23.5,143.0,5.4,49,44.74244897959184
23.5,143.5,6.3,76,22.12482894736842
23.5,144.0,5.1,32,24.9834375
23.5,144.5,4.9,7,21.821428571428573
23.5,145.0,4.7,3,17.666666666666668
24.0,-154.5,4.0,1,15.0
24.0,-112.5,3.7,1,10.0
24.0,-112.0,4.0,1,10.0
24.0,-111.5,4.8,1,10.0
24.0,-110.5,4.0,1,6.6
24.0,-110.0,4.4,4,10.0
24.0,-109.5,4.2,8,10.0
24.0,-109.0,5.5,51,10.28235294117647
24.0,-108.5,6.2,41,11.214146341463413
24.0,-108.0,4.3,2,10.0
24.0,-101.0,4.4,1,13.1
24.0,-66.5,4.7,1,15.4
24.0,-47.0,4.7,1,10.0
24.0,-46.5,4.5,3,76.66666666666667
24.0,-46.0,6.0,3,11.333333333333334
24.0,-45.5,6.4,11,9.972727272727273
24.0,-45.0,5.9,5,10.0
24.0,36.5,4.8,3,13.996666666666668
24.0,39.0,4.7,1,10.0
24.0,49.0,4.2,1,10.0
24.0,61.0,5.3,1,17.81
24.0,61.5,5.1,1,15.27
24.0,64.5,4.7,2,10.0
24.0,65.0,4.4,2,10.0
24.0,65.5,4.4,2,10.0
24.0,66.5,3.9,1,10.0
24.0,68.5,4.9,2,21.4
24.0,69.5,4.5,2,10.0
24.0,70.0,4.6,6,10.0
24.0,70.5,4.5,1,10.0
24.0,71.0,5.5,2,10.0
24.0,71.5,3.8,1,10.0
24.0,81.5,5.0,1,10.0
24.0,82.5,4.6,3,25.333333333333332
24.0,86.5,4.5,1,14.79
24.0,88.5,4.0,1,10.0
24.0,90.0,3.8,1,35.0
24.0,90.5,3.7,1,10.0
24.0,91.0,4.2,4,32.9
24.0,91.5,4.9,7,28.785714285714285
24.0,92.0,5.7,4,28.317500000000003
24.0,93.0,5.2,7,36.36
24.0,93.5,5.4,22,56.68636363636363
24.0,94.0,5.5,30,71.38416666666667
24.0,94.5,5.1,55,81.58961818181818
24.0,95.0,5.6,14,95.83428571428571
24.0,95.5,4.4,4,83.075
24.0,96.0,6.3,17,31.38652941176471
24.0,96.5,4.3,2,49.65
24.0,97.0,4.3,1,85.2
24.0,97.5,4.8,2,43.3
24.0,98.0,4.2,1,65.4
24.0,98.5,4.4,1,10.0
24.0,99.0,4.6,1,10.0
24.0,99.5,4.4,3,17.666666666666668
24.0,101.0,4.7,2,22.95
24.0,102.5,4.4,3,17.666666666666668
24.0,103.0,4.9,6,21.5
24.0,103.5,4.5,3,38.800000000000004
24.0,104.5,4.3,2,10.65
24.0,107.5,4.7,3,11.469999999999999
24.0,108.0,4.3,1,33.0
24.0,108.5,4.4,1,10.0
24.0,114.5,4.5,6,12.75
24.0,115.0,4.1,1,10.0
24.0,115.5,4.6,1,10.0
24.0,116.0,4.3,1,10.0
24.0,118.0,3.9,1,28.1
24.0,118.5,3.9,1,10.0
24.0,119.5,4.6,1,17.8
24.0,120.0,3.2,1,33.0
24.0,120.5,4.7,10,29.310000000000002
24.0,121.0,7.7,98,26.244795918367345
24.0,121.5,6.4,380,20.727521052631577
24.0,122.0,6.3,330,26.55718181818182
24.0,122.5,6.8,458,29.60116812227074
24.0,123.0,5.5,105,27.346457142857144
24.0,123.5,5.4,90,36.47156666666667
24.0,124.0,4.9,17,24.543294117647058
24.0,124.5,4.8,6,38.74166666666667
24.0,125.0,6.1,49,35.27387755102041
24.0,125.5,5.8,40,27.361475000000002
24.0,126.0,4.8,40,25.3345
24.0,126.5,5.3,26,18.820384615384615
24.0,127.0,5.0,22,25.895454545454548
24.0,127.5,4.7,7,23.728571428571428
24.0,128.0,4.6,1,30.0
24.0,135.5,4.7,1,33.0
24.0,141.5,5.6,25,135.7314
24.0,142.0,6.3,27,72.15551851851852
24.0,142.5,5.8,23,66.56217391304348
24.0,143.0,5.8,64,27.30371875
24.0,143.5,5.4,9,32.36666666666667
24.0,144.0,4.7,2,10.0
24.0,144.5,4.2,1,33.0
24.0,145.0,5.2,4,17.72
24.0,145.5,4.4,2,27.634999999999998
24.0,146.0,4.5,1,10.0
24.5,-116.0,4.3,1,10.0
24.5,-112.5,4.2,3,10.0
24.5,-112.0,4.0,1,10.0
24.5,-110.5,5.7,4,10.0
24.5,-110.0,6.3,36,9.733333333333333
24.5,-109.5,4.6,18,10.0
24.5,-109.0,6.7,52,9.763461538461538
24.5,-108.5,4.5,8,10.0
24.5,-108.0,5.5,1,10.0
24.5,-105.0,4.5,1,10.0
24.5,-100.0,4.3,3,19.866666666666667
24.5,-65.0,4.6,1,10.0
24.5,-47.0,4.4,1,10.0
24.5,-46.5,5.9,9,10.0
24.5,-46.0,4.8,5,10.0
24.5,-45.5,4.5,1,10.0
24.5,36.5,4.3,1,10.0
24.5,61.5,4.1,1,10.0
24.5,62.0,4.6,2,21.5
24.5,62.5,4.5,3,22.853333333333335
24.5,63.0,4.3,2,10.0
24.5,63.5,4.3,1,36.4
24.5,65.0,5.0,1,19.5
24.5,65.5,3.9,1,10.0
24.5,66.0,4.2,1,10.0
24.5,66.5,4.5,1,33.0
24.5,67.0,3.7,1,33.0
24.5,68.5,4.5,1,20.0
24.5,69.0,4.8,2,29.35
24.5,72.5,4.0,1,10.0
24.5,85.0,3.8,1,11.4
24.5,88.5,4.2,1,35.0
24.5,89.5,4.4,2,15.34
24.5,90.0,4.0,1,10.0
24.5,90.5,4.0,1,14.16
24.5,91.0,4.7,1,33.0
24.5,91.5,4.1,3,31.233333333333334
24.5,92.0,5.2,8,36.575
24.5,92.5,5.4,12,40.803333333333335
24.5,93.0,5.4,2,49.650000000000006
24.5,93.5,5.5,9,57.30777777777777
24.5,94.0,5.1,15,52.74666666666667
24.5,94.5,6.2,69,82.2359420289855
24.5,95.0,6.1,60,100.16533333333334
24.5,95.5,4.8,5,51.64
24.5,96.0,4.8,11,39.947909090909086
24.5,96.5,4.3,2,66.5
24.5,97.0,4.8,3,26.0
24.5,97.5,5.1,6,27.416666666666668
24.5,98.0,5.5,14,28.75
24.5,98.5,3.9,1,20.0
24.5,99.0,4.8,4,21.5
24.5,99.5,5.0,7,19.857142857142858
24.5,100.0,4.0,3,25.333333333333332
24.5,101.0,4.7,1,10.0
24.5,102.0,5.0,3,10.0
24.5,102.5,4.6,1,33.0
24.5,103.0,5.0,4,21.5
24.5,104.0,4.9,4,22.2275
24.5,104.5,3.7,1,33.0
24.5,118.5,4.9,1,10.0
24.5,119.5,4.1,1,10.0
24.5,120.5,4.8,14,20.312142857142856
24.5,121.0,4.7,16,22.775
24.5,121.5,6.0,57,35.83438596491228
24.5,122.0,6.4,257,38.33668871595331
24.5,122.5,6.7,177,51.7375197740113
24.5,123.0,5.4,79,62.35826582278481
24.5,123.5,5.3,67,37.55910447761194
24.5,124.0,5.2,31,34.410000000000004
24.5,124.5,4.9,9,46.077
24.5,125.0,6.3,60,35.2359
24.5,125.5,5.1,30,39.26083333333334
24.5,126.0,5.1,5,15.645999999999997
24.5,126.5,6.0,23,19.773913043478263
24.5,127.0,5.0,7,19.75
24.5,127.5,4.9,27,21.012222222222224
24.5,128.0,4.8,11,16.818181818181817
24.5,128.5,4.1,1,33.0
24.5,129.0,4.4,1,28.5
24.5,139.5,4.6,1,15.01
24.5,141.0,5.4,16,197.820625
24.5,141.5,5.6,47,116.91865957446808
24.5,142.0,5.3,29,125.85241379310345
24.5,142.5,6.2,12,94.835
24.5,143.0,5.1,18,35.400000000000006
24.5,143.5,4.4,2,80.15
24.5,144.0,4.6,1,10.0
24.5,145.5,5.2,1,51.5
25.0,-115.0,4.2,1,10.0
25.0,-113.0,4.5,4,9.675
25.0,-112.5,5.5,7,10.0
25.0,-112.0,4.5,1,10.0
25.0,-110.5,4.4,6,11.866666666666667
25.0,-110.0,6.0,24,10.108333333333333
25.0,-109.5,6.7,59,11.08813559322034
25.0,-109.0,6.1,20,10.0
25.0,-108.5,4.2,2,10.0
25.0,-108.0,3.5,1,10.0
25.0,-107.5,3.8,1,10.0
25.0,-107.0,4.2,3,8.333333333333334
25.0,-106.5,5.1,2,21.95
25.0,-101.0,4.2,1,10.0
25.0,-99.5,4.5,1,37.7
25.0,-99.0,4.3,1,5.0
25.0,-93.5,3.4,1,10.0
25.0,-46.0,5.1,16,10.78125
25.0,-45.5,5.1,27,10.0
25.0,-45.0,4.5,2,10.0
25.0,36.5,4.3,2,10.0
25.0,37.5,5.0,4,10.0
25.0,38.0,4.9,2,10.0
25.0,56.0,5.0,5,13.02
25.0,58.0,4.5,1,33.0
25.0,60.5,4.6,2,10.0
25.0,61.0,4.5,4,10.0
25.0,61.5,4.5,3,17.666666666666668
25.0,62.0,4.8,2,18.9
25.0,62.5,5.1,2,28.7
25.0,63.0,5.9,15,26.403333333333332
25.0,63.5,6.3,6,22.745
25.0,64.5,4.6,1,10.0
25.0,65.5,4.9,1,47.1
25.0,66.0,4.3,1,10.0
25.0,66.5,4.5,4,21.5
25.0,67.5,3.9,1,10.0
25.0,68.0,3.6,1,33.0
25.0,69.5,3.5,1,33.0
25.0,70.5,4.4,1,10.0
25.0,72.5,4.4,1,10.0
25.0,73.5,4.6,1,13.5
25.0,89.0,5.0,1,33.0
25.0,90.5,4.8,1,17.5
25.0,91.0,4.4,2,34.894999999999996
25.0,91.5,4.7,3,25.686666666666667
25.0,92.0,6.0,7,34.671285714285716
25.0,92.5,5.4,4,36.925
25.0,93.0,5.1,3,40.76666666666667
25.0,93.5,6.7,10,46.642
25.0,94.0,4.8,11,54.68363636363636
25.0,94.5,5.1,14,76.56192857142857
25.0,95.0,6.3,75,96.2234
25.0,95.5,6.4,35,115.97268571428572
25.0,96.0,5.1,8,47.4875
25.0,96.5,5.4,36,29.17055555555556
25.0,97.0,6.1,3,24.8
25.0,97.5,6.0,9,29.900000000000002
25.0,98.0,5.9,23,18.020869565217392
25.0,98.5,5.1,7,25.115714285714287
25.0,99.0,5.6,13,25.51153846153846
25.0,99.5,5.2,11,15.40090909090909
25.0,100.0,4.2,1,10.0
25.0,101.0,4.4,1,10.0
25.0,101.5,5.2,6,34.699999999999996
25.0,102.0,4.7,3,17.666666666666668
25.0,102.5,4.5,2,10.0
25.0,103.0,4.5,2,26.7
25.0,104.5,3.9,1,33.0
25.0,105.5,4.2,1,33.0
25.0,107.0,4.2,2,10.0
25.0,107.5,4.2,1,9.83
25.0,108.0,4.6,2,33.0
25.0,119.5,4.5,2,33.0
25.0,120.5,3.7,2,33.0
25.0,121.0,4.2,2,21.5
25.0,121.5,4.5,8,55.93875
25.0,122.0,6.1,150,56.27952
25.0,122.5,5.8,231,44.86419913419913
25.0,123.0,5.4,108,69.88444444444444
25.0,123.5,5.6,158,48.090227848101264
25.0,124.0,5.4,69,47.70963768115942
25.0,124.5,5.1,28,81.3475
25.0,125.0,5.2,38,49.315342105263156
25.0,125.5,5.9,63,49.806825396825396
25.0,126.0,6.2,18,51.17444444444445
25.0,126.5,4.9,17,40.69647058823529
25.0,127.0,5.3,44,31.69727272727273
25.0,127.5,5.2,8,35.5525
25.0,128.0,5.7,55,22.998
25.0,128.5,5.2,12,21.666666666666668
25.0,129.0,5.5,7,26.957142857142856
25.0,138.0,4.3,1,10.0
25.0,138.5,4.2,1,10.0
25.0,140.5,4.9,1,100.0
25.0,141.0,5.2,31,184.65335483870967
25.0,141.5,6.4,17,190.70235294117649
25.0,142.0,6.3,21,166.64238095238093
25.0,142.5,4.9,21,50.756666666666675
25.0,143.0,5.0,7,23.142857142857142
25.0,143.5,4.7,4,25.3325
25.0,144.0,4.4,3,17.666666666666668
25.0,145.5,4.4,1,37.6
25.0,146.0,4.8,2,22.06
25.5,-121.0,4.9,1,10.0
25.5,-111.0,4.8,1,10.0
25.5,-110.5,4.0,5,10.0
25.5,-110.0,5.7,40,10.6875
25.5,-109.5,5.6,40,10.54575
25.5,-109.0,4.1,4,10.0
25.5,-108.5,3.4,1,10.0
25.5,-107.5,4.5,1,10.0
25.5,-105.0,4.0,1,10.0
25.5,-101.0,4.6,1,33.0
25.5,-100.5,4.0,1,5.0
25.5,-100.0,3.4,1,14.23
25.5,-99.5,4.4,10,11.156
25.5,-99.0,4.0,2,38.745000000000005
25.5,-96.5,3.9,1,5.0
25.5,-66.5,5.2,1,2.08
25.5,-46.0,4.2,1,10.0
25.5,-45.5,5.4,20,10.0
25.5,-45.0,4.8,6,10.0
25.5,36.0,4.5,2,9.553
25.5,36.5,4.2,1,10.0
25.5,37.5,5.7,5,9.0
25.5,38.0,4.1,1,10.0
25.5,56.0,4.7,2,12.05
25.5,57.0,5.0,3,27.7
25.5,59.5,4.5,1,27.0
25.5,60.0,4.2,2,10.0
25.5,61.0,4.0,1,10.0
25.5,62.0,5.0,2,19.4
25.5,62.5,4.7,1,10.0
25.5,63.0,4.9,3,26.0
25.5,63.5,4.6,2,21.5
25.5,64.5,4.1,4,26.25
25.5,66.0,5.0,1,10.0
25.5,66.5,4.4,2,21.5
25.5,67.5,4.2,1,14.03
25.5,68.0,4.5,2,10.0
25.5,89.0,4.1,1,11.8
25.5,89.5,4.7,2,23.35
25.5,90.0,4.5,6,25.545
25.5,90.5,4.2,3,29.193
25.5,91.0,4.6,6,23.871666666666666
25.5,91.5,5.0,6,29.849999999999998
25.5,92.0,4.9,5,44.884
25.5,92.5,4.4,2,32.235
25.5,93.0,4.2,2,43.65
25.5,93.5,4.6,2,38.2
25.5,94.0,4.8,3,45.21
25.5,94.5,5.6,8,63.722500000000004
25.5,95.0,5.8,24,86.01416666666667
25.5,95.5,4.6,9,93.37111111111112
25.5,96.0,5.0,3,85.5
25.5,96.5,5.9,33,32.25484848484849
25.5,97.0,4.8,9,26.166666666666668
25.5,97.5,4.3,1,10.0
25.5,98.5,3.9,1,33.0
25.5,99.5,4.6,6,25.433333333333334
25.5,100.0,6.1,31,17.824193548387097
25.5,100.5,4.9,6,22.705
25.5,101.0,5.9,16,26.43125
25.5,101.5,5.2,4,21.5
25.5,102.0,5.2,12,22.34
25.5,102.5,4.7,7,29.485714285714288
25.5,103.0,4.6,5,19.2
25.5,103.5,4.1,2,10.0
25.5,104.0,4.7,1,23.1
25.5,105.5,4.5,1,2.7
25.5,106.0,4.6,4,18.330000000000002
25.5,107.0,4.5,2,22.5
25.5,109.0,3.6,1,10.0
25.5,117.0,4.1,1,33.0
25.5,118.0,4.2,1,10.0
25.5,118.5,4.1,3,13.946666666666667
25.5,121.5,4.2,2,28.6
25.5,122.0,4.8,13,219.64307692307693
25.5,122.5,6.1,17,250.21588235294118
25.5,123.0,5.7,11,202.74818181818182
25.5,123.5,6.4,25,154.72512
25.5,124.0,5.9,39,94.39902564102564
25.5,124.5,5.6,35,99.97454285714285
25.5,125.0,6.3,64,51.7068125
25.5,125.5,5.3,34,45.66076470588236
25.5,126.0,5.9,11,41.11781818181818
25.5,126.5,5.0,22,41.449999999999996
25.5,127.0,5.4,18,39.11555555555556
25.5,127.5,4.4,17,24.11764705882353
25.5,128.0,5.1,8,23.937375
25.5,128.5,5.0,27,25.00148148148148
25.5,129.0,4.6,12,34.9425
25.5,129.5,4.4,5,28.8
25.5,130.0,5.0,2,10.0
25.5,130.5,4.7,1,10.0
25.5,134.5,4.2,1,10.0
25.5,140.5,4.6,3,345.6000000000001
25.5,141.0,5.4,49,126.97834693877552
25.5,141.5,5.3,47,80.97959574468085
25.5,142.0,5.1,8,43.025
25.5,142.5,5.0,65,33.66384615384616
25.5,143.0,5.7,43,31.86627906976744
25.5,143.5,5.8,11,14.909090909090908
25.5,144.0,4.7,4,22.5
25.5,144.5,4.8,3,20.98
25.5,145.0,5.2,4,16.2
25.5,145.5,4.5,2,23.31
26.0,-112.0,5.2,2,7.55
26.0,-111.5,4.4,1,10.0
26.0,-111.0,4.2,3,11.886666666666665
26.0,-110.5,6.6,39,10.206410256410257
26.0,-110.0,5.7,17,10.0
26.0,-109.5,2.9,1,10.0
26.0,-109.0,3.4,1,10.0
26.0,-107.0,3.8,1,10.0
26.0,-102.0,3.8,1,5.0
26.0,-100.5,3.6,1,5.0
26.0,-99.5,3.6,1,37.73
26.0,-96.0,2.7,1,10.0
26.0,-92.0,4.3,1,10.0
26.0,-86.5,3.9,1,33.0
26.0,-86.0,3.2,1,10.0
26.0,-66.5,4.2,1,10.0
26.0,-45.5,4.7,3,10.0
26.0,-45.0,5.6,28,10.0
26.0,-44.5,5.0,4,10.0
26.0,37.5,4.8,1,10.0
26.0,54.0,4.2,1,10.0
26.0,54.5,4.2,2,10.0
26.0,55.0,4.1,1,33.0
26.0,56.5,4.3,2,10.0
26.0,58.0,4.6,1,46.1
26.0,58.5,4.9,1,10.0
26.0,59.5,4.7,3,15.033333333333333
26.0,60.0,4.0,2,13.015
26.0,61.0,4.8,2,21.5
26.0,61.5,5.7,1,33.0
26.0,62.0,4.4,2,39.985
26.0,62.5,4.7,3,27.44333333333333
26.0,63.0,4.9,2,40.45
26.0,63.5,4.1,1,33.0
26.0,64.0,4.8,6,17.428333333333335
26.0,64.5,4.4,2,14.985
26.0,65.0,4.6,4,16.25
26.0,66.0,4.4,1,35.0
26.0,66.5,4.8,5,14.180000000000001
26.0,67.0,5.0,2,18.7
26.0,67.5,5.2,5,25.9
26.0,68.0,4.6,3,25.536666666666665
26.0,68.5,4.3,1,12.67
26.0,87.0,3.5,1,57.7
26.0,87.5,5.0,2,19.85
26.0,88.0,5.0,1,28.8
26.0,89.0,4.5,1,39.8
26.0,89.5,4.3,4,14.46
26.0,90.0,4.5,4,23.1225
26.0,90.5,5.3,15,27.850666666666665
26.0,91.0,4.5,6,30.2
26.0,91.5,4.4,4,31.275
26.0,92.0,4.6,7,40.51428571428572
26.0,92.5,4.6,3,50.23666666666667
26.0,93.0,5.4,9,45.92888888888889
26.0,93.5,4.7,5,53.314
26.0,94.0,4.8,2,29.0
26.0,94.5,4.8,3,48.800000000000004
26.0,95.0,4.8,7,64.91314285714286
26.0,95.5,5.2,20,83.58455000000001
26.0,96.0,4.7,9,83.50333333333334
26.0,96.5,5.1,14,33.53142857142857
26.0,97.0,5.9,13,33.63230769230769
26.0,97.5,4.1,1,10.0
26.0,98.0,4.3,1,10.0
26.0,98.5,4.7,4,48.875
26.0,99.0,4.8,7,30.857142857142858
26.0,99.5,4.9,9,22.26
26.0,100.0,5.2,20,19.387
26.0,100.5,4.5,6,36.891666666666666
26.0,101.0,4.9,12,23.426666666666666
26.0,101.5,6.0,9,23.977777777777778
26.0,102.0,6.2,24,13.395833333333334
26.0,102.5,4.8,23,18.830434782608698
26.0,103.0,4.6,3,10.0
26.0,103.5,4.2,1,10.0
26.0,104.0,4.1,2,33.0
26.0,104.5,4.3,2,25.55
26.0,105.5,4.6,4,18.322499999999998
26.0,113.0,4.4,1,10.0
26.0,118.5,3.5,1,10.0
26.0,119.0,4.5,1,35.0
26.0,122.0,4.1,1,253.8
26.0,123.0,3.7,1,186.8
26.0,123.5,4.2,2,246.8835
26.0,124.0,5.5,13,208.57923076923078
26.0,124.5,6.0,21,176.9904761904762
26.0,125.0,5.9,41,134.5623414634146
26.0,125.5,5.1,42,85.6237619047619
26.0,126.0,5.0,24,62.24533333333333
26.0,126.5,4.9,18,62.821666666666665
26.0,127.0,4.9,15,59.66
26.0,127.5,5.1,7,42.29571428571428
26.0,128.0,4.9,23,26.439565217391305
26.0,128.5,7.0,277,21.21234296028881
26.0,129.0,4.9,25,27.9048
26.0,129.5,5.0,35,12.583714285714287
26.0,130.0,6.5,10,11.050999999999998
26.0,140.0,4.7,1,16.08
26.0,140.5,4.6,14,330.8285714285715
26.0,141.0,5.3,21,134.4757142857143
26.0,141.5,4.7,8,131.9525
26.0,142.0,4.6,7,35.66385714285714
26.0,142.5,5.3,24,29.37166666666667
26.0,143.0,5.1,12,27.113333333333333
26.0,143.5,4.7,10,22.881999999999998
26.0,144.0,6.3,14,22.74285714285714
26.0,144.5,5.7,3,11.426666666666668
26.0,145.0,4.5,1,10.0
26.0,148.0,4.4,1,10.0
26.5,-133.5,4.5,1,10.0
26.5,-114.5,4.3,1,10.0
26.5,-114.0,5.0,3,10.0
26.5,-113.0,4.0,1,10.0
26.5,-112.5,4.0,1,10.0
26.5,-112.0,4.2,3,9.63
26.5,-111.5,4.2,4,10.575
26.5,-111.0,6.3,19,10.804736842105262
26.5,-110.5,6.4,14,11.16
26.5,-110.0,4.3,1,10.0
26.5,-108.0,3.6,1,10.0
26.5,-96.0,3.0,1,10.0
26.5,-86.5,5.9,1,14.0
26.5,-79.0,3.2,1,10.0
26.5,-50.0,4.9,1,10.0
26.5,-45.0,4.4,3,10.0
26.5,-44.5,6.0,54,10.0
26.5,-44.0,4.8,2,10.0
26.5,-14.5,4.6,2,10.0
26.5,31.0,4.5,1,10.0
26.5,34.5,3.8,3,10.0
26.5,35.0,4.6,2,10.0
26.5,35.5,4.9,1,10.0
26.5,40.5,3.7,1,10.0
26.5,53.0,4.9,2,10.0
26.5,53.5,5.3,7,18.351428571428574
26.5,54.0,5.5,45,12.724555555555556
26.5,54.5,5.6,20,17.5
26.5,55.0,5.4,29,17.355172413793102
26.5,55.5,4.7,14,16.964285714285715
26.5,56.0,6.1,25,12.9
26.5,56.5,4.9,5,15.8
26.5,57.0,4.5,2,9.5
26.5,57.5,5.5,45,18.360444444444447
26.5,58.0,6.1,34,13.799999999999999
26.5,59.5,4.6,2,22.0
26.5,60.0,4.4,2,10.0
26.5,61.0,5.3,4,18.45
26.5,62.0,4.7,2,41.2
26.5,62.5,4.6,1,47.2
26.5,63.0,4.7,1,39.2
26.5,64.5,4.2,1,15.28
26.5,65.0,5.0,5,15.225999999999999
26.5,65.5,5.1,2,9.985
26.5,66.0,4.8,10,20.572
26.5,67.0,5.4,3,29.53333333333333
26.5,67.5,5.0,6,25.333333333333332
26.5,68.0,4.8,1,33.0
26.5,68.5,4.6,4,13.9125
26.5,70.5,5.4,1,22.1
26.5,71.0,4.5,2,26.1
26.5,84.5,4.2,1,33.0
26.5,86.5,4.7,1,68.5
26.5,88.0,4.6,1,33.0
26.5,89.0,3.9,1,33.0
26.5,89.5,4.7,3,11.200000000000001
26.5,90.0,5.3,4,15.1
26.5,90.5,5.1,4,28.517500000000002
26.5,91.0,5.0,2,22.35
26.5,91.5,4.4,6,39.07666666666667
26.5,92.0,5.2,10,38.619
26.5,92.5,5.2,28,37.472857142857144
26.5,93.0,5.3,24,38.48666666666667
26.5,93.5,5.4,10,38.075
26.5,94.0,4.3,1,57.37
26.5,94.5,4.4,2,59.815
26.5,95.0,4.6,3,70.17666666666666
26.5,95.5,4.8,6,71.42999999999999
26.5,96.0,4.9,20,86.3395
26.5,96.5,4.9,26,85.97188461538462
26.5,97.0,5.1,18,45.25111111111111
26.5,98.5,4.3,2,10.195
26.5,99.0,4.1,1,10.0
26.5,99.5,4.3,4,10.0
26.5,100.0,5.0,7,16.571428571428573
26.5,100.5,5.6,5,23.8
26.5,101.0,5.0,4,14.975
26.5,101.5,4.2,1,18.2
26.5,102.0,4.7,3,18.333333333333332
26.5,102.5,4.8,3,22.933333333333334
26.5,103.0,5.2,8,30.25375
26.5,104.0,4.5,2,21.5
26.5,105.5,4.3,2,14.745
26.5,108.5,4.2,1,10.0
26.5,109.0,5.4,4,12.95
26.5,117.5,3.9,1,35.0
26.5,118.5,4.1,1,35.0
26.5,119.0,3.5,1,33.0
26.5,124.0,4.5,1,145.5
26.5,124.5,4.6,3,174.63333333333333
26.5,125.0,5.0,15,177.954
26.5,125.5,6.4,16,102.3658125
26.5,126.0,5.7,52,59.984923076923074
26.5,126.5,5.7,75,52.62701333333333
26.5,127.0,5.1,15,71.075
26.5,127.5,5.5,28,50.9365
26.5,128.0,5.8,20,40.550799999999995
26.5,128.5,5.4,43,31.708
26.5,129.0,6.1,47,24.12144680851064
26.5,129.5,5.7,88,14.563738636363636
26.5,130.0,5.0,19,21.182105263157894
26.5,130.5,4.5,3,10.0
26.5,138.0,4.2,1,35.0
26.5,140.0,5.9,3,530.9
26.5,140.5,6.1,33,408.82424242424247
26.5,141.0,5.3,12,145.12583333333333
26.5,141.5,5.0,33,68.24787878787879
26.5,142.0,5.1,42,34.032333333333334
26.5,142.5,5.8,49,23.4605306122449
26.5,143.0,4.9,23,23.35782608695652
26.5,143.5,5.6,61,14.295081967213115
26.5,144.0,5.1,121,11.77818181818182
26.5,144.5,4.7,9,14.345555555555556
27.0,-115.0,4.0,1,10.0
27.0,-114.5,4.1,1,10.0
27.0,-114.0,4.5,3,10.0
27.0,-112.5,4.3,2,7.5
27.0,-112.0,4.2,8,10.625
27.0,-111.5,5.4,21,10.519047619047619
27.0,-111.0,5.9,9,10.0
27.0,-110.5,4.1,1,10.0
27.0,-107.5,4.2,1,10.0
27.0,-94.5,3.8,1,10.0
27.0,-45.0,4.8,2,10.0
27.0,-44.5,5.7,42,10.547619047619047
27.0,-44.0,4.6,4,10.0
27.0,32.0,4.7,1,10.0
27.0,32.5,4.0,1,10.0
27.0,34.0,4.1,2,10.0
27.0,34.5,4.5,5,10.0
27.0,35.0,4.6,4,10.0
27.0,52.5,4.4,4,17.4
27.0,53.0,4.9,21,15.573333333333334
27.0,53.5,5.4,31,18.9
27.0,54.0,5.8,53,22.25622641509434
27.0,54.5,5.9,57,21.36824561403509
27.0,55.0,6.0,72,16.976152777777777
27.0,55.5,5.7,51,15.503921568627453
27.0,56.0,5.9,101,11.998217821782177
27.0,56.5,4.4,4,14.875
27.0,57.0,4.5,2,26.06
27.0,57.5,5.2,11,22.954545454545453
27.0,58.0,4.9,13,16.161538461538463
27.0,59.5,4.9,5,19.78
27.0,60.0,4.5,2,10.25
27.0,60.5,4.6,3,15.866666666666667
27.0,61.0,4.8,2,52.05
27.0,61.5,4.3,2,43.445
27.0,62.0,6.0,2,32.0
27.0,62.5,4.5,2,44.879999999999995
27.0,63.0,4.3,1,10.0
27.0,63.5,4.2,1,14.49
27.0,65.0,4.1,1,10.0
27.0,65.5,7.7,26,17.810384615384613
27.0,66.0,5.5,8,24.016750000000002
27.0,66.5,5.1,13,27.815384615384616
27.0,67.0,4.7,11,31.26090909090909
27.0,67.5,4.3,3,25.333333333333332
27.0,68.5,4.3,1,33.0
27.0,70.5,5.1,2,124.80000000000001
27.0,72.5,3.5,1,33.0
27.0,75.5,4.5,1,10.0
27.0,76.0,4.3,2,10.0
27.0,84.5,3.9,1,33.0
27.0,86.0,4.8,4,24.45
27.0,86.5,4.7,2,23.65
27.0,87.0,4.3,1,64.0
27.0,87.5,4.4,3,33.0
27.0,88.0,5.1,7,31.90142857142857
27.0,88.5,4.8,5,29.918
27.0,89.0,5.2,10,17.630000000000003
27.0,89.5,4.2,4,19.7
27.0,90.5,4.7,1,35.0
27.0,91.0,3.8,1,10.0
27.0,91.5,5.8,9,17.576666666666668
27.0,92.0,5.0,12,36.71666666666667
27.0,92.5,6.0,22,35.052727272727275
27.0,93.0,5.2,6,35.1
27.0,93.5,4.6,1,33.0
27.0,95.5,4.9,1,33.0
27.0,96.0,5.1,3,63.66
27.0,96.5,4.6,8,33.8375
27.0,97.0,6.3,17,37.73470588235294
27.0,97.5,4.9,5,38.2
27.0,99.0,3.0,1,10.0
27.0,99.5,5.0,3,25.333333333333332
27.0,100.0,5.1,33,15.675757575757574
27.0,100.5,5.6,19,20.894736842105264
27.0,101.0,5.7,9,31.293333333333333
27.0,101.5,3.8,1,33.0
27.0,102.0,3.9,1,33.0
27.0,102.5,4.6,1,10.0
27.0,103.0,4.9,15,24.669266666666665
27.0,103.5,6.2,33,15.621515151515151
27.0,104.0,4.7,4,15.75
27.0,104.5,4.6,2,21.5
27.0,105.0,4.2,1,10.0
27.0,105.5,4.9,1,10.0
27.0,106.5,4.9,1,10.0
27.0,107.0,4.0,1,10.0
27.0,109.0,4.4,1,10.0
27.0,125.0,4.1,1,246.9
27.0,125.5,5.1,14,190.70071428571427
27.0,126.0,5.3,7,79.96142857142857
27.0,126.5,5.7,152,24.44578289473684
27.0,127.0,5.3,29,80.01034482758621
27.0,127.5,6.0,35,90.57497142857142
27.0,128.0,5.3,12,40.9525
27.0,128.5,4.9,11,68.17545454545456
27.0,129.0,4.8,7,36.142857142857146
27.0,129.5,5.6,20,25.2515
27.0,130.0,6.0,56,22.642500000000002
27.0,130.5,5.5,8,18.75
27.0,131.0,4.6,2,15.36
27.0,137.0,4.0,1,389.2
27.0,139.0,4.2,1,33.0
27.0,139.5,4.6,2,536.6
27.0,140.0,6.6,66,435.57399999999996
27.0,140.5,5.7,60,382.43755
27.0,141.0,5.0,17,67.69858823529411
27.0,141.5,5.8,28,60.426607142857144
27.0,142.0,4.9,10,44.787
27.0,142.5,6.2,22,30.165
27.0,143.0,5.6,39,23.060384615384617
27.0,143.5,7.4,544,11.264365808823529
27.0,144.0,5.4,232,10.909474137931035
27.0,144.5,4.6,2,23.71
27.5,-115.0,5.3,3,10.0
27.5,-112.0,4.4,7,10.0
27.5,-111.5,5.6,36,10.333333333333334
27.5,-111.0,4.3,3,10.0
27.5,-106.0,4.3,8,15.17625
27.5,-105.5,4.5,23,12.656521739130437
27.5,-98.0,3.8,1,5.0
27.5,-71.0,4.6,1,10.0
27.5,-45.0,3.9,1,10.0
27.5,-44.5,5.1,4,10.0
27.5,-44.0,4.9,6,10.0
27.5,-43.5,4.6,1,10.0
27.5,-18.5,4.7,4,14.45
27.5,-18.0,4.2,7,23.2
27.5,-17.5,4.6,4,14.625
27.5,-15.5,2.9,4,24.275
27.5,-15.0,3.3,2,17.25
27.5,33.0,4.4,1,10.0
27.5,33.5,4.3,3,23.666666666666668
27.5,34.0,4.8,12,10.0
27.5,34.5,4.4,10,10.385
27.5,51.5,4.7,3,25.333333333333332
27.5,52.0,4.7,9,26.466666666666665
27.5,52.5,5.2,28,18.8
27.5,53.0,5.1,37,16.80264864864865
27.5,53.5,4.9,32,24.175625
27.5,54.0,4.9,25,24.88
27.5,54.5,5.0,31,22.79032258064516
27.5,55.0,5.0,32,18.575
27.5,55.5,5.9,45,19.07777777777778
27.5,56.0,6.4,116,15.012068965517242
27.5,56.5,5.1,71,20.903521126760566
27.5,57.0,5.3,7,19.042857142857144
27.5,57.5,5.4,13,25.4
27.5,58.0,4.3,3,20.333333333333332
27.5,58.5,4.9,3,17.666666666666668
27.5,59.0,5.1,3,56.673333333333325
27.5,59.5,4.8,3,44.24333333333333
27.5,60.5,4.0,2,38.7
27.5,61.0,5.6,5,44.839999999999996
27.5,61.5,5.2,3,45.0
27.5,62.5,4.3,2,30.15
27.5,63.5,4.5,1,35.3
27.5,64.0,4.5,1,33.0
27.5,65.0,5.7,3,46.63666666666666
27.5,65.5,6.1,21,18.32238095238095
27.5,66.0,6.2,27,26.55296296296296
27.5,66.5,4.4,3,33.63333333333333
27.5,67.0,4.1,2,21.5
27.5,67.5,5.4,5,14.904
27.5,68.0,3.9,1,35.0
27.5,75.5,4.0,2,12.1
27.5,76.0,4.1,2,21.5
27.5,77.0,4.0,2,10.0
27.5,84.5,4.4,4,10.0
27.5,85.0,5.0,18,9.817222222222222
27.5,85.5,6.1,32,12.3434375
27.5,86.0,6.3,100,10.919
27.5,86.5,5.0,22,19.06954545454545
27.5,87.0,5.0,9,25.831111111111113
27.5,87.5,5.1,7,35.80142857142857
27.5,88.0,6.9,20,30.135
27.5,88.5,5.3,9,26.263333333333335
27.5,89.0,4.6,2,29.11
27.5,89.5,5.5,2,28.55
27.5,90.0,4.4,1,28.39
27.5,90.5,4.5,6,38.56166666666667
27.5,91.0,5.2,7,35.60285714285714
27.5,91.5,6.1,10,21.176
27.5,92.0,5.2,11,41.60909090909091
27.5,92.5,5.5,25,39.6164
27.5,93.0,4.7,9,58.22
27.5,94.0,4.1,1,14.66
27.5,94.5,4.6,1,15.94
27.5,95.5,4.4,1,45.9
27.5,96.5,5.0,3,30.266666666666666
27.5,97.0,4.7,12,41.15416666666666
27.5,97.5,4.5,1,72.2
27.5,98.5,3.9,1,35.0
27.5,99.5,3.8,2,22.7
27.5,100.0,4.3,5,10.0
27.5,100.5,6.6,9,19.667777777777776
27.5,101.0,5.6,23,30.90869565217391
27.5,101.5,4.8,7,40.885714285714286
27.5,102.0,4.8,1,35.0
27.5,102.5,4.8,9,22.77777777777778
27.5,103.0,4.8,6,19.733333333333334
27.5,103.5,5.1,17,23.680588235294117
27.5,104.0,5.6,21,14.982857142857142
27.5,104.5,4.1,1,14.7
27.5,105.0,4.4,2,12.175
27.5,106.5,4.7,1,10.0
27.5,108.0,4.6,1,10.0
27.5,111.0,3.8,1,10.0
27.5,125.5,6.9,1,224.9
27.5,126.0,4.3,2,235.74
27.5,126.5,5.9,11,157.41272727272727
27.5,127.0,6.0,25,79.17399999999999
27.5,127.5,6.5,40,83.05499999999999
27.5,128.0,4.8,16,52.8
27.5,128.5,6.0,50,50.743680000000005
27.5,129.0,5.4,13,34.22538461538461
27.5,129.5,5.6,38,28.572105263157894
27.5,130.0,5.3,44,28.066136363636364
27.5,130.5,5.0,12,25.974166666666665
27.5,131.0,4.9,6,16.8875
27.5,131.5,4.8,2,33.0
27.5,132.0,4.3,1,10.0
27.5,138.5,4.3,1,407.9
27.5,139.0,4.1,2,488.95
27.5,139.5,6.5,16,481.31875
27.5,140.0,5.9,173,449.76037572254336
27.5,140.5,4.9,49,344.41951020408163
27.5,141.0,5.4,29,127.88103448275862
27.5,141.5,5.4,32,50.831562500000004
27.5,142.0,5.7,16,46.85625
27.5,142.5,5.2,32,29.641875
27.5,143.0,5.3,67,20.708567164179104
27.5,143.5,5.0,77,12.690493506493507
27.5,144.0,5.2,5,15.540000000000001
28.0,-177.5,2.9,1,5.0
28.0,-115.0,4.5,1,10.0
28.0,-113.5,4.4,1,10.0
28.0,-113.0,4.9,6,10.0
28.0,-112.5,6.1,11,10.018181818181818
28.0,-112.0,6.6,36,10.220555555555556
28.0,-111.5,4.7,6,10.0
28.0,-111.0,4.4,2,10.0
28.0,-107.5,4.6,1,15.13
28.0,-107.0,4.3,1,2.0
28.0,-106.0,4.0,3,13.280000000000001
28.0,-105.5,5.4,17,9.98
28.0,-105.0,3.6,2,7.5
28.0,-102.5,4.7,2,5.0
28.0,-100.0,2.2,1,1.418375651
28.0,-92.0,2.9,1,10.0
28.0,-90.0,5.3,3,8.333333333333334
28.0,-89.0,3.7,1,10.0
28.0,-88.5,4.6,2,10.0
28.0,-46.5,4.5,1,10.0
28.0,-44.5,4.9,1,10.0
28.0,-44.0,5.4,16,10.0
28.0,-43.5,5.0,4,10.0
28.0,-21.5,4.4,1,10.0
28.0,-21.0,4.4,1,0.0
28.0,-20.5,3.1,1,0.0
28.0,-20.0,4.8,1,10.0
28.0,-18.5,5.4,1,7.48
28.0,-18.0,3.6,11,16.045454545454547
28.0,-17.0,3.1,3,18.866666666666667
28.0,-16.5,3.0,23,11.952173913043477
28.0,-16.0,3.7,121,11.677685950413224
28.0,-15.5,3.4,6,30.683333333333334
28.0,-15.0,3.4,12,19.358333333333334
28.0,-14.5,2.6,1,0.0
28.0,31.0,3.7,1,10.0
28.0,33.0,3.8,2,7.5
28.0,33.5,4.7,2,10.0
28.0,34.0,4.6,8,12.3
28.0,34.5,4.6,10,8.7
28.0,35.0,4.7,3,10.0
28.0,37.0,4.7,3,10.0
28.0,51.0,4.4,4,12.0
28.0,51.5,5.1,36,22.130277777777778
28.0,52.0,5.4,55,20.884727272727275
28.0,52.5,5.5,23,21.20304347826087
28.0,53.0,5.2,30,17.066666666666666
28.0,53.5,5.4,40,30.110000000000003
28.0,54.0,5.1,50,26.196559999999998
28.0,54.5,5.3,24,21.77916666666667
28.0,55.0,5.0,29,27.607586206896553
28.0,55.5,5.7,44,30.375
28.0,56.0,5.4,27,16.70740740740741
28.0,56.5,5.4,56,21.984928571428572
28.0,57.0,6.0,87,24.23632183908046
28.0,57.5,5.4,73,25.485876712328768
28.0,58.0,5.5,9,32.599999999999994
28.0,58.5,4.1,1,33.0
28.0,59.0,6.2,13,12.7
28.0,59.5,5.0,4,11.55
28.0,60.0,4.6,3,19.2
28.0,60.5,4.1,1,10.0
28.0,61.0,4.1,1,85.0
28.0,61.5,4.1,1,14.2
28.0,62.0,7.7,6,66.08333333333333
28.0,62.5,5.6,9,47.94
28.0,63.0,4.7,3,49.199999999999996
28.0,64.5,4.4,1,10.0
28.0,65.0,5.2,1,56.7
28.0,66.0,5.6,14,18.524285714285718
28.0,66.5,4.9,16,27.74375
28.0,67.0,4.9,2,9.45
28.0,67.5,4.3,1,10.0
28.0,68.5,3.7,1,97.3
28.0,71.0,4.1,1,10.0
28.0,71.5,4.8,1,20.7
28.0,73.0,4.0,1,14.98
28.0,76.0,3.9,1,10.0
28.0,76.5,4.4,2,20.189999999999998
28.0,77.5,4.7,1,10.0
28.0,81.0,4.9,1,10.0
28.0,82.5,4.8,1,33.0
28.0,83.0,4.8,3,36.6
28.0,83.5,4.3,4,28.25
28.0,84.0,4.3,5,20.52
28.0,84.5,7.8,36,11.220277777777778
28.0,85.0,6.6,31,17.583225806451615
28.0,85.5,5.26,49,12.339183673469387
28.0,86.0,7.3,74,12.78054054054054
28.0,86.5,5.4,6,20.138333333333332
28.0,87.0,5.6,8,35.52125
28.0,87.5,4.9,12,42.1675
28.0,88.0,5.5,16,53.6070625
28.0,89.0,3.7,1,10.0
28.0,91.5,4.7,3,33.0
28.0,92.0,4.7,4,34.385000000000005
28.0,92.5,4.8,3,27.736666666666668
28.0,93.0,5.0,2,33.0
28.0,93.5,4.3,2,23.425
28.0,94.0,4.4,5,16.206
28.0,94.5,4.0,1,35.0
28.0,96.5,4.4,2,30.75
28.0,99.0,4.1,1,10.0
28.0,99.5,5.4,13,27.99076923076923
28.0,100.0,4.6,4,15.75
28.0,100.5,5.4,5,19.736
28.0,101.0,5.5,13,15.215384615384616
28.0,101.5,4.7,14,24.352857142857143
28.0,102.0,4.5,2,24.315
28.0,102.5,4.7,2,40.1
28.0,103.0,4.6,4,24.4675
28.0,103.5,5.4,22,18.966363636363635
28.0,104.0,5.0,7,35.58857142857143
28.0,104.5,4.7,12,16.749166666666667
28.0,105.0,5.3,50,20.063499999999998
28.0,105.5,4.3,2,10.0
28.0,106.0,4.6,1,15.13
28.0,108.5,4.0,1,33.0
28.0,120.5,4.3,1,10.0
28.0,126.5,5.0,4,216.95
28.0,127.0,4.6,11,128.74454545454546
28.0,127.5,4.8,18,85.49666666666667
28.0,128.0,6.0,106,36.28589622641509
28.0,128.5,4.8,21,53.35095238095238
28.0,129.0,4.9,16,64.77875
28.0,129.5,5.5,51,42.23901960784314
28.0,130.0,7.1,134,31.843134328358207
28.0,130.5,5.2,45,31.135555555555552
28.0,131.0,5.4,11,22.55454545454546
28.0,131.5,5.5,6,25.683333333333334
28.0,132.5,3.8,1,33.0
28.0,138.5,4.0,1,524.8
28.0,139.0,5.4,18,514.410388888889
28.0,139.5,6.7,109,495.79168807339454
28.0,140.0,6.1,102,430.89827450980397
28.0,140.5,7.8,27,375.4011111111111
28.0,141.0,5.4,18,93.04
28.0,141.5,4.9,11,56.38272727272727
28.0,142.0,5.9,30,34.472
28.0,142.5,5.9,44,28.19431818181818
28.0,143.0,5.6,86,20.679651162790698
28.0,143.5,6.6,53,20.19622641509434
28.0,144.0,4.7,13,20.876923076923074
28.0,144.5,4.8,2,33.0
28.5,-114.0,4.0,1,5.0
28.5,-113.0,7.0,20,10.345
28.5,-112.5,5.9,5,10.0
28.5,-112.0,4.7,7,10.0
28.5,-106.5,3.9,1,5.0
28.5,-105.5,4.0,1,14.16
28.5,-105.0,3.9,2,10.0
28.5,-103.5,3.2,1,10.0
28.5,-102.5,3.1,1,10.0
28.5,-100.5,3.5,26,3.537090594942308
28.5,-100.0,3.0,10,6.476790364999999
28.5,-99.5,2.6,7,7.427257718857143
28.5,-99.0,3.0,20,5.1647440589
28.5,-98.5,3.4,61,4.409038939780491
28.5,-98.0,3.0,43,6.223879791867441
28.5,-97.5,2.7,1,5.0
28.5,-89.0,3.6,1,10.0
28.5,-88.0,3.3,1,5.0
28.5,-70.0,3.6,1,10.0
28.5,-69.5,5.4,1,10.0
28.5,-45.0,4.6,1,10.0
28.5,-44.0,5.5,30,10.0
28.5,-43.5,5.8,69,10.178260869565216
28.5,-21.5,3.2,1,0.0
28.5,-21.0,4.1,1,0.0
28.5,-18.0,4.6,4,22.5
28.5,-17.5,4.6,1,10.0
28.5,-17.0,3.2,1,10.0
28.5,-16.5,4.1,16,14.46875
28.5,-16.0,4.4,5,13.7
28.5,-15.5,3.7,2,18.75
28.5,-15.0,2.7,3,5.433333333333334
28.5,-14.5,4.3,4,7.4
28.5,-10.5,4.3,1,10.0
28.5,31.5,4.5,2,5.75
28.5,33.0,4.7,6,13.299999999999999
28.5,33.5,3.9,3,25.633333333333336
28.5,34.0,3.6,2,15.0
28.5,34.5,6.1,59,10.533220338983051
28.5,35.0,5.1,25,9.96
28.5,35.5,4.5,4,10.0
28.5,47.5,4.0,1,10.0
28.5,49.5,4.5,1,10.0
28.5,50.5,4.2,1,10.0
28.5,51.0,4.9,11,30.725454545454546
28.5,51.5,6.4,112,18.57767857142857
28.5,52.0,5.3,52,18.29634615384615
28.5,52.5,4.8,40,20.863525000000003
28.5,53.0,5.0,27,22.585185185185182
28.5,53.5,4.6,8,23.3
28.5,54.0,5.8,39,24.42820512820513
28.5,54.5,4.7,9,22.844444444444445
28.5,55.0,5.1,14,28.585714285714285
28.5,55.5,6.6,23,29.549565217391304
28.5,56.0,4.9,12,23.366666666666664
28.5,56.5,4.8,18,24.711111111111112
28.5,57.0,6.6,73,27.476616438356164
28.5,57.5,5.4,28,23.914285714285715
28.5,58.0,4.9,7,30.728571428571428
28.5,58.5,5.4,4,74.75
28.5,59.0,6.7,17,19.58823529411765
28.5,59.5,5.6,3,10.933333333333332
28.5,60.0,3.7,1,33.0
28.5,61.5,4.3,1,18.0
28.5,62.0,4.6,2,32.065
28.5,64.0,4.8,2,63.010000000000005
28.5,64.5,5.1,1,10.0
28.5,65.0,4.7,1,10.0
28.5,65.5,6.0,2,21.5
28.5,66.0,5.5,10,17.020000000000003
28.5,66.5,5.5,23,26.013913043478258
28.5,67.0,3.9,1,10.0
28.5,67.5,4.3,1,10.0
28.5,69.0,5.1,3,25.333333333333332
28.5,69.5,4.4,5,17.369999999999997
28.5,70.0,5.9,1,33.0
28.5,76.0,3.8,1,33.0
28.5,76.5,4.1,1,10.0
28.5,77.0,4.7,4,10.0
28.5,77.5,3.8,2,10.0
28.5,78.0,4.2,1,33.0
28.5,81.0,4.3,1,33.0
28.5,81.5,4.3,2,21.5
28.5,82.0,4.6,4,33.5
28.5,82.5,5.1,11,31.90909090909091
28.5,83.0,4.7,6,27.782833333333333
28.5,83.5,4.8,5,22.72
28.5,84.0,4.8,5,25.660000000000004
28.5,84.5,5.3,8,15.92875
28.5,85.0,4.1,1,10.0
28.5,85.5,4.9,6,40.93333333333333
28.5,86.0,4.5,5,32.54
28.5,86.5,5.2,14,60.473571428571425
28.5,87.0,4.6,11,33.83
28.5,87.5,5.7,21,16.34047619047619
28.5,88.0,4.7,5,53.364
28.5,88.5,4.3,5,30.860000000000003
28.5,91.5,4.5,1,10.0
28.5,92.0,5.2,4,42.625
28.5,92.5,4.2,1,33.0
28.5,93.0,4.6,1,79.4
28.5,93.5,4.5,1,33.0
28.5,94.0,4.6,4,23.075000000000003
28.5,94.5,5.9,3,20.666666666666668
28.5,95.0,5.1,4,20.4725
28.5,95.5,4.5,2,25.15
28.5,96.0,4.7,3,35.86666666666667
28.5,96.5,4.7,7,27.97142857142857
28.5,97.5,4.2,1,15.08
28.5,98.5,3.9,1,33.0
28.5,99.0,4.1,1,15.02
28.5,99.5,4.9,8,15.4525
28.5,100.5,4.4,1,35.0
28.5,101.0,4.6,1,10.0
28.5,102.0,4.6,2,33.0
28.5,102.5,4.6,4,21.5
28.5,103.0,5.1,2,9.66
28.5,103.5,5.0,9,18.18111111111111
28.5,104.0,4.5,6,21.42833333333333
28.5,104.5,4.7,8,14.601125
28.5,105.0,5.8,72,17.53875
28.5,105.5,4.4,3,18.333333333333332
28.5,108.5,4.7,1,10.0
28.5,127.5,6.2,8,121.1075
28.5,128.0,5.7,21,104.42904761904761
28.5,128.5,5.5,77,63.14415584415585
28.5,129.0,5.6,25,76.8568
28.5,129.5,6.2,28,49.06035714285714
28.5,130.0,6.2,51,39.08413725490196
28.5,130.5,5.1,30,32.491
28.5,131.0,5.9,7,21.771428571428572
28.5,131.5,4.8,7,25.881428571428568
28.5,132.0,4.6,3,20.966666666666665
28.5,132.5,4.1,1,11.9
28.5,138.0,5.0,3,520.3533333333334
28.5,138.5,4.8,9,536.1902222222222
28.5,139.0,6.8,32,505.4446875
28.5,139.5,5.1,63,445.32895238095233
28.5,140.0,4.8,27,415.6259259259259
28.5,140.5,4.9,17,41.60864705882353
28.5,141.0,4.8,6,84.94166666666666
28.5,141.5,4.9,15,46.477999999999994
28.5,142.0,5.1,19,33.52036842105263
28.5,142.5,5.4,101,23.933178217821784
28.5,143.0,5.7,58,24.70551724137931
28.5,143.5,5.5,25,27.152399999999997
28.5,144.0,3.8,1,35.0
29.0,-117.5,2.78,1,7.169
29.0,-114.5,5.0,1,10.0
29.0,-114.0,4.1,1,10.0
29.0,-113.5,4.4,7,13.491428571428571
29.0,-113.0,6.9,20,9.99
29.0,-112.5,4.0,1,10.0
29.0,-104.0,2.8,1,11.754
29.0,-103.0,2.5,1,5.0
29.0,-102.5,2.6,1,20.64
29.0,-99.0,2.4,7,3.1511695497999996
29.0,-98.5,3.8,40,5.547130330425
29.0,-98.0,4.8,133,5.134473476153383
29.0,-97.5,3.5,165,4.679529671679394
29.0,-97.0,3.0,1,5.0
29.0,-66.0,4.7,1,10.0
29.0,-58.5,4.5,1,10.0
29.0,-43.5,5.7,24,10.554166666666667
29.0,-43.0,5.3,24,10.0
29.0,-18.0,2.9,1,0.0
29.0,-17.0,4.1,4,28.225
29.0,-16.5,3.8,5,56.52
29.0,-16.0,2.9,3,13.200000000000001
29.0,-15.5,3.1,1,0.0
29.0,-15.0,3.4,1,52.1
29.0,-14.5,3.4,5,2.0
29.0,30.5,3.7,1,10.0
29.0,32.0,3.8,1,10.0
29.0,32.5,3.4,1,10.0
29.0,33.0,4.4,5,16.46
29.0,33.5,3.8,1,10.0
29.0,34.5,5.7,59,10.387627118644067
29.0,35.0,7.2,73,10.313698630136987
29.0,35.5,4.3,7,9.285714285714286
29.0,47.5,4.7,10,11.254999999999999
29.0,48.0,4.4,1,10.0
29.0,49.5,4.2,2,10.0
29.0,50.0,4.6,2,10.0
29.0,50.5,4.8,3,17.666666666666668
29.0,51.0,5.1,23,24.76086956521739
29.0,51.5,5.7,61,24.361147540983605
29.0,52.0,5.4,33,25.473333333333333
29.0,52.5,6.1,49,26.09591836734694
29.0,53.0,4.4,11,22.88181818181818
29.0,55.0,4.8,4,35.125
29.0,55.5,4.9,1,22.0
29.0,56.0,4.2,1,16.38
29.0,56.5,5.0,10,39.021
29.0,57.0,4.4,11,31.330454545454543
29.0,57.5,4.7,8,48.775
29.0,58.0,5.2,10,27.110000000000003
29.0,58.5,6.6,23,12.778260869565216
29.0,59.5,5.6,2,21.5
29.0,60.0,5.9,4,15.925
29.0,61.0,5.6,6,32.28333333333333
29.0,63.5,4.4,1,41.7
29.0,64.0,7.2,3,70.13333333333334
29.0,64.5,5.2,2,36.985
29.0,65.0,4.3,1,13.67
29.0,66.0,4.2,1,10.0
29.0,66.5,6.1,10,20.81
29.0,67.0,4.9,2,25.52
29.0,67.5,4.7,8,17.76375
29.0,68.5,5.1,5,19.6
29.0,69.0,4.8,5,31.127999999999997
29.0,69.5,4.6,5,14.366
29.0,70.0,4.6,2,21.5
29.0,76.5,5.1,5,14.6
29.0,77.0,4.7,7,21.514285714285716
29.0,77.5,3.8,1,10.0
29.0,78.0,3.5,1,33.0
29.0,78.5,4.2,2,21.5
29.0,80.0,3.5,1,33.0
29.0,81.0,4.9,1,14.7
29.0,81.5,5.0,10,27.464999999999996
29.0,82.0,5.2,7,51.74285714285714
29.0,82.5,5.0,6,13.833333333333334
29.0,83.0,4.9,1,32.9
29.0,83.5,4.5,2,17.298000000000002
29.0,84.0,4.7,3,31.80333333333333
29.0,85.0,4.2,1,33.0
29.0,85.5,5.5,4,27.75
29.0,86.5,4.9,11,17.643181818181816
29.0,87.0,5.2,4,33.0
29.0,87.5,6.2,8,15.407499999999999
29.0,88.0,4.6,4,21.9
29.0,88.5,4.1,2,48.15
29.0,89.0,4.4,1,10.0
29.0,89.5,3.4,1,33.0
29.0,90.0,5.0,2,18.0
29.0,92.0,4.8,5,23.8
29.0,94.5,5.8,6,25.505
29.0,95.0,5.2,3,40.56666666666667
29.0,95.5,4.9,4,18.12
29.0,96.0,5.0,13,39.61923076923077
29.0,97.0,4.4,1,33.0
29.0,97.5,4.6,1,33.0
29.0,98.0,4.2,1,66.57
29.0,98.5,4.1,1,33.0
29.0,99.0,5.0,2,33.0
29.0,100.0,4.7,1,23.9
29.0,101.0,3.9,1,10.0
29.0,102.0,4.7,5,31.3
29.0,102.5,4.4,6,34.96666666666667
29.0,103.0,4.5,1,10.0
29.0,103.5,4.6,5,23.8
29.0,104.0,5.1,12,24.0575
29.0,104.5,5.1,6,28.583333333333332
29.0,105.0,4.8,4,10.0
29.0,105.5,5.4,9,19.64622222222222
29.0,107.0,4.2,1,10.0
29.0,109.5,4.0,1,10.0
29.0,110.0,4.2,1,39.7
29.0,127.0,4.7,3,25.333333333333332
29.0,128.0,4.9,11,146.87181818181818
29.0,128.5,5.7,25,59.7816
29.0,129.0,4.9,19,52.35631578947368
29.0,129.5,5.5,50,40.4778
29.0,130.0,6.8,75,50.268
29.0,130.5,5.7,97,33.716896907216494
29.0,131.0,5.9,32,26.5985
29.0,131.5,5.4,8,33.1125
29.0,132.0,5.1,11,19.87272727272727
29.0,132.5,4.2,1,25.0
29.0,138.0,4.6,3,479.5666666666666
29.0,138.5,4.5,4,503.0775
29.0,139.0,6.7,24,460.6479166666666
29.0,139.5,7.4,83,421.2598313253012
29.0,140.0,4.4,17,328.99823529411765
29.0,140.5,5.7,20,141.427
29.0,141.0,5.2,16,66.78875000000001
29.0,141.5,5.1,13,42.37230769230769
29.0,142.0,5.9,38,30.790499999999998
29.0,142.5,5.4,125,26.118063999999997
29.0,143.0,5.1,20,25.9035
29.0,143.5,5.2,9,19.651111111111113
29.0,144.0,4.1,1,10.0
29.0,144.5,4.5,1,13.48
29.0,180.0,4.9,1,10.0
29.5,-116.5,5.2,1,10.0
29.5,-116.0,3.96,1,5.842
29.5,-115.0,3.7,1,10.0
29.5,-114.5,4.3,1,5.457
29.5,-114.0,5.8,26,9.807692307692308
29.5,-113.5,6.2,11,10.0
29.5,-113.0,4.9,4,10.0
29.5,-112.5,3.8,1,10.0
29.5,-107.0,3.8,1,5.0
29.5,-104.0,3.6,3,5.0
29.5,-102.5,4.0,2,15.175
29.5,-97.5,3.1,52,3.7690695737596154
29.5,-97.0,3.1,5,5.9498463542
29.5,-88.5,2.9,1,0.9
29.5,-67.5,4.1,1,6.76
29.5,-43.5,4.7,2,10.0
29.5,-43.0,4.9,16,10.0
29.5,-42.5,4.9,6,10.0
29.5,-42.0,3.7,1,10.0
29.5,-18.0,2.5,1,0.0
29.5,-17.0,3.9,3,36.833333333333336
29.5,-16.5,3.3,1,33.0
29.5,-16.0,2.9,2,46.45
29.5,-15.0,3.1,2,0.0
29.5,-14.5,3.3,2,5.0
29.5,31.0,4.5,8,17.225
29.5,31.5,4.3,5,14.6
29.5,32.0,4.4,2,10.0
29.5,32.5,4.2,3,17.099999999999998
29.5,34.0,4.6,2,10.0
29.5,34.5,5.7,6,11.0
29.5,35.0,4.5,13,10.146153846153847
29.5,36.0,4.1,3,8.333333333333334
29.5,43.5,3.7,1,10.0
29.5,47.5,4.4,1,15.07
29.5,48.0,4.2,1,11.4
29.5,49.0,3.9,1,24.5
29.5,50.0,3.9,2,33.0
29.5,50.5,5.0,32,16.190625
29.5,51.0,5.4,67,23.002985074626867
29.5,51.5,5.9,83,21.417710843373495
29.5,52.0,6.2,77,27.212987012987014
29.5,52.5,5.2,13,23.50769230769231
29.5,53.0,4.4,5,18.0
29.5,53.5,4.5,1,30.0
29.5,56.5,4.1,1,100.0
29.5,57.0,4.6,6,56.031666666666666
29.5,57.5,4.6,1,10.0
29.5,58.5,4.4,3,13.733333333333334
29.5,60.5,4.4,1,33.0
29.5,61.0,4.2,1,33.0
29.5,63.5,4.5,1,35.6
29.5,64.0,5.6,1,125.3
29.5,64.5,4.7,1,93.6
29.5,66.0,4.4,4,33.0
29.5,66.5,5.0,5,20.724
29.5,67.0,4.6,3,33.0
29.5,67.5,5.2,14,21.33857142857143
29.5,68.0,4.7,30,28.055
29.5,68.5,5.4,60,31.34333333333333
29.5,69.0,5.7,9,21.244444444444444
29.5,69.5,5.2,9,26.947777777777777
29.5,70.0,5.2,15,18.057333333333336
29.5,70.5,5.6,7,20.195714285714285
29.5,77.0,4.1,1,207.6
29.5,77.5,4.0,1,10.0
29.5,78.5,3.7,1,10.0
29.5,79.0,3.9,1,33.0
29.5,80.0,5.1,1,33.0
29.5,80.5,4.8,15,33.093333333333334
29.5,81.0,5.7,27,16.72259259259259
29.5,81.5,5.6,44,26.57106818181818
29.5,82.0,5.5,13,32.75092307692308
29.5,83.5,4.3,2,21.5
29.5,84.5,4.6,2,40.0
29.5,85.5,5.2,3,17.666666666666668
29.5,86.0,5.5,2,6.85
29.5,86.5,4.0,1,15.43
29.5,87.0,4.6,4,23.825
29.5,87.5,4.2,2,21.5
29.5,88.0,4.4,7,20.922857142857143
29.5,88.5,3.7,1,10.0
29.5,89.0,3.5,1,77.3
29.5,89.5,5.3,3,80.2
29.5,90.0,6.1,5,33.504000000000005
29.5,90.5,5.2,26,11.573076923076922
29.5,92.0,4.5,2,22.5
29.5,92.5,4.8,3,28.266666666666666
29.5,94.0,5.1,1,10.0
29.5,95.0,4.7,5,24.2
29.5,95.5,5.6,10,22.934
29.5,96.0,4.5,2,30.155
29.5,96.5,4.8,2,34.0
29.5,97.0,4.9,3,27.8
29.5,97.5,4.5,2,42.35
29.5,98.0,4.4,1,80.9
29.5,98.5,4.0,1,10.0
29.5,99.0,5.1,4,32.4425
29.5,99.5,4.2,1,35.0
29.5,100.0,4.9,1,14.0
29.5,101.0,5.6,8,36.8125
29.5,101.5,4.5,1,10.0
29.5,102.0,6.6,22,16.367045454545455
29.5,102.5,4.8,7,15.082714285714287
29.5,103.0,5.3,8,15.8125
29.5,103.5,4.7,1,10.0
29.5,104.0,5.0,8,12.875
29.5,104.5,4.9,11,12.225727272727273
29.5,105.0,5.0,13,15.427692307692308
29.5,105.5,4.9,25,26.996
29.5,106.0,4.3,3,26.96666666666667
29.5,107.5,4.2,1,6.7
29.5,108.0,5.1,1,10.0
29.5,115.0,3.5,1,33.0
29.5,115.5,5.2,5,9.068000000000001
29.5,128.0,5.1,5,77.566
29.5,128.5,5.6,18,83.63722222222222
29.5,129.0,5.7,13,60.82923076923077
29.5,129.5,6.0,55,42.063818181818185
29.5,130.0,6.1,41,47.827365853658534
29.5,130.5,6.1,156,39.70619230769231
29.5,131.0,4.7,17,33.432352941176475
29.5,131.5,6.4,16,27.429375
29.5,132.0,6.1,14,21.442
29.5,137.5,6.5,3,509.3
29.5,138.0,5.0,6,497.1333333333334
29.5,138.5,5.2,20,470.47349999999994
29.5,139.0,6.3,34,411.04514705882355
29.5,139.5,5.4,33,387.47433333333333
29.5,140.0,5.6,21,50.36952380952381
29.5,140.5,6.4,28,50.846428571428575
29.5,141.0,5.6,61,64.8961475409836
29.5,141.5,5.1,28,38.69
29.5,142.0,5.5,90,30.12988888888889
29.5,142.5,5.8,66,22.98242424242424
29.5,143.0,5.3,28,26.928571428571427
29.5,143.5,4.6,6,22.166666666666668
30.0,-116.5,4.3,3,4.455
30.0,-116.0,3.8,2,12.120999999999999
30.0,-115.5,4.4,2,4.2125
30.0,-114.5,5.5,20,16.30125
30.0,-114.0,5.3,87,9.790632183908045
30.0,-113.5,5.2,21,10.147142857142857
30.0,-113.0,4.3,2,10.0
30.0,-109.5,3.5,1,5.0
30.0,-109.0,4.0,1,10.0
30.0,-105.5,3.1,2,10.870000000000001
30.0,-105.0,2.5,1,17.78
30.0,-104.5,3.7,2,2.5122273763
30.0,-103.5,3.6,3,6.666666666666667
30.0,-96.5,2.3,1,0.0
30.0,-88.0,3.5,2,8.0
30.0,-80.0,3.3,1,10.0
30.0,-74.0,4.4,1,19.04
30.0,-43.0,6.0,12,10.0
30.0,-42.5,5.7,20,9.9765
30.0,-42.0,5.2,17,10.0
30.0,-41.5,4.7,2,10.0
30.0,-34.0,4.3,1,10.0
30.0,-16.5,3.3,1,5.0
30.0,-16.0,3.1,1,69.8
30.0,-15.0,3.1,1,68.9
30.0,30.5,4.3,2,8.1
30.0,31.0,5.8,3,18.966666666666665
30.0,31.5,4.5,6,10.0
30.0,32.0,4.5,2,10.0
30.0,32.5,4.2,3,10.0
30.0,34.0,3.7,3,10.0
30.0,34.5,3.8,1,9.0
30.0,35.0,4.1,1,10.0
30.0,36.0,3.4,1,10.0
30.0,36.5,3.0,1,10.0
30.0,47.5,4.1,1,10.0
30.0,48.0,4.2,3,10.0
30.0,49.5,4.1,1,40.0
30.0,50.0,4.4,6,37.25
30.0,50.5,5.8,38,15.878947368421052
30.0,51.0,5.4,47,23.495744680851065
30.0,51.5,5.3,26,26.411538461538463
30.0,52.0,5.4,14,24.292857142857144
30.0,53.0,4.6,1,33.0
30.0,53.5,3.8,1,33.0
30.0,54.5,4.0,1,6.5
30.0,56.0,4.7,1,33.0
30.0,56.5,4.3,3,10.666666666666666
30.0,57.5,6.6,29,20.29241379310345
30.0,58.0,4.1,4,10.25
30.0,59.5,4.6,1,14.1
30.0,60.5,5.0,5,22.18
30.0,61.0,5.3,2,33.0
30.0,64.0,4.7,1,10.0
30.0,65.5,4.8,1,33.0
30.0,66.5,4.9,7,21.59142857142857
30.0,67.0,4.7,5,22.6
30.0,67.5,5.4,41,20.204634146341462
30.0,68.0,7.1,163,29.642404907975465
30.0,68.5,5.1,24,31.792083333333334
30.0,69.0,4.8,3,27.666666666666668
30.0,69.5,5.7,32,29.3428125
30.0,70.0,4.9,21,18.377142857142857
30.0,70.5,4.7,10,22.283
30.0,72.5,4.3,2,23.85
30.0,76.0,4.6,1,16.02
30.0,77.0,4.5,1,53.7
30.0,78.0,3.8,1,10.0
30.0,79.0,4.8,2,21.5
30.0,79.5,4.9,8,26.325
30.0,80.0,4.8,17,26.345882352941175
30.0,80.5,5.6,20,24.6297
30.0,81.0,4.9,4,49.95
30.0,81.5,4.7,8,23.2
30.0,82.0,5.3,5,28.32
30.0,82.5,4.9,2,22.5
30.0,83.0,4.2,6,18.0
30.0,83.5,4.7,17,21.25294117647059
30.0,84.0,4.2,3,25.333333333333332
30.0,85.5,4.5,4,23.6
30.0,86.0,4.5,5,35.94
30.0,86.5,4.6,3,25.333333333333332
30.0,87.0,4.4,2,23.95
30.0,87.5,4.9,7,16.774285714285714
30.0,88.0,5.9,115,31.44382608695652
30.0,88.5,5.2,10,30.7
30.0,89.0,4.8,1,15.1
30.0,89.5,4.3,5,9.74
30.0,90.0,4.7,5,23.8
30.0,90.5,6.3,29,17.02413793103448
30.0,91.0,4.6,1,24.5
30.0,92.0,5.0,7,24.255714285714284
30.0,92.5,4.4,2,33.0
30.0,93.0,4.7,2,23.45
30.0,94.0,4.8,1,33.0
30.0,94.5,4.2,2,21.5
30.0,95.0,6.4,35,21.996285714285715
30.0,95.5,5.0,6,24.618333333333336
30.0,96.0,4.6,4,27.25
30.0,96.5,3.9,2,33.0
30.0,97.0,4.4,9,27.741111111111113
30.0,97.5,4.8,3,46.73333333333333
30.0,98.0,5.7,21,17.676666666666666
30.0,98.5,4.6,2,21.5
30.0,99.0,5.0,4,31.05
30.0,99.5,5.3,18,18.64
30.0,100.0,4.6,4,12.925
30.0,102.0,5.6,8,11.65
30.0,102.5,4.9,3,17.666666666666668
30.0,103.0,5.1,17,14.229411764705883
30.0,103.5,4.4,1,10.0
30.0,104.0,4.7,1,10.0
30.0,105.0,4.6,2,10.0
30.0,108.0,4.6,5,20.48
30.0,114.5,4.1,1,10.0
30.0,116.0,4.3,1,10.0
30.0,122.5,4.0,1,10.0
30.0,127.5,4.8,2,30.1
30.0,128.0,4.3,3,132.53333333333333
30.0,128.5,4.3,3,195.01666666666665
30.0,129.0,5.6,9,176.5282222222222
30.0,129.5,5.4,8,150.92362500000002
30.0,130.0,5.2,13,66.70053846153846
30.0,130.5,5.7,24,63.51958333333334
30.0,131.0,5.5,104,34.27434615384615
30.0,131.5,5.2,21,35.06666666666666
30.0,132.0,5.9,12,27.233333333333334
30.0,132.5,4.8,6,31.03333333333333
30.0,133.0,4.6,2,21.5
30.0,137.0,4.6,4,509.05
30.0,137.5,4.9,4,514.4925000000001
30.0,138.0,4.9,3,485.7333333333333
30.0,138.5,5.7,65,430.1001692307692
30.0,139.0,6.5,111,411.01376576576575
30.0,139.5,4.6,24,335.28375
30.0,140.0,6.1,22,105.37954545454545
30.0,140.5,4.8,14,107.2785
30.0,141.0,5.9,15,78.80133333333333
30.0,141.5,4.7,12,38.51525
30.0,142.0,6.0,67,25.080492537313432
30.0,142.5,5.0,42,25.815952380952382
30.0,143.0,4.9,22,20.047272727272727
30.0,143.5,4.2,1,8.33
30.5,-117.5,3.14,2,2.468
30.5,-117.0,3.3,2,5.420999999999999
30.5,-116.5,4.2,2,5.2355
30.5,-116.0,3.8,5,7.5794
30.5,-115.5,4.5,6,7.704166666666667
30.5,-115.0,3.68,2,5.9495000000000005
30.5,-114.5,5.4,22,10.7395
30.5,-114.0,5.3,58,10.337586206896553
30.5,-113.5,4.4,10,10.0
30.5,-113.0,3.43,1,5.961
30.5,-109.5,3.5,1,5.0
30.5,-109.0,4.1,5,11.968
30.5,-106.0,4.0,7,9.142857142857142
30.5,-105.5,4.4,14,9.05
30.5,-105.0,4.0,2,8.6860555015
30.5,-104.5,2.9,3,4.446356879333334
30.5,-104.0,2.1,2,8.10675049
30.5,-103.5,5.7,32,9.532233632375
30.5,-98.5,2.4,1,3.986124674
30.5,-98.0,2.9,1,5.0
30.5,-90.5,3.0,1,5.0
30.5,-43.0,3.6,1,10.0
30.5,-42.5,4.0,1,10.0
30.5,-42.0,5.7,30,10.32
30.5,-41.5,4.9,14,10.0
30.5,-41.0,5.0,2,10.0
30.5,-40.5,4.7,1,10.0
30.5,-15.0,3.5,1,10.0
30.5,-10.0,4.4,2,10.0
30.5,-9.5,4.4,3,12.040000000000001
30.5,-6.5,3.9,1,33.0
30.5,28.5,4.5,1,13.94
30.5,31.5,3.9,1,10.0
30.5,32.0,4.6,2,10.0
30.5,33.0,3.8,1,10.0
30.5,35.0,4.3,2,10.0
30.5,35.5,4.1,1,20.0
30.5,48.0,4.2,1,10.0
30.5,49.5,4.7,6,22.416666666666668
30.5,50.0,5.6,31,29.29064516129032
30.5,50.5,5.2,49,23.783265306122445
30.5,51.0,5.4,17,21.577058823529413
30.5,51.5,5.3,10,19.841
30.5,52.0,4.7,8,13.5
30.5,52.5,4.3,1,33.0
30.5,54.0,4.0,1,33.0
30.5,56.5,4.8,9,16.41888888888889
30.5,57.0,5.2,29,13.569655172413793
30.5,57.5,6.1,43,15.659069767441862
30.5,59.0,3.8,2,21.5
30.5,60.5,4.3,3,10.0
30.5,66.5,5.5,13,16.08923076923077
30.5,67.0,4.6,5,13.180000000000001
30.5,67.5,6.4,99,13.486262626262628
30.5,68.0,5.2,32,26.521875
30.5,68.5,4.7,4,21.5
30.5,69.0,4.7,4,29.025
30.5,69.5,5.0,12,19.31833333333333
30.5,70.0,5.3,12,25.439999999999998
30.5,70.5,4.6,10,24.668
30.5,71.0,4.8,2,21.5
30.5,72.0,4.6,1,25.6
30.5,77.0,3.7,1,42.1
30.5,78.0,3.6,3,22.666666666666668
30.5,78.5,4.8,7,26.403142857142857
30.5,79.0,5.1,17,27.64764705882353
30.5,79.5,6.6,25,21.408
30.5,80.0,4.2,3,17.666666666666668
30.5,80.5,5.0,12,44.33583333333333
30.5,81.0,4.2,5,52.760000000000005
30.5,81.5,5.6,13,30.77692307692308
30.5,82.0,4.9,3,30.53333333333333
30.5,82.5,4.0,2,18.95
30.5,83.0,4.6,33,15.582727272727274
30.5,83.5,6.3,70,16.162285714285712
30.5,84.0,5.2,18,29.633333333333333
30.5,84.5,4.6,1,15.1
30.5,85.0,4.6,4,18.35
30.5,85.5,4.3,2,21.5
30.5,86.0,4.7,5,31.04
30.5,86.5,4.9,6,44.0
30.5,87.0,5.0,3,17.666666666666668
30.5,87.5,5.8,16,11.74875
30.5,88.0,5.1,27,29.164074074074072
30.5,88.5,4.3,4,33.0
30.5,89.0,4.8,1,33.0
30.5,89.5,4.8,2,30.4
30.5,90.0,4.7,1,33.0
30.5,90.5,4.7,2,33.0
30.5,94.5,4.9,13,19.48
30.5,95.0,5.1,98,22.725102040816324
30.5,95.5,3.6,1,10.0
30.5,96.0,4.5,1,10.0
30.5,96.5,4.6,4,27.25
30.5,97.0,5.2,20,33.223
30.5,97.5,4.5,5,36.86
30.5,98.0,4.8,2,21.5
30.5,98.5,4.6,1,27.0
30.5,99.0,4.9,4,21.375
30.5,99.5,5.4,4,15.75
30.5,100.0,4.6,2,10.0
30.5,101.5,5.9,3,9.666666666666666
30.5,102.0,4.1,1,10.0
30.5,103.0,6.6,47,15.350851063829788
30.5,103.5,4.8,11,14.945454545454545
30.5,104.0,4.8,1,10.0
30.5,104.5,4.1,1,24.0
30.5,105.5,5.1,1,10.0
30.5,107.5,4.4,1,14.99
30.5,108.0,3.6,1,10.0
30.5,108.5,4.2,2,16.9
30.5,110.5,4.2,1,16.62
30.5,111.0,4.2,1,10.0
30.5,112.0,4.0,1,35.0
30.5,117.0,4.9,1,10.0
30.5,127.5,3.9,1,33.0
30.5,128.0,4.9,1,10.0
30.5,128.5,4.5,2,177.85
30.5,129.0,5.6,5,120.85999999999999
30.5,129.5,4.5,3,170.298
30.5,130.0,5.5,5,95.38
30.5,130.5,5.7,18,64.76861111111111
30.5,131.0,6.6,74,41.742486486486484
30.5,131.5,5.2,61,31.14918032786885
30.5,132.0,5.6,29,19.20758620689655
30.5,132.5,5.8,28,18.26117857142857
30.5,133.0,4.9,12,16.925
30.5,137.0,5.1,5,500.28000000000003
30.5,137.5,6.3,24,481.401375
30.5,138.0,5.9,34,451.29205882352943
30.5,138.5,5.9,111,427.4751171171171
30.5,139.0,5.7,28,364.8710714285714
30.5,139.5,4.4,2,447.51
30.5,140.0,4.8,24,77.17508333333333
30.5,140.5,4.9,32,70.3053125
30.5,141.0,4.8,21,48.41466666666666
30.5,141.5,6.0,44,29.429318181818186
30.5,142.0,6.1,101,22.879108910891087
30.5,142.5,5.1,34,24.937058823529412
30.5,143.0,5.3,19,22.086315789473684
30.5,143.5,4.4,2,23.93
30.5,144.5,4.2,1,10.0
31.0,-137.5,4.4,1,10.0
31.0,-120.0,4.23,1,5.783
31.0,-119.5,6.3,2,11.5
31.0,-118.0,2.7,1,-0.519
31.0,-117.5,3.93,1,5.96
31.0,-117.0,3.9,10,5.9296999999999995
31.0,-116.5,6.2,27,7.147703703703704
31.0,-116.0,4.8,79,6.222810126582278
31.0,-115.5,4.6,173,6.345173410404624
31.0,-115.0,4.1,7,6.2509999999999994
31.0,-114.5,4.8,7,8.831857142857142
31.0,-114.0,5.2,18,8.083555555555556
31.0,-113.5,4.2,2,7.9805
31.0,-113.0,4.4,1,10.0
31.0,-110.5,4.5,1,5.0
31.0,-109.5,3.7,2,14.77
31.0,-106.0,4.6,5,9.0
31.0,-105.5,3.9,13,9.387995668076924
31.0,-105.0,3.1,3,5.280834961
31.0,-104.5,2.6,2,9.23728434
31.0,-104.0,2.9,12,5.56346842437
31.0,-103.5,3.6,293,4.202128489612115
31.0,-103.0,3.3,95,4.157549059467368
31.0,-101.0,2.1,1,2.029744466
31.0,-97.0,2.7,1,5.0
31.0,-91.0,3.0,1,0.4
31.0,-87.5,4.8,8,6.25
31.0,-87.0,3.8,9,5.57
31.0,-65.0,4.7,3,10.0
31.0,-47.5,4.6,1,10.0
31.0,-42.0,5.3,3,9.99
31.0,-41.5,5.9,50,10.168
31.0,-41.0,4.7,9,10.0
31.0,-39.5,4.4,1,19.5
31.0,-16.5,3.8,1,0.0
31.0,-16.0,4.1,1,47.3
31.0,-9.0,2.9,1,10.0
31.0,-8.5,4.2,2,15.0
31.0,-7.5,3.9,2,5.0
31.0,15.5,3.7,1,10.0
31.0,35.0,2.9,2,5.5
31.0,35.5,4.5,5,9.4
31.0,36.0,2.7,2,10.0
31.0,39.5,3.5,1,17.0
31.0,46.0,4.6,2,33.0
31.0,47.5,4.3,1,23.1
31.0,48.0,3.7,1,26.6
31.0,48.5,4.0,1,10.0
31.0,49.0,4.0,1,14.0
31.0,49.5,4.8,14,19.754285714285714
31.0,50.0,5.3,36,20.855555555555554
31.0,50.5,4.7,8,24.9375
31.0,51.0,5.1,13,23.85230769230769
31.0,51.5,5.4,17,22.21764705882353
31.0,52.0,4.9,2,35.75
31.0,53.5,4.1,1,8.0
31.0,55.0,5.0,1,10.0
31.0,56.0,4.7,2,18.05
31.0,56.5,5.0,21,13.466666666666667
31.0,57.0,6.4,46,12.054347826086957
31.0,57.5,6.0,17,12.358823529411765
31.0,59.5,4.3,1,10.29
31.0,60.0,4.1,2,21.5
31.0,60.5,6.3,12,13.416666666666666
31.0,66.5,4.7,3,16.69666666666667
31.0,67.0,5.6,4,26.125
31.0,67.5,4.0,6,29.5
31.0,68.0,4.3,7,28.181428571428572
31.0,68.5,4.8,1,10.0
31.0,69.5,4.1,5,24.2
31.0,70.0,5.8,20,22.185499999999998
31.0,70.5,4.0,2,30.0
31.0,73.0,4.4,2,21.5
31.0,73.5,4.0,1,33.0
31.0,74.0,3.9,2,10.0
31.0,74.5,4.2,1,43.5
31.0,76.5,4.2,1,33.0
31.0,77.5,4.5,2,33.0
31.0,78.0,5.1,14,26.264285714285712
31.0,78.5,5.1,10,23.8588
31.0,79.0,6.8,9,32.62222222222223
31.0,79.5,4.5,1,10.0
31.0,80.0,3.5,1,35.0
31.0,80.5,4.8,3,24.30333333333333
31.0,81.0,5.6,5,26.139999999999997
31.0,81.5,4.2,1,33.0
31.0,82.0,3.5,1,94.0
31.0,82.5,4.6,3,10.0
31.0,83.0,4.4,6,13.286333333333333
31.0,83.5,6.7,58,14.439655172413794
31.0,84.0,4.1,1,10.0
31.0,84.5,4.2,2,42.05
31.0,86.0,5.8,3,18.8
31.0,86.5,5.4,19,24.26842105263158
31.0,87.0,4.7,7,29.714285714285715
31.0,87.5,3.9,3,17.666666666666668
31.0,88.0,4.9,5,44.624
31.0,89.5,4.2,1,33.0
31.0,90.0,4.5,4,33.0
31.0,90.5,5.9,5,33.0
31.0,91.5,5.1,1,33.0
31.0,92.5,4.2,1,29.39
31.0,94.5,4.2,1,33.0
31.0,95.0,4.3,3,17.666666666666668
31.0,95.5,5.2,4,33.0
31.0,96.0,5.0,2,10.0
31.0,96.5,4.7,2,28.700000000000003
31.0,97.0,4.5,1,10.0
31.0,98.0,4.1,1,10.0
31.0,98.5,4.7,6,28.251666666666665
31.0,99.0,4.7,1,1.0
31.0,99.5,5.4,2,20.5
31.0,100.0,5.3,3,25.333333333333332
31.0,100.5,4.2,1,84.0
31.0,101.0,4.3,2,10.0
31.0,101.5,4.6,1,33.0
31.0,102.5,4.2,1,10.0
31.0,103.0,5.8,13,12.286153846153846
31.0,103.5,7.9,188,12.291063829787232
31.0,104.0,4.9,59,11.64457627118644
31.0,104.5,4.8,4,10.01
31.0,105.0,4.8,1,10.0
31.0,105.5,3.8,1,10.0
31.0,110.0,4.2,3,15.21
31.0,110.5,5.1,10,12.981
31.0,111.0,5.1,4,23.177500000000002
31.0,111.5,4.2,1,10.743
31.0,113.5,5.0,1,10.0
31.0,117.5,3.3,1,10.0
31.0,128.0,4.7,1,10.0
31.0,128.5,4.7,5,10.0
31.0,129.0,6.7,19,13.054736842105262
31.0,129.5,4.9,8,50.515
31.0,130.0,6.2,24,148.04091666666667
31.0,130.5,5.3,66,152.71342424242422
31.0,131.0,6.0,14,50.47571428571428
31.0,131.5,5.7,81,38.88504938271605
31.0,132.0,4.9,16,27.5675
31.0,132.5,5.5,5,35.524
31.0,133.0,4.0,2,48.1
31.0,133.5,4.4,3,31.833333333333332
31.0,135.5,5.3,1,502.2
31.0,136.0,4.5,1,501.6
31.0,137.0,4.7,5,486.566
31.0,137.5,5.5,11,483.6263636363637
31.0,138.0,4.8,14,381.5864285714286
31.0,138.5,5.2,31,389.8141935483871
31.0,139.0,4.5,11,221.01981818181818
31.0,139.5,4.9,12,120.90333333333332
31.0,140.0,5.5,27,102.54407407407408
31.0,140.5,6.2,19,75.22105263157896
31.0,141.0,5.0,28,53.93821428571429
31.0,141.5,6.0,82,30.465
31.0,142.0,6.3,202,22.242772277227722
31.0,142.5,5.5,102,18.88607843137255
31.0,143.0,6.2,34,24.203529411764706
31.0,143.5,4.2,1,38.45
31.5,-133.5,6.0,1,10.0
31.5,-119.5,4.6,12,6.755916666666667
31.5,-118.5,5.0,1,10.0
31.5,-118.0,3.0,2,5.636
31.5,-117.5,3.5,3,6.3453333333333335
31.5,-117.0,3.9,53,7.359622641509434
31.5,-116.5,4.41,42,6.854880952380953
31.5,-116.0,5.27,572,6.228531468531468
31.5,-115.5,5.12,538,7.267518587360595
31.5,-115.0,4.36,31,5.970483870967742
31.5,-114.5,5.49,84,9.242916666666666
31.5,-114.0,4.6,10,8.0738
31.5,-113.5,4.0,2,7.9805
31.5,-109.0,3.7,5,13.186000000000002
31.5,-108.5,3.6,7,17.62857142857143
31.5,-106.0,2.9,3,1.6666666666666667
31.5,-105.0,2.6,4,7.33031209325
31.5,-104.5,4.9,3833,6.729156705975216
31.5,-104.0,5.4,2713,7.074399302614161
31.5,-103.5,3.2,163,4.0663439566796935
31.5,-103.0,3.2,17,3.7123029641764704
31.5,-102.5,2.8,1,5.0
31.5,-102.0,2.0,2,7.3119710285
31.5,-95.0,3.1,2,6.302714030000001
31.5,-94.0,3.3,3,5.0
31.5,-89.5,2.14,1,0.0
31.5,-88.5,3.7,1,5.0
31.5,-87.5,2.5,1,3.3
31.5,-66.0,3.9,1,10.0
31.5,-64.0,4.3,1,4.527
31.5,-42.0,4.6,2,10.0
31.5,-41.5,4.5,1,10.0
31.5,-41.0,6.1,33,10.355757575757575
31.5,-40.5,5.4,16,10.7475
31.5,-17.0,4.2,1,0.0
31.5,-10.0,3.9,1,30.0
31.5,-9.5,4.2,1,16.7
31.5,-9.0,4.0,1,33.9
31.5,-7.5,3.8,2,21.5
31.5,-7.0,3.8,2,5.0
31.5,-6.0,4.0,1,0.0
31.5,-4.5,5.6,2,27.1
31.5,-3.5,4.2,2,10.0
31.5,11.5,4.0,1,10.0
31.5,16.0,4.3,1,10.0
31.5,21.5,4.0,1,10.0
31.5,25.0,4.3,1,10.0
31.5,27.5,5.5,1,10.0
31.5,29.0,4.3,1,10.0
31.5,30.0,4.0,1,10.0
31.5,35.5,5.3,7,12.385714285714286
31.5,46.0,4.4,6,13.4
31.5,46.5,3.9,1,33.0
31.5,47.0,4.5,1,10.0
31.5,47.5,3.7,1,36.0
31.5,48.0,4.6,5,22.66
31.5,48.5,4.2,2,6.5
31.5,49.0,4.7,10,24.580000000000002
31.5,49.5,4.9,33,26.42060606060606
31.5,50.0,4.9,32,18.803125
31.5,50.5,5.2,12,21.900000000000002
31.5,51.0,5.2,26,18.781923076923075
31.5,51.5,4.2,2,21.5
31.5,52.5,4.6,2,10.0
31.5,54.5,4.2,1,33.0
31.5,55.5,4.8,2,24.7
31.5,56.0,4.3,6,10.333333333333334
31.5,56.5,5.3,11,19.509090909090908
31.5,57.0,5.2,7,30.957142857142856
31.5,59.5,5.0,4,33.0
31.5,60.0,5.3,6,18.794999999999998
31.5,63.5,4.6,1,33.0
31.5,66.5,4.0,1,10.0
31.5,67.0,5.5,8,21.355
31.5,68.5,4.6,1,33.0
31.5,69.0,4.2,1,33.0
31.5,70.0,5.4,12,23.7175
31.5,70.5,4.5,1,53.6
31.5,72.0,4.1,3,26.766666666666666
31.5,73.0,4.4,2,34.25
31.5,73.5,5.2,6,42.416666666666664
31.5,74.0,4.3,3,44.910000000000004
31.5,74.5,4.5,2,55.065
31.5,76.0,4.5,2,35.555
31.5,76.5,4.4,2,36.665
31.5,77.0,4.7,7,26.900000000000002
31.5,77.5,4.9,7,23.728571428571428
31.5,78.0,4.5,9,26.177777777777777
31.5,78.5,4.7,7,27.3
31.5,79.0,4.9,1,33.0
31.5,80.0,4.6,5,28.919999999999998
31.5,80.5,4.2,5,28.110000000000003
31.5,81.5,4.8,2,22.2
31.5,83.0,4.3,2,10.0
31.5,83.5,4.8,1,33.0
31.5,84.0,4.4,1,33.0
31.5,84.5,4.5,1,33.0
31.5,85.0,4.6,5,20.06
31.5,85.5,4.3,4,42.5
31.5,86.0,4.5,2,63.35
31.5,86.5,5.3,23,21.782608695652176
31.5,87.0,4.3,2,33.0
31.5,87.5,4.2,2,33.0
31.5,88.0,5.5,7,17.017142857142858
31.5,89.5,4.0,1,33.0
31.5,90.5,5.7,6,28.683333333333334
31.5,91.0,5.6,5,32.438
31.5,91.5,4.9,1,13.1
31.5,92.5,4.6,2,19.4
31.5,93.5,4.7,7,19.768571428571427
31.5,94.0,4.1,2,34.21
31.5,94.5,3.8,1,10.0
31.5,95.0,4.9,6,16.76666666666667
31.5,95.5,4.3,2,10.0
31.5,96.0,3.6,1,10.0
31.5,96.5,4.0,1,95.3
31.5,97.0,4.0,2,28.125
31.5,98.0,5.5,3,19.033333333333335
31.5,98.5,4.7,2,21.5
31.5,99.0,4.8,1,39.34
31.5,99.5,4.6,4,25.55
31.5,100.0,4.4,2,10.0
31.5,100.5,4.7,2,21.5
31.5,101.0,5.4,1,42.7
31.5,101.5,4.3,1,10.0
31.5,102.0,4.4,1,10.0
31.5,102.5,4.8,3,26.833333333333332
31.5,103.0,4.8,8,11.4725
31.5,103.5,5.6,53,13.045471698113207
31.5,104.0,5.7,199,12.66427135678392
31.5,104.5,5.7,72,14.43375
31.5,105.0,4.9,5,12.824000000000002
31.5,105.5,4.5,1,10.0
31.5,109.0,4.4,1,30.0
31.5,113.0,4.5,1,10.0
31.5,113.5,4.0,1,10.0
31.5,115.5,4.0,1,14.09
31.5,116.0,4.2,1,15.04
31.5,120.0,4.2,1,10.0
31.5,121.0,5.0,1,10.0
31.5,123.5,5.6,1,33.0
31.5,127.5,4.5,1,10.0
31.5,128.0,4.4,1,49.1
31.5,128.5,4.6,4,10.0
31.5,129.0,5.9,14,14.486428571428572
31.5,129.5,5.3,5,22.012
31.5,130.0,4.8,8,97.54375
31.5,130.5,5.3,30,150.49333333333334
31.5,131.0,4.5,6,92.74383333333333
31.5,131.5,6.0,52,41.564461538461536
31.5,132.0,5.3,31,34.32774193548387
31.5,132.5,4.8,2,21.45
31.5,133.0,4.8,2,21.5
31.5,133.5,5.1,4,32.725
31.5,137.0,4.4,1,459.7
31.5,137.5,5.9,3,301.3666666666667
31.5,138.0,6.8,36,387.6441388888889
31.5,138.5,5.3,30,298.50443333333334
31.5,139.0,4.5,5,172.82
31.5,139.5,4.8,10,134.25799999999998
31.5,140.0,5.7,55,66.37218181818182
31.5,140.5,5.5,50,68.0928
31.5,141.0,5.5,28,49.61271428571428
31.5,141.5,5.9,67,27.513731343283585
31.5,142.0,5.6,97,21.59585567010309
31.5,142.5,4.8,62,16.886451612903226
31.5,143.0,4.7,9,31.330000000000002
31.5,143.5,4.7,2,30.775
31.5,144.0,4.6,1,38.3
32.0,-124.0,3.51,1,9.835
32.0,-121.0,2.49,1,5.783
32.0,-119.0,4.72,8,5.6275
32.0,-118.5,3.01,5,8.9748
32.0,-118.0,3.79,4,6.0920000000000005
32.0,-117.5,4.4,158,8.213082278481012
32.0,-117.0,4.53,201,8.432044776119403
32.0,-116.5,4.49,1039,7.74415688161694
32.0,-116.0,5.32,2714,6.242491156963891
32.0,-115.5,4.86,3315,7.651649472096532
32.0,-115.0,5.7,2306,10.39509540329575
32.0,-114.5,4.71,281,6.051818505338078
32.0,-114.0,2.7,1,5.96
32.0,-113.5,2.2,1,5.961
32.0,-108.0,2.9,1,5.0
32.0,-107.5,3.9,6,5.298333333333333
32.0,-106.5,2.8,2,7.5
32.0,-105.0,3.1,2,5.0
32.0,-104.5,3.2,27,5.548749819185185
32.0,-104.0,3.5,149,7.371419118040269
32.0,-103.5,4.0,49,7.526653247081633
32.0,-103.0,3.2,25,5.1324225262239995
32.0,-102.5,3.6,141,6.546095573794326
32.0,-102.0,5.2,204,7.739798545627549
32.0,-101.5,3.3,18,7.928039551144445
32.0,-101.0,2.5,5,5.624593098999999
32.0,-97.0,2.7,1,5.0
32.0,-94.5,4.8,16,5.089375
32.0,-88.5,3.5,1,5.0
32.0,-88.0,3.3,3,3.3333333333333335
32.0,-65.5,4.4,1,10.0
32.0,-45.5,4.5,1,10.0
32.0,-42.0,4.4,1,10.0
32.0,-41.0,5.3,5,10.0
32.0,-40.5,5.4,27,11.361851851851851
32.0,-40.0,4.9,6,10.0
32.0,-39.5,4.0,1,10.0
32.0,-20.0,4.5,1,0.0
32.0,-17.0,4.2,4,5.0
32.0,-10.5,4.2,1,10.0
32.0,-8.5,1.9,1,10.0
32.0,-6.5,4.1,3,0.0
32.0,-6.0,4.5,5,10.9
32.0,-5.5,4.0,2,1.0
32.0,-3.5,3.9,1,10.0
32.0,-1.5,4.0,1,0.0
32.0,24.5,4.4,1,10.0
32.0,30.0,3.8,2,14.13
32.0,30.5,4.9,2,15.0
32.0,31.0,4.3,3,10.0
32.0,31.5,3.6,1,10.0
32.0,34.0,3.9,1,10.0
32.0,35.0,4.4,2,10.5
32.0,35.5,4.5,6,7.316666666666666
32.0,46.0,4.7,7,14.948571428571428
32.0,47.0,4.5,4,28.55
32.0,47.5,4.4,7,12.647142857142857
32.0,48.0,4.4,4,15.45
32.0,48.5,4.5,13,11.923076923076923
32.0,49.0,5.0,34,24.235294117647058
32.0,49.5,5.6,47,28.002127659574466
32.0,50.0,5.0,23,16.67391304347826
32.0,50.5,5.0,18,30.95555555555556
32.0,51.0,5.4,16,16.50625
32.0,51.5,4.3,1,40.4
32.0,52.0,4.6,4,32.875
32.0,55.0,4.5,4,14.0
32.0,55.5,4.3,3,8.333333333333334
32.0,56.0,5.2,15,13.862666666666666
32.0,56.5,4.6,3,17.666666666666668
32.0,57.5,4.3,2,10.0
32.0,58.5,4.7,3,7.0
32.0,59.0,4.4,2,9.885
32.0,60.0,5.1,13,18.1
32.0,60.5,4.5,3,28.96666666666667
32.0,61.0,4.8,1,18.3
32.0,67.0,4.1,3,17.666666666666668
32.0,67.5,5.0,3,21.256666666666664
32.0,68.0,4.5,2,34.0
32.0,68.5,4.4,2,33.0
32.0,69.0,4.7,6,33.93333333333333
32.0,69.5,5.0,7,39.65428571428571
32.0,70.0,5.4,9,43.763333333333335
32.0,70.5,4.7,8,25.125
32.0,71.0,4.4,2,8.5
32.0,71.5,4.8,1,33.0
32.0,72.0,4.5,6,28.995
32.0,72.5,3.4,1,10.0
32.0,73.0,4.5,2,33.0
32.0,74.5,3.1,1,59.82
32.0,75.0,4.2,1,50.4
32.0,76.5,4.5,2,26.5
32.0,77.0,4.4,4,10.0
32.0,77.5,4.1,1,14.96
32.0,78.0,4.3,1,55.6
32.0,78.5,4.9,8,34.125
32.0,79.0,4.7,1,10.0
32.0,80.5,4.5,1,33.0
32.0,81.5,4.5,1,33.0
32.0,82.0,4.8,1,33.0
32.0,82.5,4.8,3,25.333333333333332
32.0,83.0,4.2,1,33.0
32.0,83.5,4.2,3,20.099999999999998
32.0,84.0,5.1,7,22.057142857142857
32.0,84.5,3.4,1,10.0
32.0,85.0,4.7,15,14.2
32.0,85.5,3.7,1,79.4
32.0,86.5,4.9,1,35.0
32.0,88.0,4.3,1,33.0
32.0,88.5,4.6,3,39.03333333333333
32.0,89.0,3.8,1,33.0
32.0,89.5,4.3,1,10.0
32.0,90.0,3.9,1,72.5
32.0,90.5,4.8,3,29.679999999999996
32.0,92.0,4.8,1,10.0
32.0,92.5,5.5,5,23.48
32.0,93.0,5.7,15,11.752266666666666
32.0,93.5,4.5,2,20.148
32.0,94.0,4.4,1,10.0
32.0,94.5,4.5,8,38.5125
32.0,95.0,5.2,30,25.75766666666667
32.0,95.5,4.4,3,19.386666666666667
32.0,96.0,4.0,1,15.03
32.0,98.0,3.7,1,33.0
32.0,98.5,5.0,1,10.0
32.0,99.5,4.4,2,33.0
32.0,100.5,4.7,2,21.5
32.0,101.0,4.6,2,24.18
32.0,101.5,4.4,3,25.333333333333332
32.0,102.0,4.8,3,10.0
32.0,103.0,4.7,1,10.0
32.0,103.5,4.7,2,10.0
32.0,104.0,5.3,33,11.887878787878789
32.0,104.5,5.7,146,13.52068493150685
32.0,105.0,5.8,91,11.603648351648351
32.0,105.5,4.5,3,13.65
32.0,110.0,4.5,1,21.68
32.0,115.5,3.8,1,10.0
32.0,116.5,3.2,1,33.0
32.0,123.0,4.0,1,33.0
32.0,128.5,4.3,1,33.0
32.0,129.0,5.0,9,21.183333333333334
32.0,129.5,5.1,4,25.049999999999997
32.0,130.0,5.5,11,20.64909090909091
32.0,130.5,6.1,20,35.061
32.0,131.0,5.1,24,71.56625
32.0,131.5,6.7,44,41.95070454545455
32.0,132.0,6.2,49,33.248775510204084
32.0,132.5,4.3,3,31.400000000000002
32.0,133.0,4.4,1,35.0
32.0,134.5,4.6,1,26.32
32.0,135.0,4.1,1,10.0
32.0,136.5,4.3,1,454.6
32.0,137.5,5.0,21,381.6342857142857
32.0,138.0,6.9,52,372.7689230769231
32.0,138.5,5.2,12,182.24666666666667
32.0,139.0,5.5,6,214.36666666666667
32.0,139.5,5.9,31,48.45161290322581
32.0,140.0,4.8,18,85.85944444444445
32.0,140.5,5.8,33,76.80545454545454
32.0,141.0,5.1,37,49.775243243243246
32.0,141.5,5.4,59,29.392847457627116
32.0,142.0,6.2,67,22.80179104477612
32.0,142.5,5.8,37,21.837297297297297
32.0,143.0,4.4,5,24.224
32.0,143.5,5.2,2,10.0
32.5,-119.5,3.14,6,8.073333333333334
32.5,-119.0,2.51,5,5.7804
32.5,-118.5,4.17,34,7.909
32.5,-118.0,4.99,246,7.392418699186992
32.5,-117.5,3.92,291,10.314470790378007
32.5,-117.0,3.94,417,8.968388489208634
32.5,-116.5,4.09,499,9.236492985971944
32.5,-116.0,5.71,12668,6.317021155667825
32.5,-115.5,5.7,12689,7.6817039167783125
32.5,-115.0,5.8,3459,7.089298930326684
32.5,-114.5,2.51,8,6.3313749999999995
32.5,-114.0,2.2,1,5.954
32.5,-113.5,3.5,2,5.483499999999999
32.5,-109.0,5.3,52,5.445192307692308
32.5,-108.0,3.1,1,5.0
32.5,-107.5,3.1,2,5.0
32.5,-107.0,3.0,1,5.0
32.5,-104.5,4.1,35,4.916571428571429
32.5,-104.0,3.1,1,5.0
32.5,-103.5,3.2,5,3.2586
32.5,-103.0,4.6,2,5.0
32.5,-102.0,4.6,144,7.370219308318749
32.5,-101.5,3.9,76,6.889463168772369
32.5,-101.0,2.8,14,6.679498581964286
32.5,-100.5,4.7,64,6.341040929165625
32.5,-97.5,3.5,25,5.0532
32.5,-97.0,4.0,34,5.14714886832353
32.5,-95.0,2.2,1,5.0
32.5,-94.0,3.2,5,7.212000000000001
32.5,-93.5,2.11,1,0.08
32.5,-90.0,3.2,6,4.17
32.5,-88.5,2.1,2,7.68
32.5,-88.0,4.3,8,15.1825
32.5,-87.0,2.4,3,14.653333333333334
32.5,-84.0,2.1,1,17.2
32.5,-82.5,2.5,2,3.35
32.5,-82.0,3.9,2,2.875
32.5,-80.5,1.88,1,6.89
32.5,-80.0,4.0,2,3.15
32.5,-71.0,4.5,1,10.0
32.5,-65.5,4.6,1,10.0
32.5,-42.0,4.4,1,10.0
32.5,-41.0,4.2,1,10.0
32.5,-40.5,5.2,7,10.688571428571427
32.5,-40.0,5.4,32,10.1384375
32.5,-39.5,4.3,1,10.0
32.5,-17.0,5.3,5,19.240000000000002
32.5,-16.5,4.1,3,6.666666666666667
32.5,-15.0,3.2,1,26.7
32.5,-13.5,4.3,2,26.5
32.5,-7.5,3.8,1,17.0
32.5,-6.5,4.0,1,10.0
32.5,-6.0,4.4,2,10.0
32.5,-5.5,4.6,7,10.0
32.5,-5.0,3.7,1,10.0
32.5,-4.5,5.0,2,10.0
32.5,-4.0,4.4,2,34.2
32.5,-3.5,4.4,5,8.6
32.5,-2.5,4.4,1,10.0
32.5,12.0,4.1,1,10.0
32.5,15.0,5.0,1,10.0
32.5,20.5,4.5,2,21.5
32.5,21.0,4.1,3,10.0
32.5,21.5,4.3,1,10.0
32.5,23.0,4.1,1,10.0
32.5,23.5,4.1,1,10.0
32.5,24.0,4.1,1,33.0
32.5,26.5,4.0,1,33.0
32.5,27.5,3.9,1,33.0
32.5,30.0,4.1,1,10.0
32.5,30.5,3.9,1,33.0
32.5,31.0,5.1,3,18.8
32.5,34.5,4.5,2,20.5
32.5,35.5,4.1,4,11.4
32.5,36.0,3.3,1,10.0
32.5,44.0,4.6,1,37.6
32.5,46.0,4.3,2,19.7
32.5,46.5,4.2,2,21.5
32.5,47.0,5.1,46,12.795652173913044
32.5,47.5,6.2,94,16.258787234042554
32.5,48.0,5.7,68,20.41
32.5,48.5,5.2,35,21.27714285714286
32.5,49.0,5.2,29,28.624137931034483
32.5,49.5,5.1,26,17.103846153846153
32.5,50.0,5.5,19,19.96315789473684
32.5,50.5,4.0,1,50.0
32.5,55.5,4.4,5,18.0
32.5,56.0,4.2,3,10.333333333333334
32.5,56.5,4.0,1,10.0
32.5,57.5,4.5,1,10.0
32.5,59.0,4.7,5,15.5
32.5,59.5,4.2,3,27.0
32.5,60.0,5.8,8,19.57625
32.5,60.5,3.7,2,10.0
32.5,61.0,4.2,1,33.0
32.5,68.5,4.2,1,33.0
32.5,69.0,4.7,2,21.5
32.5,69.5,5.7,6,35.53333333333333
32.5,70.0,4.6,5,34.19
32.5,70.5,4.7,2,37.894999999999996
32.5,71.0,4.7,9,30.61111111111111
32.5,71.5,4.6,3,39.53333333333333
32.5,72.0,4.4,2,43.6
32.5,72.5,4.6,2,40.3
32.5,73.0,4.5,1,21.1
32.5,73.5,3.7,1,10.0
32.5,74.0,4.0,1,42.5
32.5,75.5,4.4,1,33.0
32.5,76.0,4.9,12,29.633333333333336
32.5,76.5,4.9,29,25.101724137931036
32.5,77.0,3.9,3,33.0
32.5,78.0,4.7,2,35.2
32.5,78.5,4.6,5,28.5
32.5,79.0,3.6,1,33.0
32.5,79.5,4.4,1,10.0
32.5,80.5,4.4,1,10.0
32.5,81.5,4.2,1,10.0
32.5,82.5,4.4,1,33.0
32.5,83.0,5.2,5,26.580000000000002
32.5,83.5,4.9,4,27.9375
32.5,84.0,4.3,1,18.4
32.5,84.5,3.6,1,10.0
32.5,85.0,6.4,32,13.140625
32.5,85.5,5.5,22,15.72272727272727
32.5,86.0,4.1,2,21.5
32.5,87.0,4.9,2,21.5
32.5,87.5,3.4,1,25.0
32.5,88.0,4.8,3,39.6
32.5,88.5,4.1,2,39.75
32.5,89.0,4.5,5,42.18
32.5,89.5,4.7,3,18.333333333333332
32.5,90.0,4.8,2,39.7
32.5,90.5,4.0,3,19.2
32.5,91.5,5.2,1,10.0
32.5,92.0,5.5,16,26.7175
32.5,92.5,5.7,10,35.089999999999996
32.5,93.0,5.4,13,26.436923076923076
32.5,93.5,5.9,13,28.03846153846154
32.5,94.0,5.1,4,42.175
32.5,94.5,4.4,1,16.403
32.5,95.5,4.4,3,40.53333333333333
32.5,96.0,5.3,4,20.575
32.5,96.5,4.1,3,17.666666666666668
32.5,97.0,4.0,1,10.0
32.5,97.5,4.1,2,21.5
32.5,98.0,3.7,1,33.0
32.5,101.0,3.6,1,33.0
32.5,101.5,4.8,3,22.599999999999998
32.5,102.0,5.9,6,9.523333333333333
32.5,102.5,4.2,2,21.5
32.5,103.5,4.0,1,10.0
32.5,104.0,4.7,4,21.05
32.5,104.5,4.5,6,21.86
32.5,105.0,5.3,115,12.841217391304347
32.5,105.5,6.1,98,11.30704081632653
32.5,106.0,4.6,5,10.0
32.5,106.5,3.9,1,10.0
32.5,110.0,4.3,1,10.0
32.5,110.5,4.8,1,10.0
32.5,117.5,4.4,1,10.0
32.5,121.5,4.5,3,30.3
32.5,123.5,4.0,1,20.3
32.5,129.0,4.1,1,17.9
32.5,130.0,4.7,4,10.575
32.5,130.5,6.0,47,10.911063829787235
32.5,131.0,5.4,27,90.91333333333333
32.5,131.5,5.4,5,86.042
32.5,132.0,6.3,28,43.78832142857143
32.5,132.5,4.8,9,33.87111111111111
32.5,133.0,4.6,1,12.63
32.5,134.0,3.8,1,29.7
32.5,134.5,3.6,1,33.0
32.5,135.0,3.8,1,35.3
32.5,135.5,4.5,2,9.613
32.5,136.0,5.1,2,241.8
32.5,136.5,4.5,2,241.8
32.5,137.0,5.3,6,416.2833333333333
32.5,137.5,5.7,38,380.36815789473684
32.5,138.0,5.8,33,343.6954545454546
32.5,138.5,4.9,9,221.90666666666667
32.5,139.0,5.2,19,182.94052631578947
32.5,139.5,5.2,9,83.19
32.5,140.0,5.5,15,105.378
32.5,140.5,5.7,34,74.41441176470589
32.5,141.0,5.4,32,47.1284375
32.5,141.5,6.4,96,29.923656249999997
32.5,142.0,4.9,74,22.131351351351352
32.5,142.5,5.7,115,15.610713043478261
32.5,143.0,4.7,10,22.8963
32.5,143.5,4.3,2,10.0
33.0,-120.5,2.4,1,5.887
33.0,-120.0,2.58,1,5.886
33.0,-119.5,4.35,8,10.383
33.0,-119.0,4.3,45,6.597755555555556
33.0,-118.5,4.36,155,7.311870967741935
33.0,-118.0,4.52,586,6.6199112627986345
33.0,-117.5,4.06,674,9.011151335311572
33.0,-117.0,4.27,975,10.605020512820513
33.0,-116.5,4.23,14162,9.24834521960175
33.0,-116.0,4.57,11957,7.222898051350673
33.0,-115.5,5.41,28318,5.9515700261317885
33.0,-115.0,2.5,83,4.96910843373494
33.0,-114.5,2.38,4,1.8107499999999999
33.0,-114.0,1.8,1,5.967
33.0,-113.5,0.91,1,5.961
33.0,-109.5,2.8,1,5.0
33.0,-109.0,2.8,2,5.0
33.0,-108.0,2.8,3,10.0
33.0,-106.0,3.0,1,5.0
33.0,-103.5,2.4,1,5.0
33.0,-101.0,4.3,159,4.783592163334592
33.0,-100.5,3.803475183,88,6.828140203354545
33.0,-98.0,3.7,3,4.996666666666667
33.0,-97.5,3.6,29,4.925172413793104
33.0,-97.0,3.6,112,5.561465643017857
33.0,-96.5,2.1,1,5.0
33.0,-93.0,2.6,2,6.325
33.0,-92.5,3.2,10,6.284000000000001
33.0,-91.0,3.7,1,16.35
33.0,-88.0,3.8,28,1.9653571428571428
33.0,-87.5,3.0,1,6.5
33.0,-87.0,3.6,17,6.6782352941176475
33.0,-86.5,2.36,1,4.61
33.0,-86.0,2.9,4,5.945
33.0,-84.0,2.26,1,5.46
33.0,-83.5,3.5,14,4.881428571428572
33.0,-83.0,3.2,10,8.998999999999999
33.0,-82.5,2.42,2,12.935
33.0,-82.0,2.0,1,21.3
33.0,-80.5,2.5,8,9.067499999999999
33.0,-80.0,4.1,268,5.887499999999999
33.0,-68.0,3.6,1,10.0
33.0,-64.5,4.2,1,15.38
33.0,-40.0,5.4,14,10.0
33.0,-39.5,6.0,22,9.954545454545455
33.0,-39.0,4.5,2,10.0
33.0,-17.0,4.0,2,5.0
33.0,-16.5,3.9,1,10.0
33.0,-15.0,3.8,1,1.7
33.0,-14.0,4.3,1,0.0
33.0,-13.0,3.9,3,14.6
33.0,-12.0,3.0,1,10.0
33.0,-7.5,2.7,1,10.0
33.0,-6.5,3.5,1,10.0
33.0,-6.0,3.6,1,0.0
33.0,-5.5,4.7,5,9.6
33.0,-5.0,3.7,2,43.25
33.0,-4.5,2.7,1,10.0
33.0,-3.5,3.9,1,0.0
33.0,-3.0,4.0,1,0.0
33.0,-0.0,4.9,2,10.0
33.0,12.5,4.7,1,10.0
33.0,15.0,4.5,3,10.0
33.0,15.5,4.5,3,11.343333333333334
33.0,21.0,4.8,3,10.0
33.0,23.0,4.4,1,10.0
33.0,23.5,4.5,1,10.0
33.0,24.0,3.7,1,33.0
33.0,26.0,3.8,1,10.0
33.0,27.5,4.2,2,10.0
33.0,32.5,4.8,1,10.0
33.0,33.0,4.3,1,24.4
33.0,34.0,4.3,1,10.0
33.0,34.5,3.2,2,10.0
33.0,35.5,4.0,3,13.133333333333333
33.0,36.0,3.4,1,21.4
33.0,46.0,4.4,10,13.969999999999999
33.0,46.5,5.6,20,24.425
33.0,47.0,5.4,12,28.008333333333336
33.0,47.5,5.4,40,14.127500000000001
33.0,48.0,5.3,24,29.479166666666668
33.0,48.5,4.9,10,28.77
33.0,49.0,4.8,9,21.166666666666668
33.0,49.5,4.8,7,43.15714285714286
33.0,50.0,4.4,1,33.0
33.0,51.0,4.5,1,10.0
33.0,52.0,4.3,1,8.0
33.0,54.5,4.0,1,10.0
33.0,56.0,4.4,2,20.35
33.0,56.5,4.7,2,20.5
33.0,57.0,4.5,3,25.333333333333332
33.0,57.5,4.6,1,33.0
33.0,58.0,4.9,2,26.0
33.0,59.0,4.8,1,19.33
33.0,59.5,4.9,3,16.0
33.0,60.0,5.0,32,12.91875
33.0,60.5,4.9,14,19.021428571428572
33.0,68.0,4.5,3,19.636666666666667
33.0,68.5,5.1,3,30.686666666666667
33.0,69.5,6.0,9,17.68111111111111
33.0,70.0,4.7,3,35.0
33.0,70.5,5.4,4,20.0625
33.0,71.0,4.9,3,33.666666666666664
33.0,71.5,5.0,3,32.71333333333333
33.0,72.0,4.7,4,26.65
33.0,72.5,3.9,1,33.0
33.0,73.0,5.1,6,24.118333333333336
33.0,73.5,4.8,14,18.485000000000003
33.0,74.0,5.4,6,13.833333333333334
33.0,75.0,4.3,2,35.45
33.0,75.5,4.7,12,30.536666666666665
33.0,76.0,5.7,43,31.54753488372093
33.0,76.5,4.6,12,32.47416666666667
33.0,77.0,5.1,5,15.52
33.0,77.5,4.2,1,31.1
33.0,78.0,5.0,4,36.9
33.0,78.5,4.6,3,29.34
33.0,79.0,4.4,2,39.5
33.0,80.5,4.0,1,10.0
33.0,81.5,4.1,2,22.5
33.0,82.0,5.0,6,18.273333333333333
33.0,82.5,4.6,1,33.0
33.0,83.0,4.0,2,22.5
33.0,83.5,5.1,5,14.982
33.0,84.5,5.4,3,17.666666666666668
33.0,85.0,4.6,4,37.036
33.0,85.5,5.2,14,18.02857142857143
33.0,86.0,4.3,1,33.0
33.0,86.5,4.8,5,14.6
33.0,87.0,6.3,16,15.463750000000001
33.0,87.5,4.7,4,24.4
33.0,88.0,5.2,3,33.0
33.0,88.5,4.8,5,33.14
33.0,89.0,4.8,5,37.089999999999996
33.0,89.5,4.0,1,24.3
33.0,90.0,4.4,3,25.400000000000002
33.0,90.5,5.3,12,31.90833333333333
33.0,91.0,3.7,1,33.0
33.0,91.5,4.6,1,35.0
33.0,92.0,5.4,44,18.011363636363637
33.0,92.5,4.6,9,23.833333333333332
33.0,93.0,5.7,7,23.737142857142857
33.0,93.5,4.8,4,27.75
33.0,94.0,5.4,5,29.403999999999996
33.0,94.5,5.2,3,21.5
33.0,95.0,5.9,9,31.38444444444444
33.0,95.5,5.5,9,23.344444444444445
33.0,96.0,5.8,12,18.179166666666664
33.0,96.5,4.6,7,21.728571428571428
33.0,97.0,4.0,1,10.0
33.0,97.5,4.1,2,12.535
33.0,98.0,4.9,2,26.75
33.0,99.0,5.4,6,13.703333333333333
33.0,101.0,4.1,2,13.149999999999999
33.0,101.5,4.6,2,21.5
33.0,102.0,4.5,1,20.9
33.0,103.5,4.8,3,26.266666666666666
33.0,104.0,6.5,10,10.4
33.0,104.5,4.7,5,24.2
33.0,105.0,4.9,11,14.47272727272727
33.0,105.5,6.0,24,11.795833333333334
33.0,106.0,4.2,5,13.3
33.0,107.0,4.2,1,64.0
33.0,108.5,4.6,1,33.0
33.0,111.5,4.7,1,10.0
33.0,112.0,4.4,1,10.0
33.0,116.0,4.6,1,10.0
33.0,119.5,4.9,1,10.0
33.0,121.5,4.2,1,14.03
33.0,123.5,4.7,1,33.0
33.0,126.0,4.6,1,10.0
33.0,130.0,4.7,4,20.6425
33.0,130.5,6.2,23,10.797391304347826
33.0,131.0,7.0,43,19.021860465116276
33.0,131.5,5.5,15,56.739333333333335
33.0,132.0,5.7,13,46.923846153846156
33.0,132.5,4.9,6,37.085
33.0,133.0,4.1,1,40.5
33.0,133.5,4.4,1,29.7
33.0,134.5,4.7,3,15.479999999999999
33.0,135.0,4.4,3,156.46666666666667
33.0,135.5,4.3,1,33.0
33.0,136.0,4.7,7,320.083
33.0,136.5,7.2,28,192.72460714285714
33.0,137.0,7.4,87,104.99781609195402
33.0,137.5,5.4,32,194.227375
33.0,138.0,7.1,63,309.4584126984127
33.0,138.5,6.2,12,233.95000000000002
33.0,139.0,4.9,23,139.85521739130436
33.0,139.5,4.8,52,62.024211538461536
33.0,140.0,4.8,28,115.98860714285715
33.0,140.5,6.6,43,67.43102325581395
33.0,141.0,5.2,54,46.00259259259259
33.0,141.5,6.0,53,28.179433962264152
33.0,142.0,5.6,39,17.210102564102563
33.0,142.5,5.2,102,25.166666666666668
33.0,143.0,4.1,2,22.5
33.5,-124.0,3.9,2,10.0
33.5,-120.5,2.4,1,10.0
33.5,-120.0,4.11,30,5.740733333333334
33.5,-119.5,4.6,43,6.395744186046511
33.5,-119.0,3.98,127,6.840850393700787
33.5,-118.5,4.08,534,5.133640449438202
33.5,-118.0,3.8,912,8.496404605263157
33.5,-117.5,4.73,1237,8.510333872271625
33.5,-117.0,4.41,37181,9.339583739006482
33.5,-116.5,5.42,71414,10.927023076707648
33.5,-116.0,4.11,5718,6.484887897866387
33.5,-115.5,4.77,2154,4.951145311049211
33.5,-115.0,2.0,2,6.048500000000001
33.5,-111.0,3.2,8,5.2075
33.5,-109.5,3.6,2,5.0
33.5,-109.0,3.6,7,5.0
33.5,-106.5,3.5,2,0.0
33.5,-106.0,3.5,2,5.0
33.5,-105.5,3.2,2,10.0
33.5,-98.0,2.1,1,1.442830404
33.5,-97.0,2.7,1,4.69
33.5,-96.5,2.7,2,5.0
33.5,-92.5,3.0,1,5.0
33.5,-91.0,3.1,1,10.0
33.5,-88.5,1.87,1,2.71
33.5,-88.0,3.1,8,4.4325
33.5,-87.5,3.3,12,7.385000000000001
33.5,-87.0,2.6,3,1.6666666666666667
33.5,-86.5,3.0,5,15.968
33.5,-86.0,2.6,11,5.535454545454545
33.5,-84.5,2.1,1,23.31
33.5,-84.0,2.54,5,0.626
33.5,-83.5,2.05,2,1.57
33.5,-83.0,3.5,10,7.873
33.5,-82.5,2.38,8,5.0275
33.5,-82.0,3.2,9,10.97888888888889
33.5,-81.5,3.2,16,4.7275
33.5,-81.0,2.4,4,3.4074999999999998
33.5,-80.5,2.3,1,1.5
33.5,-79.5,2.48,1,5.95
33.5,-39.5,4.5,1,10.0
33.5,-39.0,4.5,2,10.0
33.5,-38.5,5.9,8,10.0
33.5,-38.0,5.1,9,10.0
33.5,-33.5,4.8,1,10.0
33.5,-22.5,3.2,1,10.0
33.5,-20.0,5.1,1,10.0
33.5,-15.0,4.0,1,10.0
33.5,-14.0,3.3,1,10.0
33.5,-13.5,4.5,2,20.0
33.5,-12.5,4.6,3,11.6
33.5,-11.5,4.6,1,13.51
33.5,-7.0,3.4,1,0.0
33.5,-6.0,3.4,2,10.0
33.5,-5.5,4.1,2,7.0
33.5,-5.0,4.3,7,17.19857142857143
33.5,-4.5,4.2,1,10.0
33.5,-4.0,4.3,4,9.65
33.5,-3.5,2.7,1,0.0
33.5,-3.0,4.3,2,23.35
33.5,-2.5,4.4,1,10.0
33.5,11.0,4.4,1,10.0
33.5,13.5,3.5,1,10.0
33.5,14.5,4.1,1,10.0
33.5,15.0,4.1,1,33.0
33.5,19.0,5.2,1,16.034
33.5,23.0,4.2,3,17.666666666666668
33.5,23.5,4.3,3,13.040000000000001
33.5,25.0,4.4,6,16.267333333333333
33.5,25.5,4.5,10,22.987000000000002
33.5,26.0,3.9,3,29.333333333333332
33.5,26.5,4.5,2,8.885
33.5,27.0,4.0,1,33.0
33.5,28.0,4.5,2,32.67
33.5,31.5,4.3,2,16.1
33.5,32.0,3.9,3,30.333333333333332
33.5,32.5,4.4,2,29.0
33.5,33.0,4.5,3,20.793333333333333
33.5,33.5,3.7,2,10.0
33.5,34.5,4.4,6,13.833333333333334
33.5,35.0,3.8,1,32.14
33.5,35.5,5.1,22,4.795454545454546
33.5,36.0,3.7,1,33.0
33.5,36.5,4.1,1,10.0
33.5,37.0,4.9,2,17.75
33.5,45.5,5.5,40,12.028749999999999
33.5,46.0,5.3,31,24.66774193548387
33.5,46.5,4.7,5,39.54
33.5,47.0,4.7,10,25.41
33.5,47.5,4.6,12,19.858333333333334
33.5,48.0,5.2,9,27.6
33.5,48.5,4.9,9,24.322222222222223
33.5,49.0,5.1,20,16.73
33.5,50.5,4.5,1,21.3
33.5,51.0,4.4,1,44.8
33.5,54.5,4.7,2,19.0
33.5,57.0,5.2,8,20.875
33.5,57.5,4.4,1,27.9
33.5,59.0,5.0,4,9.525
33.5,59.5,5.8,4,16.85
33.5,60.0,5.4,17,15.941176470588236
33.5,60.5,4.4,1,12.1
33.5,67.5,3.2,1,98.8
33.5,68.0,4.4,1,10.0
33.5,69.0,4.4,3,31.08
33.5,69.5,5.2,5,45.3
33.5,70.0,4.3,5,36.68
33.5,70.5,4.8,1,41.19
33.5,71.0,4.2,3,27.846666666666664
33.5,71.5,6.3,9,36.330000000000005
33.5,72.0,4.7,6,27.830000000000002
33.5,72.5,5.1,8,23.935
33.5,73.0,4.6,4,26.475749999999998
33.5,73.5,4.7,9,33.574444444444445
33.5,74.0,3.7,1,10.0
33.5,74.5,4.0,1,59.2
33.5,75.0,4.3,3,28.03333333333333
33.5,75.5,5.3,18,31.23
33.5,76.0,5.2,19,35.88573684210526
33.5,76.5,4.6,10,36.54
33.5,77.0,4.7,2,30.15
33.5,78.5,3.6,1,33.0
33.5,80.5,3.9,1,31.5
33.5,81.0,4.5,7,27.8
33.5,81.5,4.9,9,27.567777777777778
33.5,82.0,4.6,9,12.566666666666666
33.5,82.5,5.0,7,26.75714285714286
33.5,83.5,3.5,1,33.0
33.5,84.5,4.6,3,18.333333333333332
33.5,85.5,4.1,1,10.0
33.5,86.0,3.7,1,27.5
33.5,87.0,4.6,3,27.566666666666666
33.5,87.5,5.3,4,24.275
33.5,88.0,4.1,3,10.259333333333332
33.5,88.5,5.3,7,23.5
33.5,89.0,4.7,5,10.5358
33.5,89.5,4.5,8,14.91875
33.5,90.0,4.4,3,18.466666666666665
33.5,90.5,4.8,8,32.85
33.5,91.0,4.8,7,33.92142857142857
33.5,91.5,3.5,1,44.7
33.5,92.0,5.3,18,26.73888888888889
33.5,92.5,4.7,10,19.65
33.5,93.0,4.5,1,35.0
33.5,93.5,5.1,5,29.02
33.5,94.0,4.5,2,26.45
33.5,95.0,4.6,1,10.0
33.5,95.5,4.6,5,12.72
33.5,96.0,5.5,5,25.259999999999998
33.5,96.5,5.1,6,14.816666666666668
33.5,97.0,4.7,1,10.3
33.5,97.5,4.3,3,19.633333333333333
33.5,100.5,4.4,1,10.0
33.5,101.0,4.6,1,10.0
33.5,103.0,4.7,2,33.35
33.5,103.5,4.7,3,17.666666666666668
33.5,104.0,4.8,4,10.0
33.5,104.5,4.7,2,16.55
33.5,105.0,4.5,2,21.5
33.5,116.0,4.1,1,33.0
33.5,117.5,3.9,1,33.0
33.5,120.0,4.3,1,33.0
33.5,120.5,4.7,1,10.0
33.5,121.0,5.0,1,10.0
33.5,122.0,4.8,1,10.0
33.5,124.0,4.9,1,10.0
33.5,130.0,5.5,9,15.788888888888888
33.5,130.5,4.7,3,19.766666666666666
33.5,131.0,4.5,4,9.8
33.5,131.5,5.5,16,73.56375
33.5,132.0,6.3,33,65.44369696969696
33.5,132.5,5.0,20,53.562850000000005
33.5,133.5,4.6,2,32.25
33.5,134.0,4.3,4,26.52175
33.5,134.5,4.9,6,25.400000000000002
33.5,135.0,5.4,12,64.07000000000001
33.5,135.5,5.1,10,70.41799999999999
33.5,136.0,5.5,10,374.1397
33.5,136.5,5.9,18,155.15555555555557
33.5,137.0,4.8,76,207.6199342105263
33.5,137.5,5.6,41,314.0259268292683
33.5,138.0,5.7,19,313.2284210526316
33.5,138.5,6.5,31,150.84225806451613
33.5,139.0,6.4,23,99.02565217391304
33.5,139.5,5.8,77,30.622896103896107
33.5,140.0,4.9,21,108.97657142857142
33.5,140.5,5.7,30,59.47156666666667
33.5,141.0,5.8,104,46.56299038461539
33.5,141.5,5.7,70,31.80225714285714
33.5,142.0,5.4,46,25.813478260869566
33.5,142.5,5.4,75,28.999599999999997
33.5,143.0,3.7,1,35.0
34.0,-122.5,2.98,1,10.01
34.0,-121.0,2.41,2,5.641
34.0,-120.5,3.63,47,5.92731914893617
34.0,-120.0,3.51,75,7.321400000000001
34.0,-119.5,5.29,400,7.136875
34.0,-119.0,4.42,961,10.431679500520291
34.0,-118.5,6.7,6133,10.984397195499756
34.0,-118.0,5.44,4386,9.159733014135886
34.0,-117.5,5.51,16927,8.677765463460743
34.0,-117.0,6.3,37549,10.661003675197742
34.0,-116.5,7.3,34169,6.082219409406187
34.0,-116.0,4.26,6458,4.951753329204088
34.0,-115.5,3.9,290,5.196931034482758
34.0,-114.0,2.63,2,3.4965
34.0,-112.0,4.0,4,5.6475
34.0,-111.5,3.2,1,3.26
34.0,-107.5,3.2,1,5.0
34.0,-107.0,3.4,22,6.259681818181818
34.0,-106.5,3.9,6,6.088333333333334
34.0,-105.5,3.4,2,10.0
34.0,-102.0,2.6,1,2.127563477
34.0,-97.5,3.5,68,9.778792006485293
34.0,-97.0,3.5,16,10.5964375
34.0,-96.5,3.5,17,5.741764705882353
34.0,-95.0,3.0,2,5.425
34.0,-93.5,3.4,1,5.0
34.0,-93.0,1.88,1,8.5
34.0,-92.5,2.57,1,10.15
34.0,-92.0,2.06,1,9.6
34.0,-91.5,1.84,1,0.02
34.0,-90.5,3.1,2,7.444999999999999
34.0,-90.0,2.8,2,4.635
34.0,-89.5,2.0,1,10.43
34.0,-88.0,3.2,7,2.9314285714285715
34.0,-87.5,3.0,11,4.255454545454546
34.0,-87.0,3.0,7,6.585714285714286
34.0,-86.5,2.5,3,1.6533333333333333
34.0,-86.0,3.2,8,5.1275
34.0,-85.5,2.3,1,0.04
34.0,-84.5,2.4,2,3.255
34.0,-84.0,2.3,7,5.291428571428571
34.0,-83.5,2.2,1,2.3
34.0,-82.5,3.4,26,5.895384615384615
34.0,-82.0,4.1,6,4.583333333333333
34.0,-81.5,1.4,1,2.9
34.0,-81.0,2.9,17,1.707058823529412
34.0,-80.5,3.6,86,3.1788372093023254
34.0,-80.0,2.9,1,2.0
34.0,-39.0,5.3,6,10.0
34.0,-38.5,6.2,7,10.0
34.0,-38.0,4.9,11,10.0
34.0,-37.5,5.0,7,11.044285714285715
34.0,-37.0,4.6,6,10.0
34.0,-34.5,4.7,1,10.0
34.0,-33.5,4.6,1,10.0
34.0,-16.0,4.4,2,5.0
34.0,-11.5,4.0,1,10.0
34.0,-9.0,3.0,1,33.0
34.0,-6.5,4.6,3,18.333333333333332
34.0,-6.0,4.3,6,1.6666666666666667
34.0,-5.5,3.8,4,2.5
34.0,-5.0,4.6,10,9.104
34.0,-4.5,3.8,1,10.0
34.0,-4.0,4.2,5,9.652000000000001
34.0,-3.5,2.9,2,5.0
34.0,2.0,4.5,2,10.0
34.0,7.0,4.8,1,10.0
34.0,7.5,4.7,1,10.0
34.0,8.0,4.6,1,0.0
34.0,8.5,5.2,5,19.9
34.0,9.0,4.2,1,10.0
34.0,10.0,3.9,1,10.0
34.0,10.5,3.8,1,10.0
34.0,12.0,5.2,1,10.0
34.0,14.0,4.5,2,22.55
34.0,14.5,4.5,1,0.6
34.0,16.0,4.2,1,10.0
34.0,20.5,3.7,1,10.0
34.0,21.5,4.2,1,10.0
34.0,22.0,4.3,2,29.0
34.0,22.5,4.1,6,23.709999999999997
34.0,23.5,4.4,8,21.5
34.0,24.0,4.7,15,19.586666666666666
34.0,24.5,4.3,8,27.4475
34.0,25.0,4.9,104,19.05323076923077
34.0,25.5,6.5,224,18.083214285714284
34.0,26.0,5.1,137,23.895036496350365
34.0,26.5,5.3,35,25.439999999999998
34.0,27.0,4.3,5,25.839999999999996
34.0,28.5,4.2,8,33.7275
34.0,29.0,3.8,1,66.0
34.0,29.5,4.0,2,10.0
34.0,30.5,4.4,2,21.5
34.0,31.0,3.5,1,10.0
34.0,31.5,3.1,3,32.666666666666664
34.0,32.0,4.4,5,24.2
34.0,32.5,3.7,4,19.75
34.0,33.0,4.4,4,18.75
34.0,33.5,3.5,10,20.5
34.0,34.0,3.5,8,27.5
34.0,34.5,3.8,6,18.333333333333332
34.0,35.0,4.1,2,16.5
34.0,35.5,4.2,8,10.05
34.0,36.0,4.4,3,8.333333333333334
34.0,36.5,4.0,1,10.0
34.0,37.0,3.0,1,10.0
34.0,45.0,4.3,2,10.0
34.0,45.5,5.6,35,17.701542857142858
34.0,46.0,5.3,11,19.62727272727273
34.0,46.5,4.9,5,26.919999999999998
34.0,47.0,4.6,9,15.766666666666667
34.0,47.5,4.5,8,16.25
34.0,48.0,5.0,7,22.857142857142858
34.0,48.5,4.9,14,12.737142857142857
34.0,49.0,4.5,6,18.383333333333333
34.0,52.0,4.8,3,10.0
34.0,54.0,4.2,1,10.0
34.0,56.5,4.5,3,27.2
34.0,57.0,5.3,6,11.950000000000001
34.0,57.5,4.6,1,41.2
34.0,58.5,4.1,1,21.0
34.0,59.5,5.9,2,10.0
34.0,60.0,7.3,5,23.8
34.0,60.5,5.5,3,10.0
34.0,63.0,4.5,1,179.2
34.0,67.5,5.1,1,33.1
34.0,68.0,4.4,1,7.3
34.0,68.5,4.5,1,33.0
34.0,69.0,4.4,11,15.57909090909091
34.0,69.5,6.0,16,22.674999999999997
34.0,70.0,5.2,6,15.549999999999999
34.0,70.5,4.9,6,54.528333333333336
34.0,71.0,4.4,2,44.338499999999996
34.0,72.0,4.3,2,33.0
34.0,72.5,4.8,8,23.88375
34.0,73.0,5.2,15,21.56866666666667
34.0,73.5,5.9,57,11.868771929824561
34.0,74.0,5.5,34,20.05205882352941
34.0,74.5,4.9,5,37.12
34.0,75.0,4.4,11,29.19090909090909
34.0,76.0,4.6,3,35.53333333333333
34.0,76.5,4.6,5,39.32
34.0,77.5,4.7,1,33.0
34.0,78.0,5.3,7,13.12857142857143
34.0,78.5,4.3,3,36.96666666666667
34.0,79.0,5.0,2,10.0
34.0,79.5,4.8,6,33.0
34.0,80.0,4.7,7,32.58571428571428
34.0,80.5,5.0,8,25.8
34.0,81.0,4.5,3,17.666666666666668
34.0,81.5,4.5,4,12.8
34.0,82.0,6.1,38,15.81421052631579
34.0,82.5,4.5,4,28.25
34.0,83.5,4.8,4,10.1
34.0,84.0,4.6,7,10.984285714285715
34.0,85.5,4.1,1,33.0
34.0,86.5,4.2,2,27.2
34.0,87.0,4.1,4,27.75
34.0,87.5,4.7,3,27.566666666666666
34.0,88.0,4.2,2,12.825
34.0,88.5,4.7,8,28.85
34.0,89.0,6.0,41,16.970975609756096
34.0,89.5,5.3,23,14.689565217391305
34.0,90.0,4.5,5,28.4
34.0,90.5,4.7,5,24.2
34.0,91.0,5.1,9,33.45666666666667
34.0,91.5,4.0,3,47.9
34.0,92.0,5.5,4,21.5
34.0,93.0,4.8,2,17.6
34.0,94.0,4.8,2,33.0
34.0,94.5,5.6,3,25.333333333333332
34.0,95.0,5.0,3,26.96666666666667
34.0,96.5,4.3,3,34.333333333333336
34.0,98.0,4.9,2,21.5
34.0,99.0,4.5,1,24.2
34.0,99.5,4.9,1,10.0
34.0,100.5,4.8,2,10.0
34.0,101.0,4.7,5,21.9
34.0,101.5,4.1,1,10.0
34.0,102.0,4.0,2,34.0
34.0,103.0,4.3,3,25.55666666666667
34.0,103.5,4.6,1,33.0
34.0,104.0,4.0,1,10.0
34.0,104.5,4.8,4,15.75
34.0,105.0,4.6,3,17.226666666666667
34.0,106.0,3.7,1,33.0
34.0,113.5,4.4,1,15.9
34.0,114.5,4.3,1,10.0
34.0,120.5,4.3,2,21.5
34.0,122.0,4.6,1,10.0
34.0,122.5,4.1,1,10.0
34.0,129.0,4.3,1,20.3
34.0,129.5,4.0,1,33.0
34.0,130.0,6.6,4,10.0
34.0,130.5,4.4,2,52.35
34.0,131.0,5.2,1,17.0
34.0,131.5,4.4,1,10.1
34.0,132.0,4.6,7,54.379999999999995
34.0,132.5,6.8,12,49.689166666666665
34.0,133.0,4.6,3,25.810000000000002
34.0,133.5,5.1,6,34.39666666666667
34.0,134.0,4.8,2,41.64
34.0,134.5,4.9,10,30.843
34.0,135.0,5.2,32,24.14090625
34.0,135.5,5.7,44,69.32318181818181
34.0,136.0,5.8,14,194.60071428571428
34.0,136.5,5.5,33,354.859696969697
34.0,137.0,6.0,82,325.85646341463416
34.0,137.5,6.1,29,296.74931034482756
34.0,138.0,4.6,11,202.2681818181818
34.0,138.5,4.9,15,72.83533333333334
34.0,139.0,6.1,366,14.352185792349726
34.0,139.5,6.5,398,13.392437185929648
34.0,140.0,5.3,25,71.3444
34.0,140.5,5.2,27,63.803703703703704
34.0,141.0,4.6,8,59.019999999999996
34.0,141.5,6.6,169,28.155680473372783
34.0,142.0,4.9,39,22.16794871794872
34.0,142.5,5.0,41,27.625121951219516
34.5,-122.0,2.8,1,5.937
34.5,-121.5,4.0,40,8.413475
34.5,-121.0,4.06,126,5.6615158730158734
34.5,-120.5,4.33,272,3.3361397058823528
34.5,-120.0,4.8,500,5.030856
34.5,-119.5,4.27,1255,7.125701195219123
34.5,-119.0,4.17,2587,11.214007730962505
34.5,-118.5,5.89,16063,9.347106269065554
34.5,-118.0,5.8,2124,8.65139595103578
34.5,-117.5,4.4,1302,7.713903225806452
34.5,-117.0,5.29,7263,3.9036290788930197
34.5,-116.5,7.1,44929,3.760323020766098
34.5,-116.0,4.98,4948,4.811639652384802
34.5,-115.5,2.5,26,4.513423076923077
34.5,-115.0,2.5,2,4.2044999999999995
34.5,-113.0,3.0,4,3.05875
34.5,-112.5,3.5,2,5.0
34.5,-111.0,5.1,11,5.0
34.5,-110.5,3.0,2,7.5
34.5,-109.5,3.1,1,5.0
34.5,-108.0,3.4,2,5.0
34.5,-107.0,4.5,27,6.763333333333334
34.5,-106.0,3.6,1,5.0
34.5,-105.5,3.3,2,10.0
34.5,-100.5,2.6,1,5.0
34.5,-100.0,3.1,1,5.0
34.5,-98.5,3.8,11,18.002727272727274
34.5,-98.0,2.7,3,6.490075429333333
34.5,-97.5,3.6,894,6.042194042513423
34.5,-97.0,2.6,40,3.4619999999999997
34.5,-96.5,4.5,82,6.871414634146341
34.5,-96.0,4.1,76,9.792815789473684
34.5,-95.5,2.09,2,21.705
34.5,-95.0,2.5,2,13.08
34.5,-94.5,2.7,1,16.66
34.5,-93.5,2.9,2,3.15
34.5,-93.0,3.2,9,2.078888888888889
34.5,-92.5,2.93,3,3.0566666666666666
34.5,-92.0,2.6,2,19.19
34.5,-91.5,1.7,2,12.8
34.5,-91.0,2.32,3,5.08
34.5,-90.5,2.4,4,13.1475
34.5,-90.0,2.8,1,4.47
34.5,-89.0,3.1,1,0.0
34.5,-88.5,2.52,3,13.223333333333334
34.5,-88.0,2.6,9,7.183333333333334
34.5,-87.5,2.53,12,7.565
34.5,-87.0,3.0,10,6.079
34.5,-86.5,2.62,9,9.76
34.5,-86.0,3.9,24,7.605833333333333
34.5,-85.5,4.6,99,7.77040404040404
34.5,-85.0,2.72,36,9.79638888888889
34.5,-84.5,2.0,2,9.25
34.5,-84.0,1.7,1,5.0
34.5,-83.5,2.41,1,0.08
34.5,-83.0,2.29,3,2.06
34.5,-82.5,2.4,6,2.7733333333333334
34.5,-82.0,2.4,5,6.016
34.5,-81.5,2.51,15,2.928
34.5,-81.0,2.42,10,2.6399999999999997
34.5,-80.5,3.9,9,4.231111111111111
34.5,-79.5,3.7,3,4.0
34.5,-58.5,4.2,1,10.0
34.5,-37.5,5.5,10,10.0
34.5,-37.0,5.4,30,10.0
34.5,-36.5,5.2,12,10.420833333333333
34.5,-36.0,4.5,1,10.0
34.5,-16.0,3.5,1,0.0
34.5,-15.0,3.6,4,20.75
34.5,-14.5,4.4,1,0.0
34.5,-11.0,3.8,1,33.0
34.5,-10.5,3.7,1,0.0
34.5,-10.0,4.5,1,0.0
34.5,-8.5,3.6,1,33.0
34.5,-7.0,2.5,1,10.0
34.5,-6.0,4.0,4,13.35
34.5,-5.5,4.4,25,5.624
34.5,-5.0,4.6,6,3.3333333333333335
34.5,-4.5,4.4,11,10.69090909090909
34.5,-4.0,4.7,25,7.56
34.5,-3.5,3.5,7,16.3
34.5,-3.0,3.2,2,0.0
34.5,-2.5,3.5,1,0.0
34.5,-2.0,4.1,2,4.05
34.5,3.5,4.8,1,10.0
34.5,6.0,5.2,1,26.41
34.5,6.5,4.9,2,10.120000000000001
34.5,7.0,4.3,1,10.0
34.5,7.5,4.6,1,10.0
34.5,8.0,5.0,1,10.0
34.5,8.5,4.3,1,10.0
34.5,9.0,4.4,2,16.5
34.5,9.5,5.1,2,21.5
34.5,10.0,4.1,1,10.0
34.5,14.0,4.3,2,10.0785
34.5,14.5,5.3,6,9.839166666666666
34.5,15.5,3.5,1,10.0
34.5,19.0,4.1,1,10.0
34.5,19.5,4.1,2,13.9
34.5,20.0,5.2,1,10.0
34.5,21.5,4.1,2,22.0
34.5,22.0,4.4,8,38.484
34.5,22.5,4.5,25,26.9472
34.5,23.0,4.7,22,19.686090909090908
34.5,23.5,6.1,68,29.421617647058824
34.5,24.0,5.3,170,23.51544117647059
34.5,24.5,5.1,98,27.068367346938775
34.5,25.0,6.2,257,24.37545914396887
34.5,25.5,5.3,153,28.48103267973856
34.5,26.0,5.4,126,27.65142857142857
34.5,26.5,5.3,138,29.473173913043478
34.5,27.0,4.4,31,21.05483870967742
34.5,27.5,4.6,14,32.19285714285714
34.5,28.0,4.3,8,28.325
34.5,28.5,5.9,21,35.76428571428571
34.5,29.0,4.3,8,32.329875
34.5,29.5,4.2,1,33.0
34.5,30.0,4.3,1,38.0
34.5,30.5,3.2,2,10.0
34.5,31.0,4.3,7,28.057142857142857
34.5,31.5,4.4,5,24.86
34.5,32.0,6.8,346,26.17023121387283
34.5,32.5,5.7,114,25.743508771929825
34.5,33.0,4.8,133,15.113601503759398
34.5,33.5,4.9,95,13.337789473684209
34.5,34.0,5.4,27,25.066666666666666
34.5,34.5,5.4,4,26.775
34.5,35.0,3.5,2,17.5
34.5,35.5,3.5,3,8.333333333333334
34.5,36.0,4.2,3,8.333333333333334
34.5,36.5,4.3,1,10.0
34.5,37.5,4.1,1,10.0
34.5,38.0,3.9,1,10.0
34.5,38.5,5.5,2,19.6
34.5,45.0,4.5,5,47.726
34.5,45.5,6.3,82,12.608036585365852
34.5,46.0,6.0,46,13.79586956521739
34.5,46.5,4.9,12,13.799999999999999
34.5,47.0,4.6,4,21.5
34.5,47.5,5.4,13,29.46153846153846
34.5,48.0,4.8,2,21.5
34.5,50.0,3.5,1,33.0
34.5,51.0,5.5,2,5.5
34.5,52.5,4.1,1,4.0
34.5,53.0,4.9,1,2.0
34.5,54.0,4.1,1,6.0
34.5,54.5,4.1,1,16.8
34.5,55.0,4.5,1,33.0
34.5,57.5,4.1,1,10.0
34.5,58.0,4.7,2,10.8
34.5,59.0,4.4,1,33.0
34.5,60.0,5.1,2,19.0
34.5,60.5,4.2,1,11.0
34.5,61.5,4.5,1,10.13
34.5,62.0,4.4,1,10.0
34.5,68.5,4.0,1,13.8
34.5,69.0,4.4,7,15.031428571428572
34.5,69.5,6.0,28,28.242107142857144
34.5,70.0,5.5,15,32.77066666666666
34.5,70.5,5.2,31,38.20519354838709
34.5,71.0,5.2,8,31.43125
34.5,72.0,4.1,3,27.599999999999998
34.5,72.5,4.6,6,25.018333333333334
34.5,73.0,6.4,317,11.543343848580442
34.5,73.5,7.6,204,14.023382352941177
34.5,74.0,4.7,32,25.7534375
34.5,74.5,4.6,7,37.142857142857146
34.5,75.0,4.2,2,36.55
34.5,75.5,4.7,2,33.3
34.5,76.0,4.7,3,43.38333333333333
34.5,76.5,4.6,5,45.4
34.5,77.5,4.2,2,31.880000000000003
34.5,78.0,4.8,5,14.901999999999997
34.5,78.5,4.7,4,28.5625
34.5,79.0,4.6,4,37.4825
34.5,79.5,4.5,3,33.46666666666667
34.5,80.0,5.2,22,26.555909090909093
34.5,80.5,4.7,15,29.032666666666668
34.5,81.0,4.8,8,27.197499999999998
34.5,81.5,4.6,8,22.35125
34.5,82.0,5.0,13,24.715384615384615
34.5,82.5,4.7,6,29.683333333333334
34.5,83.0,4.5,8,26.9625
34.5,83.5,5.2,7,26.212857142857143
34.5,84.5,4.3,1,10.0
34.5,85.0,4.6,3,10.0
34.5,85.5,5.4,6,17.666666666666668
34.5,86.0,4.6,15,16.648666666666667
34.5,86.5,4.7,6,21.531666666666666
34.5,87.0,5.9,5,28.4
34.5,87.5,5.5,3,9.333333333333334
34.5,88.0,5.2,6,17.666666666666668
34.5,89.0,4.5,5,10.394
34.5,89.5,5.8,7,14.057142857142859
34.5,90.0,5.0,4,36.9
34.5,90.5,4.4,3,17.18
34.5,91.0,4.8,4,20.1175
34.5,91.5,4.7,5,30.657999999999998
34.5,93.0,5.2,3,25.333333333333332
34.5,95.0,3.9,1,8.8
34.5,96.5,5.0,6,17.415
34.5,97.5,5.7,7,27.07
34.5,98.0,5.2,11,10.131818181818183
34.5,98.5,7.3,16,10.24375
34.5,99.0,5.5,23,12.0
34.5,100.0,4.9,1,43.5
34.5,101.0,4.2,1,10.0
34.5,101.5,5.0,2,33.0
34.5,102.0,4.4,2,14.23
34.5,102.5,4.5,3,17.666666666666668
34.5,104.0,5.4,8,14.38125
34.5,104.5,5.9,4,10.8975
34.5,105.0,4.0,3,17.666666666666668
34.5,105.5,4.2,1,15.19
34.5,109.0,4.8,2,15.9
34.5,112.0,3.3,1,10.0
34.5,120.0,4.1,1,33.0
34.5,121.5,4.7,1,10.0
34.5,122.5,4.8,1,10.0
34.5,123.0,3.9,1,10.0
34.5,129.0,4.5,1,14.6
34.5,131.5,5.9,2,15.64
34.5,132.5,4.0,1,20.0
34.5,133.0,4.2,1,33.0
34.5,134.0,4.7,1,14.4
34.5,134.5,4.4,3,10.0
34.5,135.0,6.9,24,68.62625
34.5,135.5,4.9,11,167.0890909090909
34.5,136.0,5.5,30,218.01833333333335
34.5,136.5,5.1,17,338.5811764705882
34.5,137.0,5.6,45,329.0145777777778
34.5,137.5,5.8,22,206.66695454545453
34.5,138.0,5.2,16,206.1425
34.5,138.5,6.2,18,111.67533333333333
34.5,139.0,5.3,86,28.701872093023255
34.5,139.5,6.4,52,30.819807692307695
34.5,140.0,5.6,35,70.53957142857143
34.5,140.5,5.3,44,60.72204545454545
34.5,141.0,6.1,33,39.23060606060606
34.5,141.5,6.5,116,25.349999999999998
34.5,142.0,5.3,62,20.301129032258064
34.5,142.5,4.9,10,17.5
34.5,143.0,4.6,7,20.0
35.0,-151.5,4.9,1,10.0
35.0,-125.0,3.18,1,4.929
35.0,-121.5,3.58,47,6.903914893617021
35.0,-121.0,4.2,334,4.499964071856287
35.0,-120.5,3.78,492,4.378091463414634
35.0,-120.0,2.73,71,3.4233661971830984
35.0,-119.5,4.27,562,10.343846975088969
35.0,-119.0,5.19,4206,12.650561103185925
35.0,-118.5,3.89,2203,6.6929573309123915
35.0,-118.0,5.67,457,5.8616301969365425
35.0,-117.5,4.67,691,4.486839363241678
35.0,-117.0,5.26,8218,3.289284984181066
35.0,-116.5,5.06,6236,3.9626181847338033
35.0,-116.0,3.71,80,4.5969875
35.0,-115.5,2.56,5,6.2174
35.0,-115.0,2.22,5,3.5927999999999995
35.0,-114.0,3.18,5,49.725
35.0,-113.5,3.0,5,4.386
35.0,-113.0,3.1,3,7.1496666666666675
35.0,-112.5,3.8,6,5.0
35.0,-112.0,3.8,8,5.9825
35.0,-111.5,4.7,15,5.189333333333334
35.0,-111.0,4.0,7,4.985714285714286
35.0,-110.5,3.9,1,5.0
35.0,-110.0,2.6,1,5.0
35.0,-108.0,2.8,1,5.0
35.0,-107.5,3.5,3,5.0
35.0,-107.0,2.3,2,5.0
35.0,-106.5,2.9,1,14.0
35.0,-106.0,3.7,2,7.5
35.0,-104.5,2.8,1,5.0
35.0,-104.0,3.3,1,5.0
35.0,-102.0,2.7,9,6.769779911555556
35.0,-101.5,2.9,1,5.0
35.0,-101.0,3.0,1,5.0
35.0,-100.5,3.2,2,5.0
35.0,-99.5,2.9,2,9.27
35.0,-99.0,3.0,5,19.06
35.0,-98.5,3.9,3,12.15
35.0,-98.0,3.4,507,7.956779075426035
35.0,-97.5,4.4,870,7.467129951702298
35.0,-97.0,2.5,12,13.415833333333333
35.0,-96.5,3.61,88,7.6229661211136355
35.0,-96.0,3.2,108,6.962494609972222
35.0,-95.5,3.73,1688,6.666797440388625
35.0,-93.5,2.6,1,5.0
35.0,-93.0,2.6,1,5.0
35.0,-92.5,4.3,245,5.2036326530612245
35.0,-92.0,3.3,49,3.840612244897959
35.0,-91.5,2.6,7,8.351428571428572
35.0,-91.0,2.3,3,5.97
35.0,-90.5,3.9,2,10.559999999999999
35.0,-90.0,2.7,3,11.166666666666666
35.0,-88.5,2.0,1,6.36
35.0,-88.0,2.7,9,3.0744444444444445
35.0,-87.5,2.5,20,7.691
35.0,-87.0,2.9,11,10.134545454545455
35.0,-86.5,2.66,12,6.989999999999999
35.0,-86.0,3.13,16,7.360625
35.0,-85.5,3.2,54,10.663518518518519
35.0,-85.0,3.5,166,11.14234939759036
35.0,-84.5,3.2,73,10.863424657534246
35.0,-84.0,2.8,14,5.662857142857143
35.0,-83.5,2.29,5,3.832
35.0,-83.0,2.4,14,2.369285714285714
35.0,-82.5,2.4,8,4.6125
35.0,-82.0,2.5,2,2.77
35.0,-81.0,2.32,4,3.5974999999999997
35.0,-80.5,2.22,3,3.1733333333333333
35.0,-80.0,2.9,3,8.333333333333334
35.0,-77.5,2.1,1,5.72
35.0,-77.0,3.6,1,0.0
35.0,-37.0,4.4,1,10.0
35.0,-36.5,4.8,3,10.0
35.0,-36.0,5.5,5,10.0
35.0,-35.5,5.8,9,9.903333333333332
35.0,-35.0,5.5,10,10.518
35.0,-34.5,4.5,1,10.0
35.0,-16.5,4.3,1,10.0
35.0,-16.0,3.8,1,10.0
35.0,-15.0,3.9,1,10.0
35.0,-14.5,4.8,2,5.0
35.0,-13.5,3.9,1,10.0
35.0,-12.0,4.0,1,30.0
35.0,-11.5,4.6,2,14.995
35.0,-10.0,4.2,2,15.0
35.0,-9.5,4.5,3,21.456666666666667
35.0,-8.5,4.5,1,10.0
35.0,-6.0,4.3,14,22.535714285714285
35.0,-5.5,4.5,12,12.025
35.0,-5.0,3.8,9,14.022222222222222
35.0,-4.5,4.4,43,15.041162790697674
35.0,-4.0,6.4,868,3.2639723502304148
35.0,-3.5,4.7,36,6.552777777777778
35.0,-3.0,5.1,225,3.4768888888888885
35.0,-2.5,3.9,34,9.964705882352941
35.0,-2.0,3.4,9,13.944444444444445
35.0,-1.0,3.0,3,10.0
35.0,-0.5,2.8,1,10.0
35.0,-0.0,3.5,1,10.0
35.0,3.5,4.1,2,0.0
35.0,4.0,5.1,4,7.5
35.0,5.5,4.6,3,8.766666666666667
35.0,6.0,4.3,2,10.2
35.0,6.5,4.5,3,16.466666666666665
35.0,7.0,4.4,2,10.0
35.0,7.5,4.6,1,10.0
35.0,8.5,4.2,1,10.0
35.0,9.5,4.8,2,19.55
35.0,11.0,3.7,1,10.0
35.0,11.5,3.8,1,10.0
35.0,12.5,5.3,4,9.975
35.0,13.0,3.0,1,10.0
35.0,14.0,5.1,13,9.766615384615385
35.0,14.5,5.3,8,12.9125
35.0,15.0,5.5,3,11.270666666666665
35.0,15.5,4.1,1,10.0
35.0,18.0,3.3,1,10.0
35.0,19.5,4.3,2,20.85
35.0,20.5,5.7,2,11.725
35.0,21.0,4.5,3,24.333333333333332
35.0,21.5,4.7,9,13.222222222222221
35.0,22.0,4.6,7,21.428571428571427
35.0,22.5,4.8,35,20.40257142857143
35.0,23.0,4.6,120,27.808891666666668
35.0,23.5,5.2,139,30.44196402877698
35.0,24.0,5.6,188,24.991382978723404
35.0,24.5,5.3,148,27.30864864864865
35.0,25.0,5.7,241,18.46607053941909
35.0,25.5,6.0,199,19.971306532663316
35.0,26.0,6.4,185,18.82691891891892
35.0,26.5,5.8,203,25.695960591133005
35.0,27.0,6.0,192,21.16989583333333
35.0,27.5,5.0,64,30.18715625
35.0,28.0,5.7,82,19.8259756097561
35.0,28.5,4.1,8,29.775
35.0,29.0,4.6,17,33.870588235294115
35.0,29.5,4.2,5,31.4
35.0,30.0,4.6,2,30.900000000000002
35.0,30.5,4.7,8,31.2375
35.0,31.0,4.4,8,25.0375
35.0,31.5,4.2,21,25.833809523809524
35.0,32.0,6.6,60,21.636000000000003
35.0,32.5,5.9,174,20.081609195402297
35.0,33.0,5.6,101,25.54089108910891
35.0,33.5,5.0,33,33.39636363636363
35.0,34.0,5.0,54,28.459074074074074
35.0,34.5,4.5,6,24.599999999999998
35.0,35.0,4.2,4,16.925
35.0,35.5,4.7,2,10.0
35.0,37.0,4.4,4,10.8575
35.0,37.5,4.4,1,10.0
35.0,38.0,4.0,1,10.012
35.0,39.5,4.4,1,10.0
35.0,44.0,4.6,3,41.63333333333333
35.0,44.5,4.4,1,30.0
35.0,45.0,4.5,3,11.9
35.0,45.5,5.3,12,12.759166666666667
35.0,46.0,7.3,18,13.400555555555556
35.0,46.5,4.6,5,14.6
35.0,47.0,4.8,4,34.325
35.0,48.0,4.3,2,21.5
35.0,50.0,4.7,1,14.1
35.0,50.5,4.7,1,10.0
35.0,51.5,4.5,1,33.0
35.0,52.0,4.6,2,20.95
35.0,52.5,4.3,3,20.7
35.0,53.5,5.0,5,27.439999999999998
35.0,54.5,4.5,1,33.0
35.0,56.5,4.1,1,10.0
35.0,57.0,4.4,2,25.5
35.0,57.5,4.9,4,21.5
35.0,58.0,4.9,3,28.0
35.0,58.5,5.3,1,33.0
35.0,59.0,4.9,3,11.666666666666666
35.0,59.5,5.5,1,19.0
35.0,60.0,4.5,2,21.5
35.0,60.5,4.1,1,10.0
35.0,61.5,4.5,3,18.333333333333332
35.0,62.0,4.6,3,26.666666666666668
35.0,63.5,5.3,2,10.7
35.0,64.5,4.3,1,15.25
35.0,67.5,3.7,1,74.8
35.0,68.0,4.9,4,33.5
35.0,68.5,3.4,1,10.0
35.0,69.0,5.1,4,17.8
35.0,69.5,5.0,5,25.944
35.0,70.0,4.9,3,79.11666666666666
35.0,70.5,5.8,7,80.42857142857143
35.0,71.0,4.7,9,42.67777777777778
35.0,71.5,4.9,8,62.87125
35.0,72.0,4.9,9,55.343333333333334
35.0,72.5,4.2,7,19.62857142857143
35.0,73.0,5.7,91,18.27813186813187
35.0,73.5,5.4,32,20.65
35.0,74.0,5.7,25,29.268
35.0,74.5,5.1,8,33.075
35.0,75.0,4.2,1,33.0
35.0,75.5,4.5,3,76.17666666666666
35.0,76.5,4.0,3,69.73333333333333
35.0,77.0,4.7,3,25.333333333333332
35.0,77.5,5.4,8,24.6
35.0,78.0,5.0,4,41.25
35.0,78.5,3.6,1,33.0
35.0,80.0,4.3,6,35.0
35.0,80.5,5.0,10,30.49
35.0,81.0,5.1,26,16.28923076923077
35.0,81.5,4.9,50,11.1789
35.0,82.0,4.1,4,11.60225
35.0,82.5,4.5,3,33.93333333333333
35.0,83.0,3.9,1,10.0
35.0,84.5,3.0,1,10.0
35.0,85.0,4.5,2,21.5
35.0,85.5,4.5,1,10.0
35.0,86.0,4.4,8,30.67
35.0,86.5,4.9,8,27.84125
35.0,87.0,5.1,9,24.466666666666665
35.0,87.5,7.5,10,32.771
35.0,88.0,4.6,4,33.0
35.0,89.0,5.2,1,33.0
35.0,89.5,4.7,14,15.137142857142857
35.0,90.0,3.9,2,21.5
35.0,91.0,4.4,1,10.69
35.0,92.0,5.2,2,14.37
35.0,92.5,4.2,1,10.0
35.0,93.0,4.8,1,10.0
35.0,96.0,5.4,3,32.699999999999996
35.0,97.5,5.1,9,10.586666666666666
35.0,98.0,4.5,3,17.666666666666668
35.0,99.0,4.8,3,11.623333333333333
35.0,99.5,5.1,4,17.2
35.0,102.0,5.0,3,9.54
35.0,102.5,5.3,2,10.0
35.0,104.0,4.3,1,10.0
35.0,104.5,4.0,2,23.13
35.0,105.0,3.6,2,21.5
35.0,107.0,3.3,1,10.0
35.0,110.5,4.4,2,33.0
35.0,111.0,4.8,8,12.87875
35.0,112.0,4.3,1,10.0
35.0,113.5,4.7,1,10.0
35.0,115.0,4.6,1,16.9
35.0,118.0,5.1,1,18.0
35.0,120.5,4.6,1,10.0
35.0,121.5,3.9,1,39.4
35.0,124.5,5.2,3,10.0
35.0,132.5,5.1,7,16.755714285714287
35.0,133.0,5.4,7,14.33
35.0,133.5,4.6,4,21.15
35.0,134.5,4.9,3,24.126666666666665
35.0,135.0,4.6,4,105.67500000000001
35.0,135.5,4.9,30,90.29966666666665
35.0,136.0,5.1,9,248.65233333333333
35.0,136.5,5.2,12,209.06224999999998
35.0,137.0,4.7,20,118.03344999999999
35.0,137.5,5.6,15,138.81533333333334
35.0,138.0,5.4,18,83.27722222222222
35.0,138.5,5.9,13,83.51076923076924
35.0,139.0,5.6,62,37.29048387096775
35.0,139.5,6.0,47,67.83765957446808
35.0,140.0,5.7,69,63.69126086956522
35.0,140.5,5.2,39,53.08425641025641
35.0,141.0,6.1,120,36.280658333333335
35.0,141.5,5.6,89,24.156404494382024
35.0,142.0,5.2,11,31.469090909090912
35.0,142.5,4.9,20,25.5835
35.0,143.0,4.8,27,21.64037037037037
35.0,143.5,4.9,3,26.666666666666668
35.5,-127.0,4.0,1,10.0
35.5,-125.5,3.3,1,3.53
35.5,-122.0,2.74,4,3.407
35.5,-121.5,4.13,494,5.140080971659919
35.5,-121.0,6.5,22026,5.628446653954417
35.5,-120.5,3.08,1079,7.192773864689527
35.5,-120.0,3.69,510,7.750880392156863
35.5,-119.5,4.87,390,13.700241025641025
35.5,-119.0,4.25,414,11.154908212560386
35.5,-118.5,5.03,13300,4.912784736842105
35.5,-118.0,3.84,3661,5.8980789401802785
35.5,-117.5,4.6,23880,6.1984799413735345
35.5,-117.0,4.2,342,5.054476608187135
35.5,-116.5,4.34,375,4.906172
35.5,-116.0,3.34,71,4.76343661971831
35.5,-115.5,2.29,22,4.452772727272727
35.5,-115.0,2.61,19,11.181157894736842
35.5,-114.5,2.85,6,4.946666666666666
35.5,-114.0,2.3,1,0.0
35.5,-113.5,3.02,3,6.97
35.5,-113.0,3.4,5,7.164
35.5,-112.5,3.2,5,6.529999999999999
35.5,-112.0,5.3,11,8.636363636363637
35.5,-111.5,3.4,3,7.649666666666666
35.5,-107.5,3.8,1,5.0
35.5,-107.0,2.8,3,7.266666666666667
35.5,-106.5,2.7,1,5.0
35.5,-106.0,3.0,2,5.37
35.5,-105.0,2.7,2,5.0
35.5,-104.0,2.7,1,5.0
35.5,-103.5,3.0,1,5.0
35.5,-103.0,3.3,3,3.3496365017366667
35.5,-102.5,3.5,7,4.300821940142858
35.5,-102.0,3.9,18,5.395585123722222
35.5,-101.5,3.3,5,5.1337353516
35.5,-101.0,2.9,3,5.685807834333333
35.5,-100.5,3.5,5,5.577929687399999
35.5,-100.0,3.0,4,5.0
35.5,-99.5,1.74,1,27.68
35.5,-99.0,2.8,23,7.165826086956521
35.5,-98.5,2.4,27,6.509726241777777
35.5,-98.0,3.4,1119,6.495058414071403
35.5,-97.5,4.5,920,5.829196739130435
35.5,-97.0,5.7,838,5.835073985680191
35.5,-96.5,3.6,154,5.881036413387662
35.5,-96.0,2.8,4,10.7125
35.5,-95.5,1.75,6,4.916666666666667
35.5,-95.0,2.7,2,3.66
35.5,-93.5,2.13,1,14.65
35.5,-93.0,3.5,22,5.469090909090909
35.5,-92.5,4.7,1492,4.224182305630027
35.5,-92.0,3.8,124,2.8789516129032258
35.5,-91.5,2.9,29,5.04
35.5,-91.0,2.6,8,11.38375
35.5,-90.5,3.8,112,8.240357142857142
35.5,-90.0,3.2,35,7.719428571428572
35.5,-89.5,3.5,15,7.689333333333334
35.5,-89.0,1.9,1,10.0
35.5,-88.5,2.4,3,12.366666666666667
35.5,-88.0,2.5,4,11.2
35.5,-87.5,1.8,1,0.0
35.5,-87.0,2.31,2,5.99
35.5,-86.5,2.77,7,11.24
35.5,-86.0,2.55,6,8.459999999999999
35.5,-85.5,2.5,20,14.6805
35.5,-85.0,3.3,122,15.026639344262295
35.5,-84.5,4.4,398,13.948467336683416
35.5,-84.0,3.7,245,12.82391836734694
35.5,-83.5,2.67,74,4.28945945945946
35.5,-83.0,3.4,27,4.604814814814815
35.5,-82.5,2.69,37,3.462702702702703
35.5,-82.0,3.0,6,6.611666666666667
35.5,-81.5,2.35,8,1.2225000000000001
35.5,-81.0,3.2,7,1.9271428571428573
35.5,-80.0,2.58,1,6.95
35.5,-76.5,2.9,1,3.74
35.5,-36.5,5.7,5,12.7
35.5,-36.0,6.3,10,10.0
35.5,-35.5,6.3,5,10.0
35.5,-35.0,5.9,4,10.0
35.5,-34.5,6.0,10,11.47
35.5,-34.0,4.7,2,10.0
35.5,-13.0,3.4,1,0.0
35.5,-12.0,3.8,1,10.0
35.5,-11.5,4.5,5,6.859999999999999
35.5,-11.0,3.9,2,5.0
35.5,-10.5,5.4,2,10.0
35.5,-10.0,4.4,7,43.91428571428571
35.5,-9.5,4.3,10,11.330000000000002
35.5,-9.0,2.5,1,0.0
35.5,-8.5,3.2,1,31.0
35.5,-8.0,3.9,1,50.0
35.5,-7.0,4.8,7,33.12
35.5,-6.5,3.8,8,40.225
35.5,-6.0,4.2,21,24.890476190476193
35.5,-5.5,4.3,5,21.5
35.5,-5.0,4.2,15,29.459999999999997
35.5,-4.5,4.7,51,27.530392156862746
35.5,-4.0,6.0,417,5.583860911270983
35.5,-3.5,6.3,147,8.067238095238096
35.5,-3.0,4.0,10,9.830000000000002
35.5,-2.5,5.4,25,11.288
35.5,-2.0,3.7,7,2.685714285714286
35.5,-1.5,5.6,30,6.456666666666666
35.5,-1.0,4.9,17,8.888235294117647
35.5,-0.5,4.6,27,8.825925925925926
35.5,-0.0,5.9,35,9.703999999999999
35.5,0.5,4.3,10,8.8
35.5,1.0,3.2,3,11.366666666666667
35.5,1.5,4.3,9,10.0
35.5,2.0,3.9,3,10.0
35.5,2.5,2.6,1,10.0
35.5,3.5,4.2,1,10.0
35.5,4.5,4.1,4,5.0
35.5,5.0,4.7,3,15.656666666666666
35.5,5.5,4.8,9,11.273333333333333
35.5,6.0,4.7,5,10.6
35.5,6.5,4.6,2,10.0
35.5,8.0,5.4,2,24.35
35.5,8.5,4.1,2,10.0
35.5,10.0,4.2,1,10.0
35.5,11.0,4.4,3,14.313333333333333
35.5,11.5,4.8,5,13.88
35.5,13.0,2.9,1,10.0
35.5,13.5,3.3,1,10.0
35.5,14.5,4.4,2,10.715
35.5,16.0,4.2,1,10.0
35.5,21.0,5.8,9,14.722222222222221
35.5,21.5,4.9,33,23.35090909090909
35.5,22.0,4.9,48,24.04997916666667
35.5,22.5,5.0,93,34.07696774193548
35.5,23.0,6.0,102,29.359176470588235
35.5,23.5,6.6,177,20.14988700564972
35.5,24.0,4.1,58,20.96034482758621
35.5,24.5,6.1,48,28.60229166666667
35.5,25.0,4.5,39,38.38641025641026
35.5,25.5,4.6,63,23.22798412698413
35.5,26.0,5.2,196,23.013469387755105
35.5,26.5,6.0,193,25.869689119170985
35.5,27.0,5.3,288,24.394618055555554
35.5,27.5,5.2,191,22.83340314136126
35.5,28.0,5.7,96,27.95375
35.5,28.5,5.9,32,31.5228125
35.5,29.0,5.6,12,37.416666666666664
35.5,29.5,4.4,25,24.748800000000003
35.5,30.0,4.5,12,19.348333333333333
35.5,30.5,4.1,5,21.4
35.5,31.0,4.5,28,35.18928571428571
35.5,31.5,5.3,51,27.841764705882355
35.5,32.0,4.2,23,25.79391304347826
35.5,32.5,4.4,17,36.588235294117645
35.5,33.0,3.8,6,31.751666666666665
35.5,33.5,3.5,16,22.9375
35.5,34.0,3.8,13,30.307692307692307
35.5,34.5,3.0,1,25.0
35.5,35.0,4.2,2,10.0
35.5,35.5,5.0,12,12.412916666666668
35.5,36.5,4.4,1,10.0
35.5,38.0,3.7,1,33.0
35.5,39.0,4.6,2,18.59
35.5,39.5,5.4,3,16.266666666666666
35.5,40.5,4.3,3,10.0
35.5,42.5,5.4,1,18.1
35.5,44.0,4.0,1,60.0
35.5,44.5,4.5,4,32.925
35.5,45.0,5.1,11,24.395454545454548
35.5,45.5,4.3,1,33.0
35.5,46.0,5.2,6,16.381666666666664
35.5,46.5,5.0,8,22.775
35.5,48.5,4.4,2,43.8
35.5,49.0,6.5,21,13.838095238095239
35.5,49.5,4.5,3,15.333333333333334
35.5,50.0,4.6,1,2.0
35.5,51.0,4.9,1,10.0
35.5,51.5,4.0,1,10.0
35.5,52.0,4.6,3,10.366666666666667
35.5,52.5,4.7,8,15.54625
35.5,53.0,4.5,3,20.666666666666668
35.5,53.5,4.5,2,49.55
35.5,54.5,5.8,2,6.5
35.5,55.0,4.0,1,30.0
35.5,56.0,4.8,1,33.0
35.5,56.5,4.2,1,15.5
35.5,57.0,5.4,7,32.857142857142854
35.5,58.0,5.3,3,26.566666666666666
35.5,58.5,5.0,5,18.52
35.5,59.0,5.2,8,15.2625
35.5,60.0,4.9,1,33.0
35.5,60.5,4.3,1,10.0
35.5,61.0,5.5,7,34.285714285714285
35.5,61.5,4.2,1,10.0
35.5,64.0,4.1,1,10.0
35.5,64.5,3.7,1,10.0
35.5,65.0,4.2,3,33.0
35.5,65.5,5.3,7,21.7
35.5,67.5,5.0,5,20.168
35.5,68.0,5.3,2,10.0
35.5,68.5,4.3,4,38.6275
35.5,69.0,4.6,10,47.1
35.5,69.5,4.8,20,72.2165
35.5,70.0,5.5,32,65.5096875
35.5,70.5,4.9,23,61.59130434782608
35.5,71.0,4.7,17,67.15058823529411
35.5,71.5,5.3,11,50.206545454545456
35.5,72.0,4.5,5,43.982
35.5,72.5,4.7,3,72.33333333333333
35.5,73.0,4.5,4,34.85
35.5,73.5,4.9,9,44.49333333333333
35.5,74.0,5.4,12,55.56666666666666
35.5,74.5,6.3,74,37.13986486486486
35.5,75.0,5.2,37,35.45702702702703
35.5,75.5,4.6,9,28.599999999999998
35.5,76.0,4.4,4,34.6
35.5,76.5,4.5,8,54.4125
35.5,77.0,5.4,19,37.44315789473684
35.5,77.5,5.2,28,46.375
35.5,78.0,6.9,29,35.47448275862069
35.5,78.5,5.3,32,33.171875
35.5,79.0,4.2,3,33.666666666666664
35.5,79.5,5.0,2,10.0
35.5,80.0,5.0,7,17.62442857142857
35.5,80.5,5.7,9,26.5
35.5,81.0,5.0,21,20.94904761904762
35.5,81.5,7.2,135,12.274074074074074
35.5,82.0,4.6,15,12.0
35.5,82.5,6.2,8,9.9125
35.5,84.0,4.2,2,27.759999999999998
35.5,84.5,4.1,1,20.22
35.5,85.0,4.1,1,33.0
35.5,87.0,4.4,1,33.0
35.5,87.5,4.9,6,38.733333333333334
35.5,88.0,4.9,11,29.082727272727276
35.5,88.5,5.5,8,24.375
35.5,89.0,4.7,3,17.666666666666668
35.5,89.5,5.6,38,22.04657894736842
35.5,90.0,4.8,6,26.333333333333332
35.5,91.0,4.9,2,10.0
35.5,91.5,5.4,2,10.0
35.5,92.0,3.9,1,10.0
35.5,93.0,5.3,8,18.5
35.5,93.5,5.6,6,10.0
35.5,94.0,5.4,8,12.875
35.5,94.5,5.3,11,10.0
35.5,95.0,4.3,1,10.0
35.5,95.5,5.3,3,26.0
35.5,96.0,5.5,4,22.0
35.5,99.0,4.9,2,21.5
35.5,99.5,6.1,25,19.144000000000002
35.5,100.0,4.7,4,27.25
35.5,104.0,4.5,1,13.1
35.5,104.5,4.6,1,44.53
35.5,106.0,3.3,1,10.0
35.5,106.5,4.0,3,19.27
35.5,109.5,4.1,1,16.64
35.5,110.5,5.0,2,30.85
35.5,111.0,4.0,1,10.0
35.5,111.5,4.0,1,10.0
35.5,115.5,4.4,5,10.0
35.5,118.0,4.3,1,10.0
35.5,121.0,5.1,1,33.0
35.5,122.0,4.7,1,10.0
35.5,123.5,4.8,2,10.0
35.5,124.5,4.6,1,10.0
35.5,129.0,4.9,1,10.0
35.5,130.0,4.7,3,30.2
35.5,132.0,4.4,1,18.5
35.5,132.5,5.7,1,10.34
35.5,133.0,6.7,8,13.325000000000001
35.5,133.5,5.3,7,13.285714285714286
35.5,134.0,6.2,8,7.0375
35.5,134.5,5.3,4,27.25
35.5,135.0,5.8,7,326.5142857142857
35.5,135.5,6.1,27,349.3365185185185
35.5,136.0,5.1,14,142.005
35.5,136.5,4.9,13,80.25923076923075
35.5,137.0,5.1,22,163.2548181818182
35.5,137.5,4.7,14,101.3
35.5,138.0,4.5,5,81.512
35.5,138.5,6.0,8,137.07
35.5,139.0,5.6,42,62.355761904761906
35.5,139.5,5.1,45,77.28035555555556
35.5,140.0,5.9,215,64.73249302325581
35.5,140.5,6.3,255,50.42176078431372
35.5,141.0,6.2,305,34.846144262295084
35.5,141.5,6.1,92,30.550586956521737
35.5,142.0,5.9,61,28.90639344262295
35.5,142.5,5.1,13,23.53076923076923
35.5,143.0,4.8,27,22.085185185185182
35.5,143.5,5.0,11,22.28090909090909
35.5,144.0,4.6,2,13.9
35.5,144.5,4.0,1,10.0
36.0,-123.0,3.1,1,35.0
36.0,-122.5,1.94,1,7.952
36.0,-122.0,2.97,62,10.768580645161292
36.0,-121.5,5.2,1817,8.222981838194826
36.0,-121.0,3.87,3566,7.482544868199664
36.0,-120.5,5.97,20226,5.172835805398991
36.0,-120.0,4.38,3511,10.08487097692965
36.0,-119.5,4.0,182,13.794664835164834
36.0,-119.0,3.15,185,8.255216216216215
36.0,-118.5,3.91,3333,4.9133786378637865
36.0,-118.0,5.17,51598,2.9146887088646847
36.0,-117.5,5.75,55741,4.6094604241043395
36.0,-117.0,4.14,1110,4.81630045045045
36.0,-116.5,3.62,276,4.763889492753623
36.0,-116.0,3.8,318,5.403723270440252
36.0,-115.5,3.6,198,7.151050505050504
36.0,-115.0,3.6,254,4.502937007874016
36.0,-114.5,3.8,217,3.6343087557603684
36.0,-114.0,3.6,19,3.786894736842105
36.0,-113.5,2.7,7,2.8128571428571427
36.0,-113.0,2.5,2,5.970000000000001
36.0,-112.5,3.7,8,4.967375
36.0,-112.0,4.0,13,5.0
36.0,-111.0,3.4,2,5.0
36.0,-109.0,3.0,1,10.0
36.0,-108.5,3.1,1,5.0
36.0,-108.0,2.7,1,5.0
36.0,-107.0,3.7,6,6.223333333333334
36.0,-106.5,4.2,2,12.745000000000001
36.0,-106.0,3.5,2,5.0
36.0,-105.5,3.1,3,4.5
36.0,-105.0,3.8,1,5.0
36.0,-103.0,3.3,2,5.0
36.0,-102.5,2.8,2,4.32
36.0,-101.5,2.3,2,4.7197672525000005
36.0,-101.0,4.3,2,7.495381672999999
36.0,-100.5,3.7,4,5.0
36.0,-100.0,2.4,1,5.0
36.0,-99.5,2.9,6,5.188
36.0,-99.0,3.4,94,6.159553496744681
36.0,-98.5,3.7,209,6.26100956937799
36.0,-98.0,3.7,1303,6.031638975133538
36.0,-97.5,4.6,1707,5.637018160515524
36.0,-97.0,5.0,1360,5.789616176470588
36.0,-96.5,4.2,361,6.488426592797785
36.0,-96.0,1.22,1,0.0
36.0,-95.5,1.69,1,7.0
36.0,-95.0,2.7,8,5.22
36.0,-94.0,2.3,2,0.030000000000000002
36.0,-93.5,2.5,3,6.78
36.0,-93.0,3.4,4,2.4000000000000004
36.0,-92.5,3.7,9,6.347777777777778
36.0,-92.0,2.28,12,6.7825
36.0,-91.5,3.3,91,9.616483516483516
36.0,-91.0,3.5,59,9.279152542372882
36.0,-90.5,2.58,9,13.780000000000001
36.0,-90.0,4.2,553,9.281735985533453
36.0,-89.5,4.0,1251,7.592478017585932
36.0,-89.0,3.1,10,7.151999999999999
36.0,-88.5,1.7,1,5.2
36.0,-87.0,2.6,1,0.0
36.0,-86.5,2.6,4,1.6
36.0,-86.0,1.6,1,10.6
36.0,-85.5,3.5,2,3.875
36.0,-85.0,2.25,7,9.430000000000001
36.0,-84.5,3.6,62,15.745645161290323
36.0,-84.0,2.9,180,13.325277777777778
36.0,-83.5,3.3,107,12.283177570093457
36.0,-83.0,3.7,18,7.126666666666667
36.0,-82.5,2.8,24,4.465
36.0,-82.0,3.0,14,8.489285714285714
36.0,-81.5,3.0,16,6.321875
36.0,-81.0,1.96,1,0.08
36.0,-80.5,2.5,15,3.8266666666666667
36.0,-80.0,2.7,8,5.14125
36.0,-79.5,2.33,1,6.08
36.0,-71.5,3.7,1,10.0
36.0,-36.0,4.9,1,10.0
36.0,-35.0,3.7,1,10.0
36.0,-34.5,4.5,6,10.0
36.0,-34.0,5.9,16,9.5
36.0,-18.0,4.6,1,10.0
36.0,-17.5,4.4,3,6.3
36.0,-16.5,3.5,1,10.0
36.0,-13.5,4.2,1,0.0
36.0,-12.0,4.3,2,10.0
36.0,-11.5,4.4,4,6.25
36.0,-11.0,4.3,6,8.333333333333334
36.0,-10.5,6.0,42,11.823809523809524
36.0,-10.0,4.3,31,7.138387096774193
36.0,-9.5,3.7,9,25.98888888888889
36.0,-9.0,4.0,7,19.17142857142857
36.0,-8.5,4.2,23,12.867478260869564
36.0,-8.0,4.3,10,18.259999999999998
36.0,-7.5,5.2,21,21.628571428571426
36.0,-7.0,3.5,6,21.599999999999998
36.0,-6.5,3.7,8,13.7875
36.0,-6.0,2.6,3,3.3333333333333335
36.0,-5.5,4.3,15,10.753333333333334
36.0,-5.0,4.0,23,37.7304347826087
36.0,-4.5,4.0,53,44.95283018867924
36.0,-4.0,4.3,49,3.5714285714285716
36.0,-3.5,4.7,86,3.440697674418604
36.0,-3.0,4.1,27,8.785185185185185
36.0,-2.5,3.5,24,5.670833333333333
36.0,-2.0,3.5,16,5.70625
36.0,-1.5,4.8,22,5.459090909090909
36.0,-1.0,4.0,20,7.83
36.0,-0.5,5.5,54,7.388148148148148
36.0,-0.0,4.8,14,7.717142857142856
36.0,0.5,4.5,8,7.24625
36.0,1.0,4.7,10,7.609999999999999
36.0,1.5,4.4,10,6.0
36.0,2.0,3.9,13,9.738461538461538
36.0,2.5,4.6,13,5.338461538461539
36.0,3.0,4.8,11,9.545454545454545
36.0,3.5,4.2,2,10.0
36.0,4.0,5.3,15,8.2
36.0,4.5,4.8,6,6.833333333333333
36.0,5.0,5.2,8,10.0
36.0,5.5,4.4,7,11.87142857142857
36.0,6.0,5.0,4,8.0
36.0,6.5,4.0,7,8.571428571428571
36.0,7.5,4.3,2,7.5
36.0,9.0,4.9,1,10.0
36.0,10.0,5.2,3,17.666666666666668
36.0,10.5,4.2,1,10.0
36.0,11.0,5.1,4,15.75
36.0,11.5,4.2,9,11.288888888888888
36.0,12.0,3.3,1,12.5
36.0,12.5,3.9,11,12.090909090909092
36.0,13.0,4.8,14,13.1
36.0,14.0,4.5,3,27.733333333333334
36.0,14.5,4.5,7,13.724285714285713
36.0,15.0,4.1,4,15.0275
36.0,16.5,3.2,1,10.0
36.0,17.0,4.4,1,10.0
36.0,17.5,3.3,1,10.0
36.0,18.5,4.1,1,35.0
36.0,19.0,4.3,1,33.0
36.0,19.5,5.3,1,33.0
36.0,20.0,4.1,1,16.2
36.0,20.5,3.7,1,10.0
36.0,21.0,4.5,15,23.35
36.0,21.5,5.4,274,17.629036496350363
36.0,22.0,5.7,434,16.726
36.0,22.5,5.9,111,23.881441441441442
36.0,23.0,5.3,87,19.21655172413793
36.0,23.5,4.6,156,29.969038461538464
36.0,24.0,4.7,69,27.64449275362319
36.0,24.5,4.5,22,38.14545454545455
36.0,25.0,5.3,40,28.442500000000003
36.0,25.5,4.8,55,31.87109090909091
36.0,26.0,4.6,34,41.000882352941176
36.0,26.5,6.2,46,52.24804347826087
36.0,27.0,6.2,306,21.31791503267974
36.0,27.5,4.9,230,24.57378260869565
36.0,28.0,6.4,80,48.136375
36.0,28.5,5.1,60,41.12166666666667
36.0,29.0,4.7,34,27.76764705882353
36.0,29.5,5.8,38,21.905973684210526
36.0,30.0,5.2,24,22.815833333333334
36.0,30.5,4.7,19,34.269473684210524
36.0,31.0,5.3,64,37.457109375
36.0,31.5,5.9,40,34.080625
36.0,32.0,5.3,30,39.83133333333333
36.0,32.5,4.4,9,21.444444444444443
36.0,33.5,4.0,3,11.666666666666666
36.0,34.0,4.2,5,26.46
36.0,34.5,4.4,3,20.400000000000002
36.0,35.0,4.4,2,21.5
36.0,35.5,4.7,13,12.44076923076923
36.0,36.0,6.3,42,11.766666666666666
36.0,36.5,4.4,4,17.41525
36.0,41.0,4.9,1,10.0
36.0,43.0,3.8,1,33.0
36.0,43.5,5.1,2,29.4
36.0,44.0,4.4,1,33.0
36.0,44.5,4.6,3,17.666666666666668
36.0,45.0,5.1,6,19.5
36.0,45.5,4.6,6,21.94333333333333
36.0,46.0,4.6,2,66.2
36.0,48.5,4.3,3,25.333333333333332
36.0,49.0,4.5,5,8.8
36.0,50.5,4.1,1,15.0
36.0,51.0,4.5,1,33.0
36.0,52.0,4.5,4,15.075
36.0,52.5,4.7,3,17.0
36.0,53.0,6.0,14,21.0
36.0,53.5,4.8,12,15.498333333333335
36.0,54.0,4.2,3,18.333333333333332
36.0,54.5,4.8,5,26.060000000000002
36.0,57.0,4.2,5,33.0
36.0,57.5,4.6,2,34.0
36.0,58.0,4.3,1,5.2
36.0,59.0,4.3,1,33.0
36.0,59.5,4.9,1,10.0
36.0,60.0,4.3,2,10.0
36.0,60.5,6.1,10,10.3
36.0,61.0,4.8,1,33.0
36.0,61.5,5.4,1,10.0
36.0,65.0,4.2,3,35.053333333333335
36.0,65.5,4.8,3,27.790000000000003
36.0,66.5,4.2,3,22.17
36.0,67.0,4.7,3,33.96666666666667
36.0,67.5,4.1,1,35.0
36.0,68.0,4.8,5,26.133999999999997
36.0,68.5,4.9,16,33.0925
36.0,69.0,5.3,96,29.198895833333335
36.0,69.5,6.1,85,75.26456470588235
36.0,70.0,5.7,107,116.65572897196262
36.0,70.5,6.3,184,108.03644565217391
36.0,71.0,5.3,247,103.08237246963563
36.0,71.5,5.2,108,95.84125925925926
36.0,72.0,5.0,11,126.98181818181818
36.0,72.5,4.9,5,50.019999999999996
36.0,73.0,4.9,9,40.172222222222224
36.0,73.5,4.9,12,43.15
36.0,74.0,4.8,5,51.224000000000004
36.0,74.5,4.3,2,67.94
36.0,75.5,4.0,2,33.0
36.0,76.0,4.5,8,39.18125
36.0,76.5,4.4,3,67.5
36.0,77.0,4.6,5,45.58
36.0,77.5,5.4,9,75.26222222222222
36.0,78.0,5.1,23,32.56739130434782
36.0,78.5,4.4,10,49.288
36.0,79.5,4.3,2,81.65
36.0,80.0,5.0,8,16.383875
36.0,80.5,5.3,5,23.8
36.0,81.0,5.3,16,21.3425
36.0,81.5,4.6,17,13.194117647058825
36.0,82.0,4.7,7,12.997142857142856
36.0,82.5,6.9,26,12.12423076923077
36.0,83.0,4.6,4,13.5375
36.0,84.0,4.4,1,10.0
36.0,84.5,4.0,1,33.0
36.0,85.0,4.9,1,22.6
36.0,87.0,3.6,1,10.0
36.0,87.5,4.4,1,25.2
36.0,88.5,5.2,4,15.75
36.0,89.0,4.1,1,10.0
36.0,89.5,4.5,1,33.0
36.0,90.0,4.9,8,22.3875
36.0,90.5,7.8,9,21.799999999999997
36.0,91.0,5.2,3,10.0
36.0,91.5,4.6,4,10.0
36.0,92.0,4.5,2,10.0
36.0,92.5,5.3,6,16.083333333333332
36.0,93.0,4.5,4,25.475
36.0,93.5,5.4,6,11.916666666666666
36.0,94.0,5.1,6,10.0
36.0,96.0,4.8,4,15.125
36.0,97.5,3.4,1,35.0
36.0,98.5,4.0,1,75.2
36.0,99.0,4.7,3,17.666666666666668
36.0,99.5,4.3,2,10.0
36.0,100.0,6.5,28,21.189285714285713
36.0,100.5,6.3,5,23.72
36.0,103.5,4.4,2,21.5
36.0,104.0,4.5,1,10.0
36.0,105.5,4.3,2,33.0
36.0,106.0,4.4,3,10.0
36.0,106.5,4.2,2,10.0
36.0,110.5,4.1,1,10.0
36.0,111.5,4.9,1,10.0
36.0,113.5,4.4,1,33.0
36.0,114.5,3.9,1,33.0
36.0,115.5,4.4,1,10.0
36.0,122.0,3.8,1,10.0
36.0,122.5,4.3,1,33.0
36.0,124.0,4.4,1,10.0
36.0,127.0,4.4,1,10.0
36.0,129.0,5.4,4,10.46
36.0,129.5,5.5,3,8.466666666666667
36.0,131.0,5.2,3,27.233333333333334
36.0,134.5,4.5,2,21.5
36.0,135.0,4.5,2,347.2
36.0,135.5,5.2,13,301.48
36.0,136.0,4.6,4,22.9
36.0,136.5,5.1,11,25.854545454545452
36.0,137.0,5.4,29,218.515
36.0,137.5,5.2,41,95.91731707317074
36.0,138.0,5.2,10,52.38199999999999
36.0,138.5,4.9,7,126.75142857142858
36.0,139.0,4.7,20,109.48074999999999
36.0,139.5,5.5,80,85.1846
36.0,140.0,5.8,305,66.27423606557377
36.0,140.5,5.3,90,56.97642222222222
36.0,141.0,5.8,217,35.32769124423963
36.0,141.5,6.9,243,30.8979670781893
36.0,142.0,6.5,297,28.696215488215486
36.0,142.5,6.6,75,26.406133333333333
36.0,143.0,4.9,21,25.977142857142855
36.0,143.5,5.0,29,25.64862068965517
36.0,144.0,5.0,9,24.01
36.0,144.5,4.8,3,25.266666666666666
36.0,176.0,4.3,1,10.0
36.5,-126.0,4.0,1,4.756
36.5,-123.0,2.71,5,2.038
36.5,-122.5,2.98,13,8.954923076923077
36.5,-122.0,3.43,206,9.71052427184466
36.5,-121.5,4.71,10599,5.696404189074441
36.5,-121.0,5.29,29819,5.896068915791944
36.5,-120.5,4.2,1590,9.74680251572327
36.5,-120.0,3.77,209,13.015602870813398
36.5,-119.5,3.26,98,15.164214285714287
36.5,-119.0,2.66,24,10.898708333333333
36.5,-118.5,3.65,362,4.018444751381216
36.5,-118.0,5.19,4199,4.527158609192665
36.5,-117.5,4.72,677,4.387420974889217
36.5,-117.0,4.65,2366,5.9768474218089604
36.5,-116.5,5.8,6338,7.708670637425055
36.5,-116.0,4.4,2340,5.459925213675214
36.5,-115.5,3.9,861,5.569918699186991
36.5,-115.0,3.6,208,5.476
36.5,-114.5,3.7,56,5.085125
36.5,-114.0,3.8,117,5.658888888888889
36.5,-113.5,4.4,40,6.8155
36.5,-113.0,3.4,18,8.391855555555557
36.5,-112.5,3.6,13,9.117307692307692
36.5,-112.0,3.1,5,8.162
36.5,-111.5,2.5,1,10.0
36.5,-110.0,2.6,1,13.264
36.5,-109.5,2.5,1,5.0
36.5,-107.0,3.7,6,7.801666666666667
36.5,-106.5,3.7,9,5.0088888888888885
36.5,-106.0,2.7,2,8.92
36.5,-105.0,4.0,7,6.0442857142857145
36.5,-103.5,3.8,1,5.0
36.5,-103.0,3.7,1,5.0
36.5,-100.0,4.05,2,7.335
36.5,-99.5,3.2,47,6.324595744680851
36.5,-99.0,4.4,3342,7.1740382474652895
36.5,-98.5,5.1,1202,6.510346089850249
36.5,-98.0,4.4,1194,6.365850921273032
36.5,-97.5,4.6,2540,6.368981764459055
36.5,-97.0,5.8,1416,5.589091255125847
36.5,-96.5,4.4,79,4.251379746835442
36.5,-96.0,2.7,4,2.745
36.5,-95.0,1.99,1,7.0
36.5,-94.5,2.6,1,1.45
36.5,-94.0,2.2,5,9.97
36.5,-93.0,3.6,81,3.8659259259259255
36.5,-92.5,2.8,11,5.083636363636364
36.5,-92.0,2.5,7,3.7114285714285713
36.5,-91.5,3.9,28,5.922142857142857
36.5,-91.0,3.9,55,9.335090909090908
36.5,-90.5,2.5,8,11.2625
36.5,-90.0,4.5,118,8.143983050847458
36.5,-89.5,3.5,4187,7.9182827800334366
36.5,-89.0,2.3,4,6.955
36.5,-88.5,2.1,1,1.8
36.5,-88.0,2.23,1,25.35
36.5,-85.0,2.5,3,9.206666666666667
36.5,-84.5,2.4,4,8.877500000000001
36.5,-84.0,3.8,38,18.562105263157896
36.5,-83.5,3.8,67,12.673880597014925
36.5,-83.0,2.58,14,13.43142857142857
36.5,-82.5,2.5,9,10.563333333333333
36.5,-82.0,3.0,5,7.252
36.5,-81.5,2.7,9,3.9566666666666666
36.5,-81.0,5.1,110,2.8706363636363634
36.5,-80.5,2.71,3,1.58
36.5,-34.0,5.4,14,10.0
36.5,-33.5,4.9,6,10.0
36.5,-33.0,4.4,1,10.0
36.5,-32.5,5.0,1,10.0
36.5,-24.5,4.2,1,10.0
36.5,-14.5,3.6,1,10.0
36.5,-14.0,4.3,1,10.0
36.5,-13.5,4.3,3,6.666666666666667
36.5,-13.0,3.7,5,8.0
36.5,-12.5,4.7,13,15.107692307692307
36.5,-12.0,5.0,7,10.428571428571429
36.5,-11.5,4.7,23,10.421739130434782
36.5,-11.0,4.7,35,3.716285714285714
36.5,-10.5,4.5,13,6.776923076923077
36.5,-10.0,5.6,57,19.614035087719298
36.5,-9.5,4.0,57,6.228070175438597
36.5,-9.0,4.2,22,12.818181818181818
36.5,-8.5,4.2,19,11.978947368421052
36.5,-8.0,4.5,80,15.855
36.5,-7.5,4.7,134,18.33671641791045
36.5,-7.0,4.0,67,17.865671641791046
36.5,-6.5,4.5,16,18.13125
36.5,-6.0,4.1,57,10.033333333333333
36.5,-5.5,4.4,100,9.5078
36.5,-5.0,4.3,65,15.044615384615383
36.5,-4.5,4.3,126,38.31587301587302
36.5,-4.0,3.4,36,10.241666666666667
36.5,-3.5,4.5,103,5.041747572815534
36.5,-3.0,4.9,445,4.962247191011236
36.5,-2.5,4.3,93,5.775268817204301
36.5,-2.0,3.6,44,5.2272727272727275
36.5,-1.5,4.6,10,6.43
36.5,-1.0,1.7,1,0.0
36.5,-0.5,2.1,2,0.0
36.5,-0.0,4.4,2,5.0
36.5,0.5,4.0,2,5.0
36.5,1.0,4.4,15,9.253333333333334
36.5,1.5,4.8,45,7.302222222222222
36.5,2.0,4.7,12,10.25
36.5,2.5,4.7,32,7.16125
36.5,3.0,5.1,42,8.494047619047619
36.5,3.5,5.4,67,9.74865671641791
36.5,4.0,4.4,33,9.090909090909092
36.5,4.5,4.4,14,7.142857142857143
36.5,5.0,5.7,34,8.13529411764706
36.5,5.5,5.2,34,9.729411764705883
36.5,6.0,4.6,7,8.571428571428571
36.5,6.5,5.0,12,7.756666666666667
36.5,7.0,5.1,12,9.2975
36.5,7.5,4.5,2,10.0
36.5,8.0,4.3,3,9.5
36.5,8.5,4.6,1,33.0
36.5,9.0,5.2,2,21.5
36.5,9.5,4.5,1,10.0
36.5,10.0,4.5,1,0.0
36.5,11.0,4.5,5,15.8
36.5,11.5,4.0,3,10.0
36.5,12.0,4.3,2,16.58
36.5,12.5,3.9,2,24.85
36.5,13.0,4.2,9,12.899999999999999
36.5,13.5,4.1,2,36.2
36.5,14.0,2.7,1,10.0
36.5,14.5,3.0,3,8.333333333333334
36.5,15.0,4.4,7,9.971428571428572
36.5,15.5,4.1,6,11.483333333333334
36.5,16.0,4.5,4,20.625
36.5,19.0,4.6,5,19.784
36.5,19.5,4.7,1,10.0
36.5,20.0,4.5,3,13.833333333333334
36.5,20.5,4.5,6,19.5
36.5,21.0,4.2,44,17.786363636363635
36.5,21.5,6.9,204,25.187941176470588
36.5,22.0,6.5,357,15.78356862745098
36.5,22.5,4.8,105,20.01009523809524
36.5,23.0,6.7,179,17.776871508379887
36.5,23.5,5.8,38,35.21973684210526
36.5,24.0,4.9,17,48.84117647058823
36.5,24.5,5.9,24,34.486666666666665
36.5,25.0,4.4,15,26.918
36.5,25.5,4.9,127,19.456692913385826
36.5,26.0,4.9,31,39.49032258064516
36.5,26.5,5.1,118,62.3935593220339
36.5,27.0,5.6,292,51.95373287671233
36.5,27.5,5.1,90,38.06933333333333
36.5,28.0,5.5,78,44.28153846153846
36.5,28.5,5.1,60,34.32516666666667
36.5,29.0,6.0,108,20.235944444444446
36.5,29.5,4.2,21,17.23333333333333
36.5,30.0,4.5,19,27.14736842105263
36.5,30.5,4.6,11,26.481818181818177
36.5,31.0,4.9,25,53.88648
36.5,31.5,4.5,19,37.51894736842105
36.5,32.0,3.9,10,20.4
36.5,32.5,3.7,2,25.0
36.5,33.5,3.5,2,18.0
36.5,34.5,4.5,4,14.5
36.5,35.0,4.9,3,14.873333333333335
36.5,35.5,4.4,7,12.942857142857141
36.5,36.0,5.3,29,9.71144827586207
36.5,36.5,4.9,26,11.024692307692307
36.5,37.0,4.4,1,10.0
36.5,38.0,3.7,1,5.9
36.5,41.0,4.4,1,10.0
36.5,42.5,4.4,2,22.65
36.5,43.5,4.9,6,24.938333333333333
36.5,44.0,5.5,5,31.5
36.5,44.5,3.9,1,5.0
36.5,45.0,4.9,6,27.599999999999998
36.5,45.5,4.2,1,37.5
36.5,48.5,4.9,2,35.15
36.5,49.0,4.7,2,10.0
36.5,49.5,5.3,6,21.5
36.5,50.0,5.8,13,21.584615384615386
36.5,50.5,4.4,1,33.0
36.5,51.0,4.4,5,23.8
36.5,51.5,6.3,17,11.647058823529411
36.5,52.0,4.8,5,30.3
36.5,52.5,5.1,5,22.82
36.5,53.0,5.1,8,21.8875
36.5,53.5,4.8,1,10.0
36.5,54.0,4.4,6,16.666666666666668
36.5,54.5,5.0,6,16.416666666666668
36.5,55.0,4.5,5,18.8
36.5,55.5,4.4,3,9.333333333333334
36.5,56.0,4.0,1,10.5
36.5,56.5,4.4,1,33.0
36.5,57.0,5.0,1,6.4
36.5,57.5,4.6,3,31.5
36.5,58.5,4.5,5,13.36
36.5,59.0,5.1,4,15.325
36.5,59.5,4.2,1,10.0
36.5,60.0,4.3,2,21.5
36.5,60.5,4.4,2,26.25
36.5,61.0,4.8,1,10.0
36.5,64.5,4.6,1,18.34
36.5,65.0,3.6,1,10.0
36.5,65.5,3.8,1,17.0
36.5,66.0,5.0,1,14.9
36.5,66.5,5.4,1,21.63
36.5,67.0,4.8,7,27.972857142857144
36.5,67.5,5.0,9,22.945555555555554
36.5,68.0,4.6,8,24.0075
36.5,68.5,5.1,38,36.53
36.5,69.0,5.2,57,39.988771929824566
36.5,69.5,5.5,80,97.328075
36.5,70.0,5.9,209,179.89544976076553
36.5,70.5,7.5,653,191.82785758039816
36.5,71.0,7.0,1510,178.6324761589404
36.5,71.5,6.3,703,135.78077240398292
36.5,72.0,4.8,29,93.35448275862069
36.5,72.5,4.4,6,37.222833333333334
36.5,73.0,5.7,21,28.785238095238096
36.5,73.5,4.2,3,51.96666666666667
36.5,74.0,5.0,4,39.2875
36.5,74.5,4.2,2,33.0
36.5,76.0,4.6,6,37.038333333333334
36.5,76.5,5.0,12,63.600833333333334
36.5,77.0,4.8,15,77.0802
36.5,77.5,5.1,4,103.1325
36.5,78.0,4.7,4,64.6775
36.5,78.5,4.6,3,48.93333333333334
36.5,79.0,4.5,1,33.0
36.5,79.5,4.1,1,36.7
36.5,80.0,4.9,3,29.366666666666664
36.5,81.0,4.4,1,33.0
36.5,81.5,4.9,6,18.0
36.5,82.0,3.7,1,33.0
36.5,82.5,5.3,6,12.338333333333333
36.5,83.0,4.3,1,10.0
36.5,83.5,4.5,3,10.0
36.5,84.0,4.6,1,14.06
36.5,84.5,5.0,2,25.0
36.5,85.0,4.7,2,13.0
36.5,87.0,5.4,2,8.59
36.5,87.5,5.2,3,17.666666666666668
36.5,88.0,4.5,1,33.0
36.5,88.5,4.3,1,35.0
36.5,90.5,4.6,1,13.78
36.5,92.0,4.9,1,33.0
36.5,92.5,4.0,1,33.0
36.5,94.0,4.7,3,10.0
36.5,95.0,4.3,2,27.5
36.5,96.5,4.7,1,15.3
36.5,97.5,4.8,2,24.66
36.5,98.0,5.1,1,12.28
36.5,98.5,4.8,3,14.166666666666666
36.5,99.0,4.1,2,21.5
36.5,100.0,4.6,6,22.633333333333336
36.5,100.5,4.4,2,10.0
36.5,101.0,3.3,1,33.0
36.5,103.0,5.6,4,16.974999999999998
36.5,103.5,3.5,1,10.0
36.5,104.0,3.2,1,33.0
36.5,105.5,4.8,3,17.666666666666668
36.5,106.0,4.7,3,17.666666666666668
36.5,106.5,4.3,3,42.45666666666667
36.5,111.5,4.4,1,23.6
36.5,114.5,3.8,1,33.0
36.5,115.0,3.6,1,33.0
36.5,116.5,4.4,1,10.0
36.5,123.5,4.2,1,10.0
36.5,128.0,3.5,1,10.0
36.5,130.0,5.3,3,31.733333333333334
36.5,132.5,4.3,1,7.612
36.5,133.0,3.9,1,33.0
36.5,134.5,4.4,1,384.6
36.5,135.0,4.1,1,380.5
36.5,135.5,4.3,2,191.395
36.5,136.0,4.4,4,18.5275
36.5,136.5,4.6,5,110.88199999999999
36.5,137.0,4.6,18,249.48350000000002
36.5,137.5,5.5,52,71.58171153846153
36.5,138.0,6.2,13,69.06846153846153
36.5,138.5,5.2,20,122.335
36.5,139.0,4.6,13,114.52384615384615
36.5,139.5,5.8,37,89.36391891891893
36.5,140.0,4.9,38,86.21731578947367
36.5,140.5,5.4,162,59.355771604938276
36.5,141.0,7.9,333,44.542075075075076
36.5,141.5,6.2,287,36.801881533101046
36.5,142.0,6.4,315,29.848279365079367
36.5,142.5,6.3,210,25.182957142857145
36.5,143.0,5.4,65,24.818923076923078
36.5,143.5,5.3,59,25.71457627118644
36.5,144.0,5.7,36,22.878888888888888
36.5,144.5,4.8,28,23.50357142857143
36.5,145.0,4.2,1,35.02
36.5,146.5,4.5,1,10.0
37.0,-123.0,1.77,1,4.023
37.0,-122.5,3.6,367,7.945604904632152
37.0,-122.0,3.8,4665,8.2952718113612
37.0,-121.5,5.4,23997,6.368433304163021
37.0,-121.0,4.2,1635,4.1208311926605505
37.0,-120.5,3.31,150,5.878146666666667
37.0,-120.0,3.72,330,16.118130303030302
37.0,-119.5,3.64,253,20.06498814229249
37.0,-119.0,3.3,92,17.604945652173914
37.0,-118.5,4.77,950,8.843416842105261
37.0,-118.0,6.1,2107,5.82933270052207
37.0,-117.5,4.85,5970,8.15919065326633
37.0,-117.0,3.4,1898,6.672538883034774
37.0,-116.5,3.4,3474,6.21774853195164
37.0,-116.0,5.0,4922,5.594153636733036
37.0,-115.5,3.7,1352,4.227655621301775
37.0,-115.0,4.6,888,3.9305518018018017
37.0,-114.5,4.4,225,3.8944666666666667
37.0,-114.0,2.99,165,6.700969696969698
37.0,-113.5,5.93,516,8.131055038759689
37.0,-113.0,3.78,509,14.840294695481337
37.0,-112.5,3.5,229,16.328034934497815
37.0,-112.0,3.64,72,10.01875
37.0,-111.5,3.05,14,6.710714285714286
37.0,-111.0,3.3,3,5.046666666666667
37.0,-110.5,3.37,12,2.72
37.0,-110.0,2.98,3,4.75
37.0,-109.5,3.73,3,6.846666666666667
37.0,-109.0,2.65,1,7.86
37.0,-105.5,2.9,2,5.0
37.0,-105.0,5.0,606,5.278153465346535
37.0,-104.5,5.3,134,5.250447761194029
37.0,-103.5,2.7,2,4.890000000000001
37.0,-103.0,1.9,2,5.0
37.0,-100.5,2.45,1,6.0
37.0,-100.0,2.75,13,7.533076923076924
37.0,-99.5,3.1,61,5.033377049180328
37.0,-99.0,3.2,41,5.4244139688048785
37.0,-98.5,4.4,243,5.214411522633745
37.0,-98.0,4.7,3797,5.303489597050302
37.0,-97.5,4.2,1742,5.402683122847302
37.0,-97.0,2.3,4,6.6825
37.0,-96.5,2.09,1,16.24
37.0,-93.0,2.32,1,3.16
37.0,-92.5,2.4,1,0.03
37.0,-92.0,2.61,7,6.184285714285714
37.0,-91.5,3.7,4,3.92
37.0,-91.0,3.48,16,8.646875
37.0,-90.5,4.0,29,8.716206896551723
37.0,-90.0,3.1,4,9.92
37.0,-89.5,4.8,85,9.749411764705883
37.0,-89.0,3.6,82,8.448170731707316
37.0,-88.5,3.1,2,0.855
37.0,-87.5,2.3,1,5.0
37.0,-87.0,2.6,5,13.806000000000001
37.0,-86.5,1.9,1,5.0
37.0,-84.5,2.67,2,7.855
37.0,-84.0,3.7,16,7.365
37.0,-83.5,4.0,16,11.25625
37.0,-83.0,4.2,15,8.582666666666666
37.0,-82.5,2.9,4,9.732499999999998
37.0,-82.0,4.3,9,5.65
37.0,-81.5,3.4,2,5.0200000000000005
37.0,-81.0,2.9,14,8.907142857142857
37.0,-80.5,2.2,3,13.283333333333333
37.0,-80.0,3.0,2,11.445
37.0,-73.0,4.6,1,10.0
37.0,-33.5,5.1,1,10.0
37.0,-33.0,5.5,29,10.0
37.0,-32.5,5.9,22,11.727272727272727
37.0,-32.0,4.3,1,10.0
37.0,-25.0,4.3,2,10.0
37.0,-24.5,5.7,36,10.0
37.0,-24.0,4.7,3,10.0
37.0,-23.5,4.5,1,10.0
37.0,-23.0,4.6,1,10.0
37.0,-21.0,4.1,1,10.0
37.0,-15.0,3.8,1,10.0
37.0,-14.5,4.7,3,10.0
37.0,-14.0,5.5,14,8.071428571428571
37.0,-13.5,4.6,17,3.5294117647058822
37.0,-13.0,4.4,13,3.5
37.0,-12.5,5.0,18,5.412222222222223
37.0,-12.0,4.8,13,6.153846153846154
37.0,-11.5,4.6,15,6.853333333333334
37.0,-11.0,4.7,79,3.7848101265822787
37.0,-10.5,4.4,20,5.13
37.0,-10.0,4.2,12,2.4583333333333335
37.0,-9.5,4.1,48,5.789583333333333
37.0,-9.0,3.8,12,12.125
37.0,-8.5,4.3,23,13.328260869565218
37.0,-8.0,4.0,18,17.383333333333333
37.0,-7.5,3.5,37,22.64324324324324
37.0,-7.0,4.4,51,19.672549019607843
37.0,-6.5,3.8,18,12.022222222222222
37.0,-6.0,3.9,41,6.960975609756097
37.0,-5.5,4.7,465,5.658666666666667
37.0,-5.0,4.4,208,9.157692307692308
37.0,-4.5,4.0,291,9.994501718213058
37.0,-4.0,4.4,878,5.103075170842825
37.0,-3.5,4.6,510,6.430000000000001
37.0,-3.0,5.3,212,4.610849056603773
37.0,-2.5,5.0,200,4.784
37.0,-2.0,4.1,67,6.423880597014925
37.0,-1.5,3.6,14,4.128571428571428
37.0,-0.5,2.7,1,8.6
37.0,0.5,5.0,2,10.0
37.0,1.0,3.8,6,12.666666666666666
37.0,1.5,3.3,2,21.5
37.0,2.0,4.0,11,7.1909090909090905
37.0,2.5,5.2,19,8.436842105263159
37.0,3.0,5.5,25,5.772
37.0,3.5,6.8,227,8.849295154185022
37.0,4.0,5.7,198,9.861616161616162
37.0,4.5,4.6,10,9.3
37.0,5.0,6.0,10,6.8
37.0,5.5,5.0,20,5.55
37.0,6.5,3.6,2,10.0
37.0,7.0,4.6,2,10.0
37.0,8.5,4.2,3,6.666666666666667
37.0,9.0,3.2,1,10.0
37.0,9.5,4.3,1,10.0
37.0,10.5,4.7,2,10.71
37.0,11.0,2.9,1,10.0
37.0,12.5,3.0,1,5.0
37.0,13.0,4.0,4,12.9
37.0,13.5,3.0,1,10.0
37.0,14.0,3.3,2,10.0
37.0,14.5,4.5,11,18.469636363636365
37.0,15.0,4.5,4,22.5
37.0,15.5,3.5,7,11.228571428571428
37.0,16.0,4.7,11,15.627272727272727
37.0,16.5,4.1,5,11.028
37.0,17.0,4.6,4,17.5
37.0,18.0,3.4,1,10.0
37.0,18.5,2.9,1,10.0
37.0,19.0,3.9,1,5.0
37.0,19.5,3.8,3,23.666666666666668
37.0,20.0,5.5,16,19.043125
37.0,20.5,5.2,128,14.23125
37.0,21.0,5.5,232,13.47071551724138
37.0,21.5,5.4,247,19.351125506072876
37.0,22.0,5.6,164,14.736749999999999
37.0,22.5,6.2,46,17.393478260869564
37.0,23.0,4.9,112,21.969107142857144
37.0,23.5,4.8,34,30.14205882352941
37.0,24.0,5.0,31,39.351612903225806
37.0,24.5,4.3,11,46.554545454545455
37.0,25.0,4.2,5,136.78
37.0,25.5,4.6,7,40.135714285714286
37.0,26.0,3.8,5,11.4
37.0,26.5,4.6,63,24.403174603174605
37.0,27.0,5.1,19,29.557894736842105
37.0,27.5,6.6,308,17.59134090909091
37.0,28.0,5.6,306,21.42967320261438
37.0,28.5,5.2,125,13.20432
37.0,29.0,5.4,311,9.967363344051448
37.0,29.5,5.5,170,11.103823529411764
37.0,30.0,4.7,19,22.936842105263157
37.0,30.5,5.1,38,40.028026315789475
37.0,31.0,5.2,34,73.81764705882354
37.0,31.5,5.5,14,42.12857142857143
37.0,32.0,4.8,10,14.4
37.0,32.5,4.2,3,12.700000000000001
37.0,33.0,3.9,2,21.5
37.0,33.5,3.1,1,10.0
37.0,34.0,4.3,1,29.4
37.0,34.5,4.5,9,9.466666666666667
37.0,35.0,4.7,11,27.845454545454547
37.0,35.5,6.3,45,14.674133333333334
37.0,36.0,5.5,26,11.881153846153847
37.0,36.5,5.6,34,9.821911764705883
37.0,37.0,7.8,22,11.395727272727273
37.0,39.0,3.0,2,9.75
37.0,42.0,4.3,3,22.066666666666666
37.0,42.5,4.8,2,24.95
37.0,43.0,4.7,3,33.666666666666664
37.0,43.5,4.5,6,15.366666666666667
37.0,44.0,4.6,4,32.825
37.0,44.5,4.1,2,29.65
37.0,45.0,4.9,10,18.229999999999997
37.0,47.0,3.9,1,10.0
37.0,47.5,3.8,1,13.03
37.0,48.0,3.9,1,10.0
37.0,48.5,4.6,1,52.3
37.0,49.0,5.0,5,10.8
37.0,49.5,7.4,32,17.86875
37.0,50.0,5.4,17,12.705882352941176
37.0,50.5,4.7,4,21.5
37.0,51.0,4.3,1,10.0
37.0,51.5,4.4,2,6.3
37.0,53.5,4.1,1,10.0
37.0,54.0,4.8,3,17.666666666666668
37.0,54.5,5.6,19,22.068421052631578
37.0,55.0,5.3,20,22.434
37.0,55.5,4.7,6,17.25
37.0,56.0,4.9,6,17.848333333333333
37.0,56.5,4.4,4,19.5
37.0,57.0,4.8,7,22.114285714285717
37.0,57.5,4.8,6,13.35
37.0,58.0,4.9,3,17.57
37.0,58.5,4.5,4,11.025
37.0,59.5,4.0,2,10.0
37.0,61.5,4.5,1,10.12
37.0,66.0,4.3,1,21.52
37.0,66.5,5.1,2,14.44
37.0,67.0,6.1,4,30.67125
37.0,67.5,4.5,3,36.733333333333334
37.0,68.0,4.4,8,24.375
37.0,68.5,5.2,29,30.274827586206897
37.0,69.0,5.4,7,36.354285714285716
37.0,69.5,4.5,29,36.17344827586207
37.0,70.0,6.6,95,49.80674736842105
37.0,70.5,4.8,25,92.6116
37.0,71.0,6.3,118,103.2661779661017
37.0,71.5,6.2,308,106.14928896103896
37.0,72.0,5.0,175,150.01269142857143
37.0,72.5,4.7,27,84.49292592592592
37.0,73.0,6.3,62,47.83951612903226
37.0,73.5,4.7,12,37.13166666666667
37.0,74.0,4.3,5,62.898
37.0,74.5,3.9,4,40.3175
37.0,75.0,3.5,1,35.0
37.0,75.5,4.5,5,29.146000000000004
37.0,76.0,4.5,4,49.11
37.0,77.0,4.9,9,86.67444444444443
37.0,77.5,4.1,4,33.5
37.0,78.0,5.1,6,35.03
37.0,78.5,5.0,10,28.48
37.0,79.0,5.4,9,20.844444444444445
37.0,79.5,4.6,7,15.857142857142858
37.0,80.0,4.2,1,33.0
37.0,80.5,4.1,1,18.6
37.0,83.5,4.2,1,10.0
37.0,84.5,3.7,1,10.0
37.0,85.0,5.6,3,10.0
37.0,85.5,3.6,1,10.0
37.0,89.5,4.4,2,10.0
37.0,90.5,4.0,1,11.3
37.0,94.5,5.1,5,15.713999999999999
37.0,95.0,4.2,1,9.92
37.0,95.5,5.0,11,15.0
37.0,96.0,4.7,2,21.5
37.0,96.5,5.1,4,27.975
37.0,97.0,5.0,4,10.0
37.0,97.5,4.4,1,35.0
37.0,98.0,5.0,4,37.975
37.0,98.5,3.8,1,19.0
37.0,99.0,4.3,1,10.0
37.0,101.5,4.2,1,10.0
37.0,103.5,4.9,6,13.9
37.0,104.0,5.7,8,23.575
37.0,104.5,4.3,1,14.99
37.0,105.5,4.2,1,33.0
37.0,106.0,4.2,1,10.0
37.0,106.5,4.3,2,28.2
37.0,111.5,4.3,1,33.0
37.0,112.0,3.6,1,10.0
37.0,113.5,3.7,1,33.0
37.0,118.0,4.3,1,10.0
37.0,120.0,4.6,1,24.81
37.0,121.0,4.5,1,65.2
37.0,121.5,4.4,2,22.54
37.0,122.0,4.6,2,28.12
37.0,128.0,3.2,1,9.469
37.0,129.0,4.8,1,10.0
37.0,134.5,4.1,3,373.0333333333333
37.0,135.0,6.8,24,374.400875
37.0,135.5,5.9,22,289.3572727272727
37.0,136.0,4.6,3,225.66666666666666
37.0,136.5,5.1,33,15.075757575757576
37.0,137.0,5.4,15,123.71926666666667
37.0,137.5,4.7,6,221.96666666666667
37.0,138.0,4.8,19,79.54568421052632
37.0,138.5,6.2,56,33.380892857142854
37.0,139.0,6.6,39,24.02051282051282
37.0,139.5,5.2,19,47.643157894736845
37.0,140.0,5.1,22,77.59663636363636
37.0,140.5,6.6,235,37.372297872340425
37.0,141.0,6.3,281,45.26
37.0,141.5,6.2,283,35.662897526501766
37.0,142.0,6.1,208,31.518509615384616
37.0,142.5,6.5,230,27.323434782608697
37.0,143.0,5.7,55,27.547818181818183
37.0,143.5,5.5,124,23.487016129032256
37.0,144.0,6.4,121,24.887190082644626
37.0,144.5,7.1,81,27.770246913580245
37.0,145.0,5.4,16,21.688125
37.0,145.5,4.2,1,10.0
37.5,-123.5,2.83,2,8.314
37.5,-123.0,3.31,8,5.9185
37.5,-122.5,3.6,3261,7.899130634774608
37.5,-122.0,4.1,9625,6.5757986493506495
37.5,-121.5,5.06,8906,5.576492813833371
37.5,-121.0,3.5,64,4.1795625
37.5,-120.5,3.94,14,11.599785714285714
37.5,-120.0,3.64,878,17.62968451025057
37.5,-119.5,4.02,3179,10.126129915067631
37.5,-119.0,5.5,160842,3.7290218723965136
37.5,-118.5,4.3,14844,7.757616222042576
37.5,-118.0,4.75,1616,5.111883663366337
37.5,-117.5,4.4,2239,6.008143992853952
37.5,-117.0,5.7,9762,6.789576009014546
37.5,-116.5,4.1,820,8.691040243902439
37.5,-116.0,3.6,1295,5.478646332046332
37.5,-115.5,3.8,840,3.767589523809524
37.5,-115.0,4.5,1226,4.373833605220228
37.5,-114.5,5.3,784,4.9423642857142855
37.5,-114.0,4.24,714,5.727773109243698
37.5,-113.5,3.79,297,5.316228956228956
37.5,-113.0,4.19,939,6.542225772097976
37.5,-112.5,3.9,571,8.722380035026271
37.5,-112.0,2.97,19,12.380526315789472
37.5,-111.5,4.0,14,11.834285714285715
37.5,-111.0,2.77,7,6.074285714285714
37.5,-110.5,3.41,102,5.581862745098039
37.5,-110.0,3.0,3,2.8966666666666665
37.5,-109.5,3.64,11,5.137272727272728
37.5,-109.0,2.02,3,13.663333333333334
37.5,-108.5,2.1,6,6.096666666666667
37.5,-108.0,3.6,4,5.471
37.5,-107.5,1.6,1,5.0
37.5,-107.0,2.9,1,5.0
37.5,-106.5,3.4,9,5.0
37.5,-105.5,3.5,173,5.363346820809249
37.5,-105.0,4.0,55,5.50730909090909
37.5,-104.5,4.1,174,5.5151321839080465
37.5,-104.0,3.8,17,5.487058823529412
37.5,-103.0,3.7,8,8.08625
37.5,-100.0,2.8,1,5.0
37.5,-99.0,4.0,5,5.612
37.5,-98.5,2.8,2,7.24
37.5,-98.0,4.1,326,4.633098159509203
37.5,-97.5,4.9,295,4.8851525423728805
37.5,-97.0,3.7,47,5.059106382978723
37.5,-95.5,3.0,1,9.22
37.5,-92.5,2.6,4,2.095
37.5,-91.5,2.4,1,0.4
37.5,-91.0,2.6,3,10.18
37.5,-90.5,2.7,5,10.174
37.5,-90.0,2.7,9,7.607777777777778
37.5,-89.5,3.2,27,8.997037037037037
37.5,-89.0,4.2,5,10.754000000000001
37.5,-88.5,2.9,4,6.2675
37.5,-87.5,3.03,11,10.437272727272727
37.5,-87.0,2.5,6,7.466666666666666
37.5,-84.5,2.1,2,16.57
37.5,-84.0,2.4,2,12.600000000000001
37.5,-83.5,2.57,5,4.696
37.5,-83.0,2.5,5,8.856
37.5,-82.5,2.47,2,6.57
37.5,-81.0,3.1,14,7.577142857142857
37.5,-80.5,3.2,17,12.790588235294118
37.5,-80.0,2.56,3,12.61
37.5,-79.5,2.32,1,8.09
37.5,-79.0,2.7,1,0.0
37.5,-78.5,3.8,10,7.345000000000001
37.5,-78.0,3.8,26,9.527307692307692
37.5,-77.5,2.51,9,7.231111111111111
37.5,-76.5,2.9,1,1.0
37.5,-32.5,5.0,19,10.0
37.5,-32.0,5.1,23,10.108695652173912
37.5,-31.5,4.9,3,10.323333333333332
37.5,-31.0,4.5,2,10.0
37.5,-30.5,4.8,1,10.0
37.5,-25.5,4.5,3,10.0
37.5,-25.0,5.9,7,10.0
37.5,-24.5,6.3,25,9.68
37.5,-23.5,4.6,2,10.0
37.5,-22.5,4.4,2,10.0
37.5,-21.0,4.6,1,10.0
37.5,-19.5,4.6,1,10.0
37.5,-19.0,4.0,1,10.0
37.5,-18.0,5.2,2,10.0
37.5,-17.5,5.0,4,10.0
37.5,-17.0,4.0,2,8.9
37.5,-16.5,4.3,2,11.495000000000001
37.5,-16.0,4.5,11,0.9090909090909091
37.5,-15.5,4.5,3,0.0
37.5,-15.0,3.5,3,6.666666666666667
37.5,-14.0,4.6,14,0.6428571428571429
37.5,-13.5,4.7,17,2.9411764705882355
37.5,-13.0,4.3,7,3.5714285714285716
37.5,-12.5,4.2,2,12.5
37.5,-10.5,2.9,2,0.0
37.5,-9.5,4.1,9,7.333333333333333
37.5,-9.0,3.2,6,10.383333333333333
37.5,-8.5,3.8,23,11.0
37.5,-8.0,3.5,11,8.954545454545455
37.5,-7.5,3.4,9,9.822222222222223
37.5,-7.0,3.1,16,9.48125
37.5,-6.5,3.0,9,5.544444444444444
37.5,-6.0,3.2,13,8.430769230769231
37.5,-5.5,3.4,4,9.0
37.5,-5.0,3.0,13,9.207692307692309
37.5,-4.5,4.2,59,7.771186440677966
37.5,-4.0,3.8,139,12.341007194244606
37.5,-3.5,3.7,112,8.570535714285715
37.5,-3.0,3.5,48,5.383333333333333
37.5,-2.5,4.5,196,4.453571428571428
37.5,-2.0,3.9,175,5.747085714285714
37.5,-1.5,5.1,84,6.046428571428571
37.5,-1.0,2.8,6,7.3
37.5,-0.5,2.6,2,6.1
37.5,-0.0,3.4,2,10.05
37.5,2.0,3.7,1,0.0
37.5,2.5,3.7,1,11.0
37.5,3.0,3.5,7,9.057142857142857
37.5,3.5,3.8,4,7.5
37.5,4.0,4.1,2,5.0
37.5,5.5,3.7,2,10.0
37.5,8.5,3.6,1,10.0
37.5,10.0,3.3,1,10.0
37.5,11.0,3.5,3,10.0
37.5,11.5,3.5,5,10.02
37.5,12.0,3.4,2,7.55
37.5,13.0,4.1,10,6.7279
37.5,13.5,4.2,4,29.925
37.5,14.0,4.8,18,24.605555555555554
37.5,14.5,3.4,11,18.066363636363636
37.5,15.0,5.0,140,9.54
37.5,15.5,5.6,17,12.928764705882353
37.5,16.0,4.6,28,19.842857142857145
37.5,16.5,4.7,23,25.70434782608696
37.5,17.0,4.5,6,23.168333333333333
37.5,18.0,4.1,3,31.666666666666668
37.5,19.0,3.6,1,33.0
37.5,19.5,4.4,14,12.142857142857142
37.5,20.0,5.4,61,17.501196721311477
37.5,20.5,6.8,431,13.899118329466358
37.5,21.0,5.7,1010,14.318257425742575
37.5,21.5,5.4,307,17.303892508143324
37.5,22.0,5.3,256,14.8783984375
37.5,22.5,4.8,64,34.111828125
37.5,23.0,5.1,79,28.207848101265824
37.5,23.5,4.5,70,28.17
37.5,24.0,5.6,44,52.041818181818186
37.5,24.5,4.5,9,59.800000000000004
37.5,25.0,3.2,2,10.0
37.5,25.5,4.4,4,27.225
37.5,26.0,5.1,9,16.666666666666668
37.5,26.5,4.5,23,15.104347826086956
37.5,27.0,5.1,95,13.646842105263158
37.5,27.5,4.2,27,12.44074074074074
37.5,28.0,4.1,38,12.59736842105263
37.5,28.5,4.0,19,8.836842105263159
37.5,29.0,4.4,23,12.85217391304348
37.5,29.5,5.7,45,12.361555555555555
37.5,30.0,4.4,34,11.88529411764706
37.5,30.5,5.1,16,22.50625
37.5,31.0,4.5,8,32.1375
37.5,31.5,4.7,5,15.14
37.5,32.0,3.7,3,8.333333333333334
37.5,32.5,3.0,2,18.5
37.5,33.0,3.6,2,17.5
37.5,33.5,4.5,1,6.4
37.5,34.5,4.0,1,1.0
37.5,35.0,4.2,2,8.3
37.5,35.5,4.5,12,9.979083333333334
37.5,36.0,5.5,34,11.487058823529411
37.5,36.5,5.1,26,10.266884615384615
37.5,37.0,5.3,63,10.400095238095238
37.5,37.5,4.8,20,8.2015
37.5,38.0,4.6,3,14.094
37.5,38.5,5.6,16,8.90625
37.5,39.0,3.1,2,10.45
37.5,42.5,5.3,6,13.266666666666666
37.5,43.0,5.0,2,17.8
37.5,43.5,5.9,7,22.428571428571427
37.5,44.0,5.1,17,17.641176470588235
37.5,44.5,4.5,6,22.96666666666667
37.5,45.0,5.2,6,17.3
37.5,46.0,4.1,1,33.0
37.5,47.0,4.3,1,13.57
37.5,47.5,4.8,3,17.566666666666666
37.5,48.0,5.2,1,14.0
37.5,48.5,4.8,4,15.125
37.5,49.0,4.8,19,14.142105263157895
37.5,49.5,4.8,16,16.5
37.5,50.0,4.4,6,17.666666666666668
37.5,50.5,4.2,1,10.0
37.5,53.5,4.3,1,10.0
37.5,54.5,5.4,9,27.587777777777777
37.5,55.5,4.2,4,15.75
37.5,56.0,4.5,5,19.740000000000002
37.5,56.5,5.4,23,15.0
37.5,57.0,4.9,12,12.666666666666666
37.5,57.5,6.5,24,16.99083333333333
37.5,58.0,4.6,3,22.96666666666667
37.5,58.5,4.1,2,21.5
37.5,59.0,5.1,1,10.0
37.5,59.5,4.0,1,8.02
37.5,60.0,5.3,2,17.2
37.5,60.5,4.1,1,10.0
37.5,62.5,4.3,1,10.0
37.5,66.5,5.0,3,31.3
37.5,67.0,4.4,2,34.0
37.5,68.0,4.9,8,28.35875
37.5,68.5,5.5,20,24.5
37.5,69.0,5.6,26,28.338846153846152
37.5,69.5,5.1,38,40.66552631578947
37.5,70.0,5.2,65,34.653292307692304
37.5,70.5,5.6,30,41.343133333333334
37.5,71.0,4.8,28,65.73607142857144
37.5,71.5,5.1,114,93.2316754385965
37.5,72.0,5.3,396,142.8966388888889
37.5,72.5,5.4,144,153.4597361111111
37.5,73.0,4.9,17,68.70841176470587
37.5,73.5,4.7,9,39.56466666666667
37.5,74.0,4.8,7,63.68571428571429
37.5,74.5,5.6,15,45.458666666666666
37.5,75.0,5.0,9,52.541111111111114
37.5,75.5,5.4,10,56.580000000000005
37.5,76.0,4.7,14,98.46000000000001
37.5,76.5,4.3,1,33.0
37.5,77.0,4.2,2,41.75
37.5,77.5,4.5,7,29.714285714285715
37.5,78.0,6.4,42,19.562904761904765
37.5,78.5,5.1,12,28.800833333333333
37.5,79.0,5.6,3,25.333333333333332
37.5,79.5,4.8,1,21.2
37.5,82.0,4.1,1,33.0
37.5,82.5,4.7,1,23.8
37.5,86.0,4.0,1,15.23
37.5,87.0,5.1,5,19.2
37.5,87.5,4.5,1,10.0
37.5,89.0,4.9,2,21.5
37.5,92.0,4.6,1,10.0
37.5,92.5,5.3,5,15.674600000000002
37.5,93.0,3.7,1,10.0
37.5,94.0,3.4,1,36.5
37.5,94.5,5.1,4,15.75
37.5,95.0,4.1,1,15.0
37.5,95.5,6.3,25,10.7376
37.5,96.0,6.3,36,13.108333333333333
37.5,96.5,6.4,29,14.53103448275862
37.5,97.0,5.5,9,22.145555555555557
37.5,98.0,4.0,1,15.02
37.5,99.0,4.4,1,15.83
37.5,101.5,5.9,13,12.910769230769231
37.5,102.0,5.0,4,21.5
37.5,102.5,3.8,2,33.0
37.5,103.0,5.2,5,20.54
37.5,103.5,4.8,1,33.3
37.5,104.5,3.7,1,10.0
37.5,105.5,4.5,2,21.5
37.5,106.0,4.6,2,40.6
37.5,106.5,4.5,2,33.0
37.5,112.5,4.4,3,15.160000000000002
37.5,113.5,3.5,1,33.0
37.5,114.5,4.8,1,25.7
37.5,115.5,4.1,2,21.5
37.5,118.5,4.6,1,10.0
37.5,121.5,4.0,1,10.0
37.5,122.0,4.0,1,10.0
37.5,123.5,4.3,1,10.0
37.5,124.0,4.7,1,10.0
37.5,124.5,4.8,1,10.0
37.5,128.5,4.7,1,10.0
37.5,129.5,4.3,2,44.75
37.5,133.5,3.5,1,449.5
37.5,134.0,4.3,3,422.6233333333333
37.5,134.5,5.9,22,375.1372727272728
37.5,135.0,4.8,28,376.99471428571434
37.5,135.5,4.5,12,356.66333333333336
37.5,136.0,4.4,3,322.06666666666666
37.5,136.5,6.7,6,13.116666666666667
37.5,137.0,6.6,21,23.090428571428575
37.5,137.5,6.2,52,22.663884615384614
37.5,138.0,4.9,4,21.145
37.5,138.5,6.6,46,26.643913043478257
37.5,139.0,6.3,50,23.4482
37.5,139.5,5.7,11,95.11390909090909
37.5,140.0,5.5,20,47.489999999999995
37.5,140.5,5.0,16,76.353125
37.5,141.0,6.3,82,50.082926829268295
37.5,141.5,7.3,380,41.81813947368421
37.5,142.0,7.1,302,40.39565894039735
37.5,142.5,6.7,175,29.589542857142856
37.5,143.0,6.1,127,26.396299212598425
37.5,143.5,6.4,213,27.503051643192485
37.5,144.0,6.2,251,25.45262948207171
37.5,144.5,6.3,78,24.50051282051282
37.5,145.0,5.4,23,20.058695652173913
37.5,145.5,4.8,2,21.65
38.0,-123.5,3.17,3,1.6906666666666668
38.0,-123.0,3.1,121,9.786561983471074
38.0,-122.5,6.02,2053,7.474157817827569
38.0,-122.0,4.46,9045,9.075793145384191
38.0,-121.5,3.42,224,8.1046875
38.0,-121.0,3.1,21,9.426238095238094
38.0,-120.5,3.14,118,7.823093220338983
38.0,-120.0,2.82,60,22.513933333333334
38.0,-119.5,3.6,320,7.170565625
38.0,-119.0,5.8,5403,6.320386803627614
38.0,-118.5,5.4,12892,5.911497060192367
38.0,-118.0,6.5,27491,6.6333146084173
38.0,-117.5,5.0,1720,8.302308720930233
38.0,-117.0,3.5,208,7.452961538461538
38.0,-116.5,4.1,231,5.626021645021646
38.0,-116.0,4.1,841,5.19112175980975
38.0,-115.5,3.5,176,2.7693125
38.0,-115.0,3.5,168,2.7970238095238096
38.0,-114.5,4.2,182,4.576373626373626
38.0,-114.0,2.81,98,7.0137755102040815
38.0,-113.5,3.93,141,5.155602836879433
38.0,-113.0,4.63,1166,6.536663807890223
38.0,-112.5,4.56,1688,5.918738151658768
38.0,-112.0,4.18,179,8.053240223463687
38.0,-111.5,3.16,53,8.504528301886793
38.0,-111.0,3.64,91,7.979340659340659
38.0,-110.5,3.77,50,8.1008
38.0,-110.0,3.38,26,8.413846153846153
38.0,-109.5,1.87,1,8.18
38.0,-109.0,4.1,27,4.594074074074074
38.0,-108.5,2.0,1,10.0
38.0,-108.0,4.4,9,7.158777777777778
38.0,-107.5,2.9,5,4.82
38.0,-107.0,2.3,2,5.0
38.0,-105.5,1.9,8,5.18
38.0,-105.0,2.9,2,3.7649999999999997
38.0,-104.5,1.3,4,5.8774999999999995
38.0,-104.0,2.3,3,5.0
38.0,-103.5,3.4,1,5.0
38.0,-98.0,4.5,53,4.726037735849056
38.0,-97.0,2.6,1,5.0
38.0,-95.0,2.8,1,4.65
38.0,-93.5,3.1,1,5.0
38.0,-92.5,3.1,1,5.0
38.0,-91.5,2.9,1,3.82
38.0,-91.0,3.9,6,12.89
38.0,-90.5,3.3,24,11.902916666666668
38.0,-90.0,3.0,7,6.957142857142857
38.0,-89.5,3.0,6,8.549999999999999
38.0,-89.0,3.2,7,9.040000000000001
38.0,-88.5,3.6,8,9.911249999999999
38.0,-88.0,4.6,5,12.286
38.0,-87.5,3.9,8,11.94625
38.0,-86.5,3.9,2,7.65
38.0,-86.0,2.7,1,5.0
38.0,-85.5,2.7,1,4.2
38.0,-85.0,2.82,4,14.96
38.0,-84.5,2.64,4,20.447499999999998
38.0,-84.0,3.3,5,8.586
38.0,-83.5,2.3,4,12.85
38.0,-82.0,2.4,3,8.696666666666667
38.0,-81.5,3.0,4,7.1525
38.0,-81.0,2.5,4,9.825
38.0,-80.5,2.61,2,10.295
38.0,-80.0,3.5,6,8.406666666666666
38.0,-79.0,2.34,1,12.07
38.0,-78.5,3.2,3,11.966666666666667
38.0,-78.0,5.8,114,4.17140350877193
38.0,-77.5,3.0,15,11.145999999999999
38.0,-75.0,2.6,1,11.195
38.0,-62.5,4.4,2,10.0
38.0,-32.5,4.3,1,10.0
38.0,-32.0,4.7,2,10.0
38.0,-31.5,5.0,5,10.0
38.0,-31.0,5.2,4,10.0
38.0,-30.5,4.9,2,12.504999999999999
38.0,-30.0,4.8,1,10.0
38.0,-27.0,4.5,4,10.0
38.0,-26.5,4.9,10,12.101
38.0,-26.0,4.9,3,10.0
38.0,-25.0,3.9,1,10.0
38.0,-24.0,4.3,1,10.0
38.0,-18.5,4.1,1,21.4
38.0,-18.0,3.2,1,10.0
38.0,-17.5,4.6,1,10.0
38.0,-17.0,3.7,1,10.0
38.0,-15.5,4.4,3,6.666666666666667
38.0,-14.0,3.5,1,10.0
38.0,-12.0,3.2,1,31.6
38.0,-9.5,3.7,3,3.3333333333333335
38.0,-9.0,3.7,12,7.391666666666667
38.0,-8.5,3.0,9,3.6999999999999997
38.0,-8.0,2.8,4,11.225
38.0,-7.5,2.6,2,0.0
38.0,-7.0,4.3,9,5.199999999999999
38.0,-6.5,3.7,23,6.882608695652174
38.0,-6.0,3.9,9,6.6000000000000005
38.0,-5.5,3.3,10,6.94
38.0,-5.0,2.9,11,7.818181818181818
38.0,-4.5,4.0,34,6.882352941176471
38.0,-4.0,3.4,29,9.262068965517242
38.0,-3.5,3.1,55,7.774545454545455
38.0,-3.0,3.6,27,6.65925925925926
38.0,-2.5,3.7,82,4.771951219512196
38.0,-2.0,4.7,155,5.009677419354839
38.0,-1.5,4.8,160,4.782125
38.0,-1.0,3.7,117,4.886752136752137
38.0,-0.5,4.4,51,5.378039215686274
38.0,-0.0,4.1,22,9.172727272727274
38.0,0.5,4.1,8,9.7875
38.0,3.0,3.5,2,10.0
38.0,5.0,3.6,1,5.0
38.0,7.0,3.9,3,30.5
38.0,11.0,3.5,1,10.0
38.0,11.5,3.7,3,10.0
38.0,12.0,4.8,5,7.32
38.0,12.5,3.7,2,9.9
38.0,13.5,3.6,8,7.0375
38.0,14.0,4.9,30,12.703333333333331
38.0,14.5,4.7,35,13.117142857142857
38.0,15.0,4.7,155,23.286451612903225
38.0,15.5,4.6,40,18.4975
38.0,16.0,4.1,33,17.90939393939394
38.0,16.5,4.5,10,28.9
38.0,17.0,4.0,1,10.0
38.0,17.5,3.1,1,10.0
38.0,18.0,3.5,1,33.0
38.0,18.5,3.3,1,10.0
38.0,19.5,4.3,18,14.055555555555555
38.0,20.0,5.5,199,12.581271356783919
38.0,20.5,6.1,585,12.66234188034188
38.0,21.0,5.0,543,13.064675874769797
38.0,21.5,6.4,750,17.834570666666668
38.0,22.0,5.6,459,20.33659259259259
38.0,22.5,5.1,251,18.66601593625498
38.0,23.0,5.0,269,18.387126394052043
38.0,23.5,6.0,231,16.763506493506494
38.0,24.0,4.4,134,17.184850746268655
38.0,24.5,4.2,13,18.923076923076923
38.0,25.0,4.8,13,22.06153846153846
38.0,25.5,3.9,14,36.714285714285715
38.0,26.0,4.9,33,19.514545454545456
38.0,26.5,5.8,431,15.014593967517401
38.0,27.0,7.0,385,15.183914285714286
38.0,27.5,5.0,100,11.950999999999999
38.0,28.0,4.1,32,10.13125
38.0,28.5,4.9,32,10.925
38.0,29.0,5.4,158,9.882278481012658
38.0,29.5,5.9,69,10.09536231884058
38.0,30.0,6.4,84,14.754166666666666
38.0,30.5,4.3,33,10.209090909090909
38.0,31.0,5.1,60,9.053333333333335
38.0,31.5,4.3,4,10.0
38.0,32.0,5.1,5,11.148
38.0,32.5,4.9,8,19.175
38.0,34.0,5.2,7,12.267714285714286
38.0,34.5,4.2,4,25.8
38.0,35.0,4.5,3,5.0
38.0,36.0,4.5,10,8.3589
38.0,36.5,6.0,117,9.19131623931624
38.0,37.0,7.5,35,10.266085714285714
38.0,37.5,5.5,60,10.763316666666666
38.0,38.0,6.0,78,11.26876923076923
38.0,38.5,5.6,82,10.735939024390243
38.0,39.0,4.8,25,8.4148
38.0,39.5,4.8,7,18.457142857142856
38.0,40.5,4.4,1,33.0
38.0,41.0,3.7,1,13.0
38.0,41.5,5.1,2,9.4
38.0,42.5,4.9,10,11.104000000000001
38.0,43.0,4.6,10,13.9923
38.0,43.5,4.6,4,9.575
38.0,44.0,4.3,7,15.542857142857143
38.0,44.5,4.3,4,5.65
38.0,45.0,4.5,3,35.1
38.0,46.0,4.8,2,10.3
38.0,46.5,4.3,9,10.166666666666666
38.0,47.0,5.2,11,12.346363636363636
38.0,47.5,5.9,4,13.75
38.0,48.0,6.1,17,15.295294117647058
38.0,48.5,5.0,2,10.0
38.0,49.0,4.6,6,24.900000000000002
38.0,49.5,4.0,1,33.9
38.0,50.0,3.8,1,33.0
38.0,50.5,4.0,1,14.25
38.0,54.5,4.6,1,33.0
38.0,56.0,5.2,3,10.0
38.0,56.5,4.5,3,17.666666666666668
38.0,57.0,5.6,5,19.759999999999998
38.0,57.5,5.9,7,13.0
38.0,58.0,4.2,1,10.0
38.0,66.5,4.8,2,10.0
38.0,67.0,5.3,1,30.27
38.0,67.5,5.0,2,26.2
38.0,68.0,4.6,3,22.406666666666666
38.0,68.5,4.1,3,33.0
38.0,69.0,4.7,10,25.830000000000002
38.0,69.5,4.7,24,23.645833333333332
38.0,70.0,4.8,19,38.63421052631579
38.0,70.5,4.8,13,34.30769230769231
38.0,71.0,4.7,2,33.0
38.0,71.5,5.4,14,39.88214285714286
38.0,72.0,5.8,31,89.99916129032259
38.0,72.5,5.7,82,97.59268292682927
38.0,73.0,7.2,107,82.28744859813084
38.0,73.5,5.9,47,98.49187234042554
38.0,74.0,5.0,56,141.5027142857143
38.0,74.5,4.7,25,149.44799999999998
38.0,75.0,4.5,9,127.18111111111112
38.0,75.5,5.1,11,120.37545454545453
38.0,76.0,4.7,8,86.03
38.0,76.5,4.6,3,37.0
38.0,77.0,4.8,7,23.564285714285713
38.0,78.0,4.6,8,17.00875
38.0,84.0,3.7,1,27.8
38.0,86.5,4.7,1,11.9
38.0,87.0,4.8,3,21.0
38.0,87.5,4.5,1,10.0
38.0,88.0,4.3,1,33.0
38.0,88.5,6.1,6,12.841666666666667
38.0,89.0,4.9,5,19.2
38.0,89.5,4.9,2,21.5
38.0,90.0,4.2,2,33.0
38.0,91.0,4.6,2,22.5
38.0,91.5,4.5,4,24.9925
38.0,92.0,6.0,3,21.03333333333333
38.0,92.5,4.1,2,15.75
38.0,93.0,3.5,1,10.0
38.0,93.5,5.5,2,10.0
38.0,94.0,4.7,2,10.0
38.0,94.5,4.8,2,10.0
38.0,95.5,4.5,4,10.825
38.0,98.0,4.1,1,10.0
38.0,98.5,3.3,1,10.0
38.0,99.0,4.0,1,10.0
38.0,100.0,5.1,3,21.633333333333336
38.0,100.5,5.1,2,22.97
38.0,101.0,5.2,13,13.963153846153848
38.0,101.5,6.6,15,12.675
38.0,102.0,5.1,7,22.857142857142858
38.0,102.5,4.8,5,23.104000000000003
38.0,103.5,4.9,1,10.0
38.0,104.0,4.5,5,18.4
38.0,104.5,4.0,1,10.0
38.0,106.0,4.1,1,59.0
38.0,106.5,4.5,1,35.8
38.0,109.5,4.1,1,14.41
38.0,112.5,4.7,3,22.900000000000002
38.0,119.5,4.4,1,33.0
38.0,120.5,4.3,2,13.35
38.0,121.0,4.8,4,23.07
38.0,124.0,4.7,1,33.0
38.0,124.5,4.0,2,21.5
38.0,126.0,3.6,1,16.663
38.0,129.5,4.4,2,11.497499999999999
38.0,133.5,5.3,2,435.79999999999995
38.0,134.0,4.9,6,413.535
38.0,134.5,4.8,11,408.6818181818182
38.0,135.5,5.3,8,354.53375
38.0,136.0,4.4,1,334.7
38.0,137.5,4.1,2,19.3
38.0,138.0,5.4,9,41.044444444444444
38.0,138.5,4.3,3,38.13333333333333
38.0,139.0,5.4,13,84.37692307692308
38.0,139.5,4.6,13,46.51538461538462
38.0,140.0,5.1,18,60.26611111111111
38.0,140.5,4.7,14,97.28371428571428
38.0,141.0,5.8,15,75.36200000000001
38.0,141.5,6.3,103,58.933291262135924
38.0,142.0,6.5,211,50.22391469194312
38.0,142.5,6.2,157,34.08350318471337
38.0,143.0,5.9,108,28.086351851851852
38.0,143.5,7.0,148,25.664527027027027
38.0,144.0,7.3,178,26.03308988764045
38.0,144.5,7.7,108,24.223796296296296
38.0,145.0,7.0,57,16.99421052631579
38.5,-127.0,4.4,1,10.0
38.5,-124.0,2.73,9,3.012
38.5,-123.5,3.7,93,3.984021505376344
38.5,-123.0,4.0,1662,5.616012635379062
38.5,-122.5,4.9,8778,4.08926999316473
38.5,-122.0,4.14,765,7.126320261437908
38.5,-121.5,3.26,31,17.286193548387097
38.5,-121.0,2.99,84,3.9337738095238097
38.5,-120.5,2.58,24,4.836833333333334
38.5,-120.0,3.85,796,3.6448819095477387
38.5,-119.5,6.0,11308,5.006894897417757
38.5,-119.0,5.6,11328,8.201772881355932
38.5,-118.5,4.6,12073,5.584773386896381
38.5,-118.0,4.1,2200,6.686518954545455
38.5,-117.5,3.4,133,7.517218045112782
38.5,-117.0,3.3,134,6.962686567164179
38.5,-116.5,4.2,199,4.520603015075377
38.5,-116.0,3.8,478,4.122791422594142
38.5,-115.5,4.1,140,4.712857142857143
38.5,-115.0,3.7,53,3.8849056603773584
38.5,-114.5,3.4,22,2.559090909090909
38.5,-114.0,2.52,11,7.596363636363637
38.5,-113.5,2.81,17,6.648235294117647
38.5,-113.0,3.93,1012,2.671403162055336
38.5,-112.5,4.04,1703,4.423065179095714
38.5,-112.0,3.53,1029,4.769990281827016
38.5,-111.5,4.17,270,6.341481481481481
38.5,-111.0,2.78,25,5.2724
38.5,-110.5,2.95,10,5.433999999999999
38.5,-110.0,3.59,19,5.270526315789474
38.5,-109.5,2.65,8,4.62875
38.5,-109.0,4.49,112,1.8701785714285715
38.5,-108.5,1.8,3,5.359999999999999
38.5,-108.0,2.8,3,4.32
38.5,-107.5,2.4,3,4.533333333333333
38.5,-106.5,1.5,1,6.18
38.5,-106.0,3.6,6,5.003333333333333
38.5,-105.5,3.1,13,5.39
38.5,-105.0,3.5,2,5.0
38.5,-104.5,1.9,1,5.0
38.5,-103.5,2.5,2,5.0
38.5,-103.0,3.0,5,5.0
38.5,-102.5,3.9,3,5.48
38.5,-99.5,3.0,1,5.0
38.5,-97.5,4.3,50,4.792
38.5,-97.0,3.5,40,5.382625
38.5,-96.5,3.8,1,5.0
38.5,-94.0,3.3,1,5.0
38.5,-93.5,2.6,2,1.185
38.5,-91.5,2.3,1,0.09
38.5,-90.5,2.84,10,9.568999999999999
38.5,-90.0,2.49,6,12.536666666666667
38.5,-89.5,2.8,4,10.3125
38.5,-89.0,3.2,5,7.392
38.5,-88.5,3.4,3,26.713333333333335
38.5,-88.0,5.2,54,15.473518518518517
38.5,-87.5,1.6,1,19.92
38.5,-87.0,2.2,1,11.99
38.5,-86.5,2.6,1,0.1
38.5,-86.0,2.4,2,5.0
38.5,-85.5,2.78,1,4.6
38.5,-85.0,2.19,1,15.41
38.5,-84.5,2.04,1,14.47
38.5,-84.0,2.78,11,7.621818181818182
38.5,-83.5,3.04,10,13.955000000000002
38.5,-83.0,2.93,7,13.319999999999999
38.5,-82.5,2.5,3,16.896666666666665
38.5,-82.0,2.5,1,15.37
38.5,-81.5,2.6,2,16.055
38.5,-81.0,2.8,8,4.36625
38.5,-80.5,2.01,3,9.186666666666667
38.5,-79.5,2.32,1,2.08
38.5,-78.0,2.5,2,12.0
38.5,-77.5,2.04,2,11.555000000000001
38.5,-72.0,2.4,1,10.0
38.5,-59.5,4.1,1,10.0
38.5,-35.0,5.0,1,14.8
38.5,-34.5,4.4,1,10.0
38.5,-30.5,5.3,8,10.0
38.5,-30.0,4.9,5,10.0
38.5,-29.5,5.4,3,10.0
38.5,-29.0,5.0,16,10.555625
38.5,-28.5,6.2,10,8.5
38.5,-27.0,5.2,13,10.0
38.5,-26.5,5.9,6,10.0
38.5,-26.0,4.4,1,7.1
38.5,-25.5,4.3,1,0.0
38.5,-16.5,3.7,1,0.0
38.5,-15.5,4.5,1,10.0
38.5,-14.0,3.0,1,10.0
38.5,-13.0,4.3,1,0.0
38.5,-11.5,4.7,1,13.6
38.5,-11.0,2.7,1,10.0
38.5,-10.0,3.2,1,36.7
38.5,-9.5,3.8,9,10.277777777777779
38.5,-9.0,3.2,8,6.425
38.5,-8.5,3.5,6,5.533333333333334
38.5,-8.0,3.5,27,4.2592592592592595
38.5,-7.5,3.6,11,6.990909090909091
38.5,-7.0,3.5,11,5.7272727272727275
38.5,-6.5,4.1,10,3.96
38.5,-6.0,3.3,7,5.2
38.5,-5.5,2.8,5,2.02
38.5,-5.0,3.0,4,5.4
38.5,-4.5,3.1,4,5.0
38.5,-4.0,2.9,5,4.659999999999999
38.5,-3.5,2.8,9,5.388888888888889
38.5,-3.0,3.5,19,8.831578947368422
38.5,-2.5,3.4,17,7.088235294117647
38.5,-2.0,3.4,25,7.843999999999999
38.5,-1.5,3.5,69,5.889855072463768
38.5,-1.0,4.0,116,4.877586206896551
38.5,-0.5,3.3,46,9.159782608695652
38.5,-0.0,3.8,18,7.48888888888889
38.5,0.5,3.5,5,9.58
38.5,1.0,2.7,2,13.649999999999999
38.5,1.5,2.0,1,33.3
38.5,2.5,2.7,1,8.3
38.5,11.5,3.5,1,10.0
38.5,12.0,4.9,13,8.689230769230768
38.5,12.5,4.7,26,11.046153846153846
38.5,13.0,4.9,37,11.254054054054054
38.5,13.5,6.0,583,7.110977701543739
38.5,14.0,4.8,127,8.757007874015748
38.5,14.5,4.5,59,44.80271186440678
38.5,15.0,5.5,59,97.80981355932204
38.5,15.5,5.8,75,141.4242
38.5,16.0,4.3,20,58.8755
38.5,16.5,3.9,12,24.71666666666667
38.5,17.0,4.1,13,18.4
38.5,17.5,3.7,3,24.566666666666666
38.5,18.0,3.0,3,31.266666666666666
38.5,18.5,3.6,1,22.4
38.5,19.0,3.8,1,10.0
38.5,19.5,3.9,4,18.25
38.5,20.0,4.4,52,15.148076923076925
38.5,20.5,6.5,946,10.645803382663848
38.5,21.0,5.3,112,14.136517857142858
38.5,21.5,5.2,507,16.468836291913217
38.5,22.0,5.8,1493,14.746401205626256
38.5,22.5,6.5,255,17.526274509803923
38.5,23.0,4.8,119,17.40773949579832
38.5,23.5,5.4,482,18.170485477178424
38.5,24.0,4.6,306,18.25457516339869
38.5,24.5,4.8,75,20.48172
38.5,25.0,4.2,52,21.111538461538462
38.5,25.5,5.6,218,24.728394495412843
38.5,26.0,4.4,98,19.410204081632653
38.5,26.5,5.5,263,14.743726235741445
38.5,27.0,4.8,149,13.416778523489933
38.5,27.5,5.4,139,10.405035971223022
38.5,28.0,4.6,68,10.639705882352942
38.5,28.5,4.0,20,9.4
38.5,29.0,3.7,11,9.0
38.5,29.5,3.6,5,10.0
38.5,30.0,4.2,18,9.244444444444445
38.5,30.5,4.1,41,10.40731707317073
38.5,31.0,6.0,55,15.043636363636363
38.5,31.5,6.5,24,14.158333333333333
38.5,32.0,4.8,4,24.37
38.5,32.5,3.3,2,13.0
38.5,33.5,3.8,1,10.0
38.5,34.0,4.0,1,12.0
38.5,35.0,3.0,2,11.05
38.5,35.5,4.8,7,8.903142857142857
38.5,36.0,3.2,2,9.0
38.5,36.5,4.3,4,21.5
38.5,37.0,4.0,2,10.0
38.5,37.5,4.7,9,8.413444444444444
38.5,38.0,4.6,10,10.2932
38.5,38.5,4.4,7,13.39857142857143
38.5,39.0,6.7,81,9.696012345679012
38.5,39.5,5.7,28,8.325
38.5,40.0,5.6,24,11.045166666666667
38.5,40.5,4.7,13,15.517538461538463
38.5,41.0,4.1,4,12.4375
38.5,41.5,3.6,2,7.5
38.5,42.0,4.6,4,15.75
38.5,42.5,5.0,7,15.785714285714286
38.5,43.0,5.9,69,9.722246376811595
38.5,43.5,7.1,80,9.753375
38.5,44.0,4.7,16,9.525
38.5,44.5,6.0,35,12.18
38.5,45.0,5.9,40,16.8703
38.5,45.5,4.8,9,22.08888888888889
38.5,46.0,5.0,1,3.0
38.5,46.5,6.2,33,9.624242424242425
38.5,47.0,6.4,19,7.9457894736842105
38.5,48.0,4.6,4,27.25
38.5,48.5,6.0,3,29.7
38.5,49.0,4.5,5,31.221999999999998
38.5,49.5,4.8,6,23.12833333333333
38.5,54.0,4.2,2,10.0
38.5,55.0,4.1,1,10.0
38.5,55.5,5.2,13,13.696153846153846
38.5,56.0,4.8,3,20.646666666666665
38.5,56.5,4.8,1,10.0
38.5,57.0,4.9,4,15.465
38.5,57.5,5.2,7,23.142857142857142
38.5,58.0,4.4,1,6.0
38.5,66.0,3.7,1,33.0
38.5,66.5,5.3,9,30.444444444444443
38.5,67.0,4.4,1,33.0
38.5,68.0,4.9,8,28.75625
38.5,68.5,4.3,4,27.25
38.5,69.0,5.2,13,29.96846153846154
38.5,69.5,5.2,35,28.476857142857142
38.5,70.0,5.7,47,25.625957446808513
38.5,70.5,5.7,52,25.57461538461538
38.5,71.0,5.0,16,41.561875
38.5,71.5,5.1,23,40.450434782608696
38.5,72.0,4.8,16,42.528125
38.5,72.5,5.6,20,46.7045
38.5,73.0,6.0,81,62.25602469135803
38.5,73.5,5.5,81,110.04255555555555
38.5,74.0,5.3,54,121.8152962962963
38.5,74.5,5.7,11,119.66999999999999
38.5,75.0,5.0,19,70.2721052631579
38.5,75.5,5.7,36,91.35227777777777
38.5,76.0,4.7,5,83.174
38.5,76.5,5.3,7,32.97785714285714
38.5,77.0,4.9,4,15.375
38.5,78.0,4.5,1,28.2
38.5,79.0,4.8,1,10.0
38.5,87.5,4.9,2,16.5095
38.5,88.0,5.3,1,10.0
38.5,88.5,4.7,2,33.0
38.5,89.0,4.8,4,10.0
38.5,89.5,5.1,4,16.875
38.5,90.0,5.1,6,21.5
38.5,90.5,5.2,2,21.5
38.5,91.0,4.8,8,14.5875
38.5,91.5,4.6,2,21.5
38.5,92.5,5.3,1,16.9
38.5,93.0,5.1,4,14.8525
38.5,93.5,4.5,3,10.0
38.5,94.0,4.5,1,10.0
38.5,97.0,5.0,3,9.863333333333333
38.5,97.5,5.7,9,13.682222222222222
38.5,98.0,5.2,3,17.666666666666668
38.5,98.5,5.9,5,18.82
38.5,99.0,4.9,3,10.427999999999999
38.5,99.5,5.0,5,22.64
38.5,100.0,5.1,2,25.16
38.5,100.5,4.6,4,10.0
38.5,101.0,5.8,6,12.616666666666667
38.5,101.5,5.0,2,10.0
38.5,102.0,4.2,1,32.2
38.5,102.5,4.6,2,10.0
38.5,103.0,4.2,1,33.0
38.5,103.5,4.5,1,28.3
38.5,104.0,4.4,2,21.5
38.5,104.5,4.7,1,33.0
38.5,105.0,4.2,1,10.0
38.5,105.5,4.0,1,10.0
38.5,106.0,3.9,1,33.0
38.5,106.5,4.8,3,25.566666666666666
38.5,109.0,3.5,1,33.0
38.5,109.5,4.2,1,15.79
38.5,110.0,4.5,3,9.0
38.5,112.5,5.0,2,21.5
38.5,113.5,4.4,1,33.0
38.5,114.0,4.7,1,10.0
38.5,116.5,3.9,1,33.0
38.5,119.0,3.9,1,33.0
38.5,119.5,4.3,1,10.0
38.5,120.0,3.6,1,10.0
38.5,120.5,4.5,1,33.0
38.5,121.5,3.6,1,33.0
38.5,122.5,4.6,1,33.0
38.5,127.0,3.8,1,10.0
38.5,130.5,3.6,1,548.0
38.5,133.5,6.6,16,448.21375
38.5,134.0,4.8,16,446.07875
38.5,134.5,4.3,2,439.885
38.5,135.0,4.6,3,369.22333333333336
38.5,135.5,4.6,5,359.986
38.5,137.0,3.9,1,384.4
38.5,138.0,4.4,3,100.60000000000001
38.5,138.5,4.7,5,37.404
38.5,139.0,4.8,4,72.143
38.5,139.5,6.4,8,62.405
38.5,140.0,4.9,11,86.89999999999999
38.5,140.5,5.7,18,73.34444444444445
38.5,141.0,6.1,31,40.87193548387096
38.5,141.5,7.1,78,59.964166666666664
38.5,142.0,7.2,347,49.90326801152738
38.5,142.5,9.1,139,41.11108633093525
38.5,143.0,7.3,105,28.844409523809524
38.5,143.5,5.7,80,23.4535
38.5,144.0,5.6,47,24.467021276595744
38.5,144.5,5.2,89,25.73932584269663
38.5,145.0,5.0,39,21.58025641025641
38.5,146.5,4.5,1,10.0
38.5,147.5,4.7,1,10.0
39.0,-125.0,3.35,2,19.4985
39.0,-124.5,2.98,3,11.541000000000002
39.0,-124.0,2.96,31,5.479354838709677
39.0,-123.5,3.98,1290,3.6109736434108526
39.0,-123.0,5.01,246754,1.9202680564448804
39.0,-122.5,4.22,46006,1.6619701343303046
39.0,-122.0,3.18,170,8.312347058823528
39.0,-121.5,2.93,65,8.90513846153846
39.0,-121.0,2.99,74,7.862081081081081
39.0,-120.5,3.29,443,4.005783295711061
39.0,-120.0,4.15,3103,9.336127296165001
39.0,-119.5,6.1,3245,7.23957781201849
39.0,-119.0,4.8,1172,8.64462457337884
39.0,-118.5,3.6,526,7.526949619771862
39.0,-118.0,3.9,833,7.774831812725091
39.0,-117.5,3.2,76,6.651315789473684
39.0,-117.0,2.78,46,7.375413043478261
39.0,-116.5,4.2,40,7.290000000000001
39.0,-116.0,3.8,107,3.150934579439252
39.0,-115.5,3.9,130,3.4271153846153846
39.0,-115.0,3.3,66,4.378725757575758
39.0,-114.5,1.7,3,17.166666666666668
39.0,-114.0,2.8,15,4.536666666666666
39.0,-113.5,2.2,7,5.111428571428571
39.0,-113.0,4.06,52,2.6328846153846155
39.0,-112.5,3.82,35,4.7377142857142855
39.0,-112.0,3.75,730,9.115986301369864
39.0,-111.5,4.3,4035,4.363903345724907
39.0,-111.0,3.94,334,7.297005988023952
39.0,-110.5,3.15,77,11.457402597402599
39.0,-110.0,2.62,5,8.952
39.0,-109.5,2.73,27,7.017407407407408
39.0,-109.0,2.37,8,4.82125
39.0,-108.5,2.7,14,4.7299999999999995
39.0,-108.0,2.0,2,5.0
39.0,-107.5,2.8,18,3.5172222222222222
39.0,-107.0,2.9,14,4.511428571428572
39.0,-106.5,3.1,7,5.0
39.0,-105.0,3.3,6,5.0
39.0,-104.5,2.4,3,5.976666666666667
39.0,-102.5,2.3,3,5.9366666666666665
39.0,-99.5,4.6,19,4.8589473684210525
39.0,-99.0,3.7,9,4.4094444444444445
39.0,-98.5,2.6,1,5.0
39.0,-97.5,3.3,19,5.0
39.0,-97.0,3.3,13,4.3161538461538465
39.0,-94.5,3.0,1,5.0
39.0,-90.0,2.31,2,14.195
39.0,-89.5,2.2,1,5.0
39.0,-89.0,3.4,5,11.010000000000002
39.0,-88.0,2.9,2,19.145
39.0,-87.5,3.8,5,5.55
39.0,-84.0,2.8,2,6.33
39.0,-83.5,3.6,1,10.0
39.0,-83.0,2.29,1,13.62
39.0,-82.5,3.4,4,14.595
39.0,-82.0,2.8,2,10.54
39.0,-81.5,2.51,1,26.96
39.0,-81.0,2.8,3,13.280000000000001
39.0,-80.5,2.5,2,13.780000000000001
39.0,-78.5,2.2,1,3.2
39.0,-77.5,2.5,3,4.366666666666666
39.0,-77.0,2.7,9,5.285555555555556
39.0,-76.5,1.91,1,7.0
39.0,-75.5,4.1,1,9.87
39.0,-73.5,1.96,1,7.01
39.0,-71.5,2.71,1,7.43
39.0,-70.5,4.8,1,10.0
39.0,-37.0,3.9,1,10.0
39.0,-31.0,4.6,1,10.0
39.0,-30.5,4.6,5,10.0
39.0,-30.0,4.6,5,11.192
39.0,-29.5,5.4,6,10.0
39.0,-29.0,5.1,3,10.0
39.0,-28.5,5.1,6,10.0
39.0,-28.0,4.4,1,10.0
39.0,-14.5,4.4,1,10.0
39.0,-14.0,3.9,1,0.0
39.0,-12.5,4.6,2,5.0
39.0,-12.0,4.4,3,6.666666666666667
39.0,-11.5,4.1,2,5.0
39.0,-11.0,3.0,2,10.0
39.0,-10.5,4.0,7,5.714285714285714
39.0,-10.0,2.8,1,10.0
39.0,-9.5,3.6,7,12.842857142857143
39.0,-9.0,4.2,11,8.818181818181818
39.0,-8.5,3.4,5,6.779999999999999
39.0,-8.0,4.4,13,8.97923076923077
39.0,-7.5,4.1,5,7.1
39.0,-7.0,2.7,2,8.65
39.0,-6.5,2.3,5,2.16
39.0,-6.0,3.3,2,5.0
39.0,-5.0,2.6,6,4.95
39.0,-4.5,3.5,1,0.0
39.0,-4.0,3.0,6,8.316666666666666
39.0,-3.5,3.2,7,7.942857142857143
39.0,-3.0,3.2,70,6.4228571428571435
39.0,-2.5,4.5,21,4.295238095238095
39.0,-2.0,2.8,5,6.26
39.0,-1.5,1.8,1,0.0
39.0,-1.0,4.2,22,6.954545454545454
39.0,-0.5,4.0,66,8.972727272727273
39.0,-0.0,4.2,40,8.1
39.0,0.5,3.4,4,7.5
39.0,1.0,2.9,1,10.8
39.0,2.0,2.8,1,0.0
39.0,6.5,4.4,1,10.0
39.0,9.0,4.1,3,9.533333333333333
39.0,12.5,2.9,2,10.0
39.0,13.0,2.9,1,10.0
39.0,13.5,4.2,4,8.3
39.0,14.0,4.5,9,233.86444444444447
39.0,14.5,4.8,8,309.00975
39.0,15.0,5.8,19,257.46210526315787
39.0,15.5,5.3,39,189.35923076923078
39.0,16.0,4.4,36,46.31722222222223
39.0,16.5,4.5,65,12.64963076923077
39.0,17.0,4.5,33,20.387878787878787
39.0,17.5,4.8,9,18.08888888888889
39.0,18.0,4.1,2,10.0
39.0,19.0,3.1,1,10.0
39.0,19.5,3.7,7,11.142857142857142
39.0,20.0,5.0,78,17.44333333333333
39.0,20.5,6.3,409,14.091907090464549
39.0,21.0,5.3,278,13.817758992805755
39.0,21.5,5.0,252,17.20738095238095
39.0,22.0,4.9,265,14.73520754716981
39.0,22.5,4.9,106,17.906698113207547
39.0,23.0,4.9,198,15.940909090909091
39.0,23.5,5.2,369,16.033243902439025
39.0,24.0,6.5,279,23.779713261648745
39.0,24.5,4.7,277,18.235018050541516
39.0,25.0,4.8,47,21.61063829787234
39.0,25.5,4.7,97,22.178556701030928
39.0,26.0,6.0,251,15.273147410358565
39.0,26.5,6.3,255,13.732156862745097
39.0,27.0,4.3,236,10.571610169491526
39.0,27.5,4.6,1977,9.94820435002529
39.0,28.0,5.6,498,9.889056224899598
39.0,28.5,4.4,88,9.629545454545454
39.0,29.0,5.8,168,8.467619047619047
39.0,29.5,4.4,87,9.768965517241378
39.0,30.0,4.7,81,9.414814814814815
39.0,30.5,3.5,27,8.037037037037036
39.0,31.0,3.8,20,10.0
39.0,31.5,4.2,13,13.73076923076923
39.0,32.0,3.7,3,6.8999999999999995
39.0,32.5,4.3,5,10.08
39.0,33.0,4.9,3,11.035333333333334
39.0,33.5,3.9,5,11.040000000000001
39.0,35.0,3.0,1,9.4
39.0,35.5,5.1,7,8.321428571428571
39.0,36.0,4.9,14,7.835714285714286
39.0,36.5,3.2,1,5.0
39.0,37.0,4.2,6,12.479333333333335
39.0,37.5,4.9,5,10.0
39.0,38.0,5.0,6,9.611666666666666
39.0,38.5,3.9,2,4.45
39.0,39.0,4.5,7,15.527142857142858
39.0,39.5,4.4,2,10.5215
39.0,40.0,6.1,18,7.631944444444445
39.0,40.5,6.4,44,8.597727272727273
39.0,41.0,5.6,17,11.897058823529411
39.0,41.5,5.0,9,12.658888888888889
39.0,42.0,4.4,5,8.4
39.0,42.5,5.0,12,16.125
39.0,43.0,4.5,8,5.65
39.0,43.5,5.7,79,6.260379746835443
39.0,44.0,4.9,9,10.44
39.0,44.5,4.4,12,14.441666666666668
39.0,45.0,4.7,3,36.93333333333333
39.0,45.5,3.2,1,3.0
39.0,46.0,4.7,3,39.06666666666667
39.0,46.5,4.4,2,10.0
39.0,47.5,5.0,2,31.05
39.0,48.5,5.4,10,43.6
39.0,49.0,5.0,9,33.97888888888889
39.0,49.5,4.1,2,10.0
39.0,50.0,4.0,1,18.0
39.0,51.5,4.4,1,33.0
39.0,54.5,4.6,2,21.5
39.0,55.0,5.2,13,26.215384615384615
39.0,55.5,4.5,3,25.333333333333332
39.0,56.0,3.8,2,21.5
39.0,56.5,3.9,2,10.0
39.0,57.0,4.0,1,33.0
39.0,64.5,4.0,1,180.8
39.0,66.5,4.8,6,28.370500000000003
39.0,67.0,5.0,3,34.04
39.0,67.5,4.5,2,21.5
39.0,68.0,4.3,1,33.43
39.0,68.5,4.4,4,27.25
39.0,69.0,4.5,4,44.8375
39.0,69.5,4.7,3,21.03
39.0,70.0,5.3,25,31.6696
39.0,70.5,5.7,80,29.637999999999998
39.0,71.0,5.4,51,38.343333333333334
39.0,71.5,5.5,46,28.825
39.0,72.0,5.8,45,28.515555555555558
39.0,72.5,5.0,28,28.066785714285714
39.0,73.0,4.9,14,34.39642857142857
39.0,73.5,4.7,18,39.56388888888889
39.0,74.0,5.2,17,47.43058823529412
39.0,74.5,4.7,24,29.09958333333333
39.0,75.0,5.0,17,26.128235294117648
39.0,75.5,5.5,27,33.05148148148148
39.0,76.0,4.4,2,40.519999999999996
39.0,77.0,4.6,7,67.16857142857143
39.0,77.5,4.8,5,19.2
39.0,78.0,4.2,2,33.0
39.0,78.5,4.5,1,10.0
39.0,79.0,4.4,3,34.553333333333335
39.0,81.0,4.6,1,10.0
39.0,88.0,4.7,1,15.0
39.0,88.5,4.9,2,18.48
39.0,89.5,4.7,2,23.775
39.0,90.5,4.7,3,17.666666666666668
39.0,91.0,4.4,1,10.0
39.0,91.5,4.8,1,10.0
39.0,92.0,4.7,2,10.0
39.0,92.5,5.4,2,10.0
39.0,93.0,4.0,2,16.6
39.0,94.0,4.7,3,21.26
39.0,94.5,4.6,1,10.0
39.0,95.5,5.3,3,14.766666666666666
39.0,96.0,4.0,1,10.0
39.0,97.5,5.0,3,13.193333333333333
39.0,98.0,5.0,5,26.3
39.0,98.5,5.0,1,10.0
39.0,99.0,3.5,1,10.0
39.0,99.5,4.8,3,20.956666666666667
39.0,100.0,5.0,7,19.52857142857143
39.0,100.5,4.7,1,33.0
39.0,101.0,4.2,1,10.0
39.0,101.5,5.1,3,24.52333333333333
39.0,102.5,3.8,1,10.0
39.0,103.0,4.1,1,33.0
39.0,105.5,5.1,1,27.8
39.0,106.0,4.6,4,18.5375
39.0,106.5,3.7,1,33.0
39.0,107.0,3.9,2,25.15
39.0,109.5,4.1,1,16.48
39.0,110.0,4.3,3,22.3
39.0,110.5,4.4,13,12.974615384615383
39.0,111.0,4.4,2,10.0
39.0,111.5,4.6,3,25.03333333333333
39.0,113.0,4.4,3,17.666666666666668
39.0,113.5,3.5,1,33.0
39.0,116.0,4.9,1,10.0
39.0,118.0,4.5,1,33.0
39.0,119.0,3.5,1,33.0
39.0,120.0,4.4,1,10.0
39.0,121.0,4.3,1,14.94
39.0,125.5,4.3,2,10.0
39.0,131.0,4.2,1,530.3
39.0,134.5,3.9,1,403.1
39.0,135.5,6.1,3,365.59999999999997
39.0,138.5,5.1,2,27.25
39.0,139.5,4.7,3,73.76666666666667
39.0,140.0,5.8,5,89.72
39.0,140.5,6.0,60,36.146499999999996
39.0,141.0,6.9,170,17.936176470588236
39.0,141.5,7.0,83,76.08240963855422
39.0,142.0,6.8,179,55.60729608938548
39.0,142.5,6.6,217,42.0361198156682
39.0,143.0,6.0,108,33.82027777777778
39.0,143.5,6.7,79,27.774683544303794
39.0,144.0,5.7,27,26.56148148148148
39.0,144.5,5.2,77,24.36194805194805
39.0,145.0,5.0,12,16.791666666666668
39.0,145.5,4.3,1,35.0
39.0,146.5,4.7,1,35.0
39.5,-126.5,3.5,1,10.0
39.5,-124.5,2.53,1,27.398
39.5,-124.0,4.42,66,3.3615303030303028
39.5,-123.5,4.26,3380,5.300273076923077
39.5,-123.0,5.09,6057,5.868223708106323
39.5,-122.5,3.14,273,9.83910989010989
39.5,-122.0,4.0,731,17.327690834473323
39.5,-121.5,4.24,318,8.078091194968554
39.5,-121.0,2.87,294,9.250622448979591
39.5,-120.5,4.73,4265,11.887124572098477
39.5,-120.0,5.1,24518,3.8814100538379965
39.5,-119.5,4.2,3347,9.123399043919928
39.5,-119.0,4.1,700,8.319
39.5,-118.5,3.6,256,7.7890625
39.5,-118.0,4.1,267,8.008988764044943
39.5,-117.5,3.7,130,6.313846153846153
39.5,-117.0,4.06,87,3.942517241379311
39.5,-116.5,4.6,54,5.601851851851852
39.5,-116.0,4.0,96,6.315625
39.5,-115.5,4.1,45,5.531555555555556
39.5,-115.0,3.6,35,5.822857142857143
39.5,-114.5,2.9,4,8.9
39.5,-114.0,2.6,6,11.626666666666665
39.5,-113.5,2.27,3,7.146666666666666
39.5,-113.0,1.78,5,4.496
39.5,-112.5,2.26,13,5.526153846153846
39.5,-112.0,4.24,1234,5.991766612641816
39.5,-111.5,4.15,1110,6.043855855855856
39.5,-111.0,3.9,14483,1.5672471173099496
39.5,-110.5,3.59,7755,-0.5406421663442941
39.5,-110.0,2.33,11,3.5518181818181818
39.5,-109.5,2.17,2,6.005
39.5,-109.0,2.48,4,-0.7325
39.5,-108.5,3.4,10,4.024
39.5,-108.0,2.9,4,4.2375
39.5,-107.5,4.0,24,4.452333333333333
39.5,-107.0,3.4,15,4.577333333333333
39.5,-106.5,2.5,1,5.0
39.5,-106.0,3.0,1,5.0
39.5,-105.5,2.9,3,2.706666666666667
39.5,-105.0,4.0,1,10.0
39.5,-99.5,3.3,12,5.0
39.5,-99.0,3.2,5,5.335
39.5,-98.5,3.5,28,5.3914285714285715
39.5,-98.0,3.7,23,7.43304347826087
39.5,-95.5,3.1,1,5.0
39.5,-92.5,2.59,2,0.785
39.5,-92.0,2.9,2,5.0
39.5,-87.5,3.1,1,5.0
39.5,-86.5,3.7,1,5.0
39.5,-85.5,3.8,1,2.4
39.5,-83.5,2.35,1,8.46
39.5,-82.0,3.5,1,8.0
39.5,-81.5,2.8,4,7.6850000000000005
39.5,-81.0,3.0,2,4.465
39.5,-78.0,3.03,2,4.87
39.5,-77.5,3.6,1,7.03
39.5,-77.0,2.6,7,4.936428571428571
39.5,-76.5,2.6,7,6.361428571428571
39.5,-76.0,2.2,1,5.4
39.5,-75.5,3.2,8,4.84875
39.5,-74.5,2.4,2,5.0
39.5,-73.0,2.3,1,10.014
39.5,-71.0,2.5,1,5.2
39.5,-30.5,4.3,1,10.0
39.5,-30.0,5.2,21,10.66904761904762
39.5,-29.5,5.4,9,10.547777777777778
39.5,-28.5,4.3,2,10.0
39.5,-15.0,3.8,1,0.0
39.5,-14.5,4.5,1,10.0
39.5,-14.0,3.6,1,0.0
39.5,-13.5,4.8,1,0.0
39.5,-13.0,4.1,4,7.95
39.5,-12.0,4.1,7,4.285714285714286
39.5,-11.5,3.4,1,10.0
39.5,-11.0,3.3,4,7.5
39.5,-10.5,4.4,3,13.333333333333334
39.5,-10.0,3.3,4,5.0
39.5,-9.5,3.1,5,10.4
39.5,-9.0,3.6,11,7.423636363636363
39.5,-8.5,2.5,2,3.5
39.5,-8.0,2.6,1,0.0
39.5,-7.5,2.0,1,0.0
39.5,-7.0,3.6,3,1.2
39.5,-6.5,2.5,14,1.4928571428571427
39.5,-4.0,3.1,4,7.725
39.5,-3.5,4.1,14,4.3
39.5,-3.0,4.3,31,4.851612903225806
39.5,-2.5,3.9,16,5.16875
39.5,-2.0,2.8,2,7.5
39.5,-1.5,3.0,7,2.8857142857142857
39.5,-1.0,3.5,40,6.475
39.5,-0.5,3.3,20,7.375
39.5,-0.0,4.6,109,7.123853211009174
39.5,0.5,3.5,11,8.545454545454545
39.5,1.0,2.3,1,5.3
39.5,1.5,2.6,1,0.0
39.5,3.0,3.1,3,13.0
39.5,5.5,2.8,1,10.0
39.5,6.0,2.7,1,10.0
39.5,6.5,4.5,1,10.0
39.5,13.0,4.4,2,480.975
39.5,13.5,5.8,4,452.46500000000003
39.5,14.0,3.3,1,271.4
39.5,14.5,4.4,5,288.482
39.5,15.0,5.5,20,210.677
39.5,15.5,5.3,57,177.41715789473685
39.5,16.0,4.8,45,66.38711111111111
39.5,16.5,4.6,41,10.434146341463414
39.5,17.0,5.3,40,10.690000000000001
39.5,17.5,4.1,2,10.0
39.5,18.0,2.7,1,2.7
39.5,18.5,3.5,1,33.0
39.5,19.0,3.4,1,2.0
39.5,19.5,4.4,37,14.402702702702703
39.5,20.0,4.8,234,12.022692307692308
39.5,20.5,5.7,680,16.169970588235294
39.5,21.0,4.6,175,15.589771428571428
39.5,21.5,4.7,100,16.798
39.5,22.0,5.3,95,13.550315789473684
39.5,22.5,4.6,29,11.956689655172415
39.5,23.0,4.4,113,11.26787610619469
39.5,23.5,5.1,183,13.751366120218579
39.5,24.0,5.3,238,20.940336134453784
39.5,24.5,4.5,23,18.895652173913046
39.5,25.0,4.4,41,16.81463414634146
39.5,25.5,5.7,82,13.497560975609755
39.5,26.0,5.3,185,12.042637837837837
39.5,26.5,5.1,101,11.649504950495048
39.5,27.0,4.1,58,10.703448275862069
39.5,27.5,4.5,265,10.011698113207547
39.5,28.0,5.2,439,9.42369020501139
39.5,28.5,4.2,171,9.53859649122807
39.5,29.0,4.6,296,9.322567567567567
39.5,29.5,4.3,1095,9.364566210045663
39.5,30.0,3.8,50,9.96
39.5,30.5,3.9,6,12.35
39.5,31.0,3.6,8,14.612499999999999
39.5,32.0,3.4,4,11.925
39.5,32.5,4.9,9,14.544444444444444
39.5,33.0,5.7,36,10.127777777777778
39.5,33.5,4.4,5,12.040000000000001
39.5,34.0,4.1,5,7.659999999999999
39.5,34.5,5.0,2,10.0
39.5,35.0,3.4,2,9.4
39.5,35.5,4.3,1,5.0
39.5,36.5,4.6,3,9.799999999999999
39.5,37.0,4.7,5,11.98
39.5,37.5,4.2,7,11.485714285714286
39.5,38.0,4.4,3,19.333333333333332
39.5,38.5,5.4,17,11.38529411764706
39.5,39.0,4.3,2,9.5
39.5,39.5,6.7,15,14.000666666666666
39.5,40.0,6.1,29,9.162068965517241
39.5,40.5,5.4,20,9.7965
39.5,41.0,5.8,48,15.005270833333334
39.5,41.5,4.4,5,11.32
39.5,42.0,4.7,6,14.983333333333334
39.5,42.5,4.2,3,10.0
39.5,43.0,5.2,5,4.279999999999999
39.5,43.5,4.4,4,15.15
39.5,44.0,4.9,12,18.349999999999998
39.5,44.5,4.3,4,10.475
39.5,45.0,4.3,1,33.0
39.5,45.5,4.4,1,10.0
39.5,46.0,4.1,1,10.0
39.5,47.5,4.0,1,11.1
39.5,48.0,3.9,1,30.0
39.5,48.5,3.6,1,70.8
39.5,49.0,4.6,3,34.6
39.5,49.5,4.4,3,36.63333333333333
39.5,50.5,3.7,1,28.7
39.5,52.0,5.5,10,29.981
39.5,52.5,4.4,3,26.933333333333334
39.5,53.0,4.6,2,21.5
39.5,53.5,4.1,1,10.0
39.5,54.0,4.5,6,32.44833333333333
39.5,54.5,5.4,15,22.083333333333332
39.5,55.0,7.0,18,20.920555555555556
39.5,55.5,4.9,1,10.0
39.5,64.0,5.1,1,24.2
39.5,67.0,4.0,1,37.6
39.5,67.5,4.7,5,28.8
39.5,68.0,4.1,2,21.5
39.5,68.5,4.4,1,35.8
39.5,69.0,4.5,4,29.975
39.5,69.5,4.6,3,19.233333333333334
39.5,70.0,5.8,4,23.5975
39.5,70.5,4.8,5,22.119999999999997
39.5,71.0,4.9,7,29.728571428571428
39.5,71.5,6.0,44,21.384636363636364
39.5,72.0,5.2,36,39.06811111111111
39.5,72.5,5.0,29,38.33703448275862
39.5,73.0,5.5,57,30.634105263157895
39.5,73.5,6.4,180,26.511755555555556
39.5,74.0,6.7,163,32.40760736196319
39.5,74.5,5.1,45,34.11244444444444
39.5,75.0,6.0,47,38.36085106382979
39.5,75.5,5.7,25,29.8452
39.5,76.0,5.0,8,20.50625
39.5,76.5,4.7,39,39.15692307692307
39.5,77.0,6.3,105,29.81714285714286
39.5,77.5,6.4,63,19.19206349206349
39.5,78.0,5.0,12,23.275000000000002
39.5,78.5,4.0,1,36.3
39.5,79.5,5.0,3,26.099999999999998
39.5,80.5,5.2,1,10.0
39.5,81.0,4.0,1,33.0
39.5,81.5,5.9,1,38.0
39.5,82.5,4.8,1,14.98
39.5,83.0,4.3,1,10.0
39.5,84.5,4.2,1,18.41
39.5,88.5,4.4,1,10.0
39.5,89.5,4.7,1,10.0
39.5,90.0,4.2,1,8.2
39.5,93.5,4.1,3,17.666666666666668
39.5,94.5,4.7,2,10.0
39.5,95.0,4.8,7,17.37142857142857
39.5,95.5,4.7,3,19.366666666666667
39.5,96.0,5.0,2,10.0
39.5,96.5,5.8,1,33.0
39.5,97.0,4.1,1,10.0
39.5,97.5,5.6,7,16.29
39.5,98.0,5.1,2,11.05
39.5,98.5,5.2,1,22.1
39.5,99.0,4.8,2,21.5
39.5,100.5,4.9,2,10.530000000000001
39.5,101.0,4.5,1,10.0
39.5,103.5,4.3,1,19.6
39.5,106.5,4.4,2,22.5
39.5,107.0,4.0,3,25.50666666666667
39.5,110.0,4.0,2,10.0
39.5,110.5,4.0,2,22.5
39.5,111.0,3.9,1,10.0
39.5,113.0,4.3,1,33.0
39.5,113.5,4.7,3,10.0
39.5,114.0,3.9,2,10.0
39.5,116.5,4.6,1,10.0
39.5,117.5,4.3,2,28.75
39.5,118.0,4.6,4,20.5475
39.5,118.5,4.9,13,17.33076923076923
39.5,119.0,4.5,2,21.5
39.5,120.5,4.4,1,10.0
39.5,123.0,4.1,1,33.0
39.5,130.0,4.0,1,572.51
39.5,130.5,4.3,1,562.5
39.5,132.0,4.5,1,510.33
39.5,134.5,3.6,1,402.4
39.5,136.5,4.0,1,331.2
39.5,138.5,5.2,5,72.816
39.5,139.0,4.9,4,29.5
39.5,139.5,4.4,6,99.66000000000001
39.5,140.0,4.8,9,135.09555555555553
39.5,140.5,5.6,19,87.87894736842105
39.5,141.0,6.5,17,85.71058823529411
39.5,141.5,5.8,18,70.73111111111112
39.5,142.0,5.9,118,60.56385593220339
39.5,142.5,6.3,79,48.02791139240506
39.5,143.0,6.4,137,30.452401459854016
39.5,143.5,6.9,365,27.25326849315068
39.5,144.0,5.0,32,25.629125
39.5,144.5,6.1,41,25.693414634146343
39.5,145.0,5.0,14,25.530714285714286
39.5,145.5,4.5,1,33.0
40.0,-127.5,4.5,1,10.0
40.0,-127.0,4.0,6,14.494
40.0,-126.5,3.0,3,5.276666666666666
40.0,-126.0,3.39,10,9.224799999999998
40.0,-125.5,3.32,24,13.281708333333334
40.0,-125.0,3.53,66,5.4343939393939396
40.0,-124.5,5.4,86,8.358279069767441
40.0,-124.0,3.9,984,15.099450203252033
40.0,-123.5,4.08,902,8.22138359201774
40.0,-123.0,4.5,1290,8.241433333333333
40.0,-122.5,4.7,375,11.221533333333333
40.0,-122.0,3.5,344,18.99773837209302
40.0,-121.5,3.71,874,5.0741544622425625
40.0,-121.0,5.69,3225,5.560616062015503
40.0,-120.5,5.2,2056,7.208394844357977
40.0,-120.0,4.48,1495,8.536728026755853
40.0,-119.5,4.4,1988,11.973025855130786
40.0,-119.0,3.5,305,9.965993770491803
40.0,-118.5,3.7,89,5.623595505617978
40.0,-118.0,4.1,133,4.481203007518797
40.0,-117.5,4.1,89,3.982022471910112
40.0,-117.0,3.4,19,2.9578947368421056
40.0,-116.5,3.5,4,5.0
40.0,-116.0,3.5,9,6.233333333333333
40.0,-115.5,3.7,23,3.5578260869565215
40.0,-115.0,3.1,4,8.575
40.0,-114.0,2.58,3,8.016666666666667
40.0,-113.5,2.85,20,5.032500000000001
40.0,-113.0,2.21,4,7.37
40.0,-112.5,2.08,6,4.725
40.0,-112.0,3.25,349,4.743467048710602
40.0,-111.5,3.64,258,5.352015503875969
40.0,-111.0,4.15,229,5.699126637554585
40.0,-110.5,2.33,24,7.530833333333334
40.0,-110.0,2.22,5,4.538
40.0,-109.5,3.97,11,4.250909090909091
40.0,-109.0,4.5,24,3.691625
40.0,-108.5,4.1,2,5.52
40.0,-108.0,1.4,1,5.0
40.0,-107.5,3.1,4,4.8225
40.0,-107.0,2.9,2,5.0
40.0,-100.5,2.8,1,5.0
40.0,-100.0,3.3,3,5.0
40.0,-98.5,3.0,7,5.714285714285714
40.0,-98.0,3.8,17,10.015882352941176
40.0,-96.5,2.9,1,5.0
40.0,-88.5,2.4,1,2.38
40.0,-87.5,3.82,1,6.26
40.0,-87.0,3.6,2,7.5
40.0,-84.5,2.43,1,8.62
40.0,-81.5,3.4,2,1.865
40.0,-81.0,2.1,2,1.5
40.0,-80.5,2.22,2,1.0
40.0,-77.5,1.82,2,5.0
40.0,-77.0,3.05,31,3.4432258064516126
40.0,-76.5,3.37,10,3.7979999999999996
40.0,-76.0,2.6,7,4.4799999999999995
40.0,-75.5,2.64,8,10.145
40.0,-75.0,2.5,10,4.875
40.0,-74.5,1.77,2,5.0
40.0,-73.5,2.14,1,7.46
40.0,-71.5,3.68,1,19.92
40.0,-30.0,4.8,7,10.0
40.0,-29.5,5.6,35,10.379714285714286
40.0,-29.0,4.8,1,10.0
40.0,-14.5,4.7,1,10.0
40.0,-10.5,4.8,1,10.0
40.0,-10.0,3.9,1,10.0
40.0,-9.0,3.6,7,10.771428571428572
40.0,-8.5,3.9,7,8.785714285714286
40.0,-8.0,2.0,2,11.2
40.0,-7.5,3.0,2,6.05
40.0,-7.0,2.7,1,2.5
40.0,-6.5,2.5,3,0.9333333333333332
40.0,-4.0,2.0,1,6.1
40.0,-3.5,3.3,9,4.833333333333333
40.0,-3.0,3.7,29,3.1379310344827585
40.0,-2.5,4.2,16,2.73125
40.0,-2.0,3.0,6,3.9333333333333336
40.0,-1.5,4.4,5,5.92
40.0,-1.0,3.3,12,5.566666666666666
40.0,-0.5,3.2,11,6.345454545454545
40.0,-0.0,3.2,12,6.141666666666667
40.0,0.5,3.4,9,5.855555555555555
40.0,1.0,2.3,2,2.95
40.0,2.5,1.6,1,0.0
40.0,3.0,1.6,2,4.9
40.0,3.5,3.8,2,16.35
40.0,5.0,3.0,1,0.0
40.0,5.5,3.6,3,10.0
40.0,6.0,4.0,4,18.025
40.0,6.5,3.0,1,20.0
40.0,7.0,4.3,1,10.0
40.0,8.5,3.5,1,10.0
40.0,10.0,3.0,1,10.0
40.0,12.5,5.0,2,518.1
40.0,13.0,5.2,6,473.51
40.0,13.5,4.4,1,480.17
40.0,14.0,5.3,3,405.0346666666667
40.0,14.5,2.6,1,5.0
40.0,15.0,4.8,19,201.6578947368421
40.0,15.5,4.9,35,151.54171428571428
40.0,16.0,5.6,111,31.304324324324323
40.0,16.5,4.2,9,9.944444444444445
40.0,17.0,3.5,2,14.05
40.0,17.5,4.1,3,11.1
40.0,19.0,4.2,5,15.0
40.0,19.5,4.8,201,13.1292039800995
40.0,20.0,5.2,164,9.621792682926829
40.0,20.5,5.5,357,13.177591036414565
40.0,21.0,4.9,80,15.517500000000002
40.0,21.5,6.6,578,9.264930795847752
40.0,22.0,6.3,262,9.690992366412214
40.0,22.5,5.2,81,10.955555555555556
40.0,23.0,4.6,54,11.28761111111111
40.0,23.5,5.2,171,12.181286549707602
40.0,24.0,5.2,231,11.803831168831168
40.0,24.5,5.5,114,15.593684210526316
40.0,25.0,4.9,116,16.189913793103447
40.0,25.5,4.8,115,13.71304347826087
40.0,26.0,4.1,35,13.80857142857143
40.0,26.5,4.4,20,8.77
40.0,27.0,4.4,57,9.842456140350876
40.0,27.5,4.4,84,10.16972619047619
40.0,28.0,4.8,97,9.73298969072165
40.0,28.5,4.8,45,10.142222222222221
40.0,29.0,4.5,194,9.127835051546391
40.0,29.5,4.1,211,9.86777251184834
40.0,30.0,4.5,29,8.87241379310345
40.0,30.5,4.4,30,9.570666666666666
40.0,31.0,3.2,8,8.75
40.0,32.0,4.4,4,7.75
40.0,32.5,4.3,6,7.358833333333333
40.0,33.0,4.4,17,9.467058823529412
40.0,33.5,4.4,5,8.4
40.0,34.0,4.8,12,13.791666666666666
40.0,34.5,4.1,3,8.166666666666666
40.0,35.5,4.4,4,9.15
40.0,36.0,3.6,4,10.0
40.0,37.0,4.1,2,8.2
40.0,37.5,4.2,4,6.9
40.0,38.0,3.1,2,10.0
40.0,38.5,3.7,3,11.666666666666666
40.0,39.0,5.5,18,10.63
40.0,39.5,4.7,6,8.333333333333334
40.0,40.0,5.4,13,7.6923076923076925
40.0,40.5,5.2,18,11.351666666666667
40.0,41.0,5.6,21,13.342857142857142
40.0,41.5,5.4,7,16.114285714285714
40.0,42.0,5.1,15,17.932000000000002
40.0,42.5,4.6,4,14.5
40.0,43.0,5.2,5,15.36
40.0,43.5,4.2,4,21.5
40.0,44.0,5.1,6,7.5
40.0,44.5,4.9,5,5.86
40.0,45.0,4.1,1,10.0
40.0,45.5,4.8,1,15.8
40.0,46.0,4.1,2,21.5
40.0,46.5,4.4,3,34.03333333333333
40.0,48.0,5.2,3,42.15
40.0,48.5,5.1,9,53.80222222222222
40.0,49.0,4.3,6,33.766666666666666
40.0,49.5,4.2,4,29.15
40.0,50.0,6.8,26,36.75
40.0,50.5,4.6,3,32.29
40.0,51.0,4.8,7,31.31714285714286
40.0,51.5,4.6,3,48.580000000000005
40.0,52.0,4.3,9,30.895555555555557
40.0,52.5,4.5,2,45.9
40.0,53.0,5.3,3,38.86666666666667
40.0,53.5,5.6,13,32.90769230769231
40.0,54.0,5.4,15,26.92733333333333
40.0,54.5,5.3,5,23.456
40.0,55.0,4.1,2,39.75
40.0,62.5,4.4,1,33.0
40.0,63.0,5.2,7,33.81428571428571
40.0,63.5,4.3,1,35.0
40.0,64.0,4.2,2,22.5
40.0,67.0,4.6,4,33.0
40.0,67.5,5.7,5,34.124
40.0,68.0,5.1,4,12.965
40.0,68.5,4.6,2,34.435
40.0,69.0,5.0,4,27.4125
40.0,69.5,4.6,6,21.25
40.0,70.0,5.0,14,27.620714285714286
40.0,70.5,6.0,5,31.919999999999998
40.0,71.0,5.0,11,24.228181818181817
40.0,71.5,6.1,10,29.661
40.0,72.0,5.5,9,36.556666666666665
40.0,72.5,4.5,7,23.599999999999998
40.0,73.0,4.7,11,31.55272727272727
40.0,73.5,4.7,4,33.5325
40.0,74.0,4.6,10,41.35
40.0,74.5,5.0,10,46.1138
40.0,75.0,5.3,7,33.52914285714286
40.0,75.5,5.0,21,44.60947619047619
40.0,76.0,4.7,13,39.856923076923074
40.0,76.5,6.3,20,34.9715
40.0,77.0,6.0,41,31.301219512195118
40.0,77.5,5.4,41,24.045609756097562
40.0,78.0,5.1,20,26.4495
40.0,78.5,4.6,7,37.31428571428571
40.0,79.0,5.3,6,33.449999999999996
40.0,79.5,4.5,1,10.0
40.0,81.5,4.6,2,24.435
40.0,82.5,5.7,2,19.0
40.0,83.0,4.5,4,9.8785
40.0,83.5,4.9,3,10.0
40.0,84.5,4.5,1,10.0
40.0,91.5,4.4,1,33.0
40.0,97.5,4.5,3,25.333333333333332
40.0,98.0,4.8,1,14.63
40.0,98.5,3.5,1,10.0
40.0,99.0,3.9,1,63.4
40.0,100.5,4.4,2,10.0
40.0,103.0,4.3,1,10.0
40.0,104.5,4.8,1,33.0
40.0,105.0,5.1,2,28.9
40.0,106.0,4.5,2,10.0
40.0,106.5,5.4,9,24.776666666666667
40.0,110.0,4.5,1,10.53
40.0,112.0,4.5,1,10.0
40.0,113.0,4.2,4,15.75
40.0,113.5,4.5,1,10.0
40.0,114.0,5.4,5,10.0
40.0,114.5,3.8,1,13.0
40.0,115.0,3.9,1,10.0
40.0,116.5,3.7,1,10.0
40.0,117.5,4.1,1,33.0
40.0,118.0,3.9,3,17.666666666666668
40.0,118.5,4.8,3,24.066666666666666
40.0,119.0,4.6,4,10.0
40.0,122.5,4.0,1,10.0
40.0,123.0,4.4,2,21.5
40.0,123.5,4.0,1,10.0
40.0,138.0,4.6,1,279.61
40.0,138.5,4.9,4,33.025
40.0,139.0,5.6,11,48.26363636363636
40.0,139.5,4.7,5,164.38400000000001
40.0,140.0,4.7,6,106.08333333333333
40.0,140.5,4.9,14,89.36135714285714
40.0,141.0,4.6,15,70.29606666666668
40.0,141.5,6.8,27,74.32074074074075
40.0,142.0,7.0,113,56.5419203539823
40.0,142.5,6.2,167,48.80474251497006
40.0,143.0,6.7,109,33.61579816513761
40.0,143.5,6.4,198,28.381878787878787
40.0,144.0,5.4,48,23.308333333333334
40.0,144.5,4.9,23,27.530434782608697
40.0,145.0,5.2,11,27.932727272727274
40.0,145.5,4.9,3,34.09
40.0,147.0,3.8,1,33.0
40.0,147.5,4.1,1,33.0
40.5,-137.0,4.6,2,10.0
40.5,-134.5,5.2,1,10.0
40.5,-128.5,3.5,2,7.5
40.5,-128.0,3.1,2,10.0
40.5,-127.5,5.0,62,10.12374193548387
40.5,-127.0,5.9,173,10.338445086705201
40.5,-126.5,5.8,132,9.786507575757575
40.5,-126.0,6.6,247,9.267712550607287
40.5,-125.5,7.1,610,12.4258131147541
40.5,-125.0,5.88,1413,10.286514508138712
40.5,-124.5,6.57,10326,14.947754406352894
40.5,-124.0,7.2,2478,18.744207425343017
40.5,-123.5,4.49,814,19.961791154791154
40.5,-123.0,3.96,132,26.6619696969697
40.5,-122.5,5.1,1040,18.126702884615383
40.5,-122.0,4.41,1771,12.709993224167137
40.5,-121.5,3.85,6666,4.220681668166817
40.5,-121.0,3.37,582,4.644019931271477
40.5,-120.5,3.66,144,5.753
40.5,-120.0,3.5,322,10.870518322981367
40.5,-119.5,4.8,1106,6.9173598553345395
40.5,-119.0,3.2,51,8.024313725490197
40.5,-118.5,2.5,10,3.621
40.5,-118.0,3.3,15,4.847333333333334
40.5,-117.5,3.9,35,6.048571428571428
40.5,-117.0,3.6,15,5.833333333333333
40.5,-116.5,3.8,46,7.154347826086957
40.5,-116.0,4.3,59,7.03728813559322
40.5,-115.5,3.3,5,2.64
40.5,-115.0,4.5,13,5.092307692307693
40.5,-114.0,2.92,3,6.1499999999999995
40.5,-113.5,2.54,29,8.030344827586207
40.5,-113.0,2.76,8,6.77375
40.5,-112.5,2.83,49,3.587551020408163
40.5,-112.0,4.19,2226,7.411545372866127
40.5,-111.5,3.57,1669,5.4573636908328345
40.5,-111.0,3.65,239,5.92213389121339
40.5,-110.5,4.03,11,8.202727272727273
40.5,-110.0,2.34,6,10.31
40.5,-109.5,3.03,17,10.084117647058823
40.5,-109.0,3.6,5,7.452
40.5,-108.5,1.9,2,4.654999999999999
40.5,-108.0,3.5,6,8.086666666666668
40.5,-107.5,3.7,4,5.0
40.5,-107.0,3.5,15,4.246666666666667
40.5,-106.5,3.9,5,4.843999999999999
40.5,-105.5,1.4,1,3.049
40.5,-104.5,3.2,29,6.074137931034483
40.5,-100.5,3.0,1,5.0
40.5,-96.0,3.6,1,5.0
40.5,-95.5,3.5,1,5.0
40.5,-95.0,3.1,1,5.0
40.5,-86.0,3.8,1,5.0
40.5,-85.0,3.0,1,5.0
40.5,-84.5,2.9,4,5.0
40.5,-84.0,2.8,5,7.006
40.5,-81.5,2.6,2,5.0
40.5,-78.0,1.18,1,2.0
40.5,-77.5,3.44,2,27.43
40.5,-76.0,4.6,30,4.636666666666667
40.5,-75.0,3.1,6,2.3366666666666664
40.5,-74.5,3.1,9,4.911111111111111
40.5,-74.0,1.98,5,5.917999999999999
40.5,-72.0,3.04,1,7.06
40.5,-36.5,3.4,1,10.0
40.5,-30.0,4.4,1,10.0
40.5,-29.5,5.3,28,10.6225
40.5,-29.0,5.1,7,10.0
40.5,-15.0,3.2,1,0.0
40.5,-13.5,4.5,1,0.0
40.5,-9.5,3.5,2,15.3
40.5,-9.0,2.5,1,10.8
40.5,-8.5,3.9,4,8.9
40.5,-8.0,3.4,3,3.3333333333333335
40.5,-7.5,1.7,1,0.0
40.5,-7.0,2.2,1,11.0
40.5,-6.0,2.1,1,0.0
40.5,-5.5,2.3,1,0.0
40.5,-4.5,1.9,1,0.0
40.5,-4.0,3.4,8,4.15
40.5,-3.5,2.5,4,2.95
40.5,-3.0,4.2,13,3.6384615384615384
40.5,-2.5,2.8,5,4.0
40.5,-2.0,3.0,23,3.960869565217391
40.5,-1.5,4.3,36,6.0055555555555555
40.5,-1.0,3.6,18,8.572222222222223
40.5,-0.5,3.2,7,5.814285714285715
40.5,-0.0,3.6,12,3.741666666666667
40.5,0.5,3.4,6,6.083333333333333
40.5,1.0,4.3,10,5.04
40.5,1.5,3.0,3,7.066666666666666
40.5,2.0,3.3,1,10.0
40.5,2.5,2.5,1,10.0
40.5,3.0,2.5,1,0.0
40.5,5.0,2.6,1,10.0
40.5,5.5,3.9,3,3.3333333333333335
40.5,6.5,3.1,2,10.0
40.5,7.0,3.3,1,10.0
40.5,7.5,3.1,1,10.0
40.5,10.0,2.6,3,11.166666666666666
40.5,12.5,2.7,1,5.0
40.5,13.0,4.5,4,122.6
40.5,13.5,4.4,6,281.2716666666667
40.5,14.0,4.0,2,198.02
40.5,14.5,4.6,5,80.2
40.5,15.0,4.7,10,190.844
40.5,15.5,4.4,155,13.573548387096775
40.5,16.0,5.1,49,12.736734693877551
40.5,16.5,3.8,19,9.810526315789474
40.5,17.5,3.2,1,10.0
40.5,18.0,2.7,1,5.0
40.5,19.0,3.7,7,13.685714285714285
40.5,19.5,4.7,79,11.509455696202531
40.5,20.0,4.9,74,10.101081081081082
40.5,20.5,5.5,106,9.657235849056605
40.5,21.0,4.9,104,10.028942307692308
40.5,21.5,4.6,202,10.564356435643564
40.5,22.0,4.2,165,9.855757575757575
40.5,22.5,4.6,138,10.136449275362319
40.5,23.0,4.6,281,8.244483985765124
40.5,23.5,5.3,504,9.36
40.5,24.0,4.5,120,14.538333333333332
40.5,24.5,3.7,17,17.21764705882353
40.5,25.0,4.5,32,15.8625
40.5,25.5,6.9,89,17.562134831460675
40.5,26.0,5.7,306,15.196666666666667
40.5,26.5,5.3,33,13.464545454545455
40.5,27.0,4.4,46,10.995652173913044
40.5,27.5,4.8,207,10.4
40.5,28.0,4.3,145,9.744827586206897
40.5,28.5,4.6,95,9.65578947368421
40.5,29.0,5.2,401,9.09561097256858
40.5,29.5,5.2,145,9.969655172413793
40.5,30.0,7.6,328,9.165548780487805
40.5,30.5,5.7,105,9.548571428571428
40.5,31.0,4.9,48,9.325000000000001
40.5,31.5,5.2,26,11.411538461538461
40.5,32.0,3.7,5,9.08
40.5,32.5,4.1,7,15.971428571428573
40.5,33.0,6.0,57,11.843859649122807
40.5,33.5,4.2,10,11.4
40.5,34.0,4.8,11,12.97272727272727
40.5,34.5,4.5,9,9.844444444444443
40.5,35.0,5.2,20,8.15
40.5,35.5,4.8,13,12.175692307692307
40.5,36.0,4.9,12,10.15
40.5,36.5,5.1,4,7.5
40.5,37.0,4.3,3,8.333333333333334
40.5,37.5,4.9,7,9.771428571428572
40.5,38.0,3.4,1,5.5
40.5,39.5,4.1,1,10.0
40.5,40.5,4.4,1,5.0
40.5,41.0,3.7,1,9.0
40.5,41.5,4.3,1,33.0
40.5,42.0,4.5,5,8.22
40.5,42.5,5.7,10,12.24
40.5,43.0,5.3,5,24.48
40.5,44.0,3.8,1,10.0
40.5,45.5,5.2,3,26.276666666666667
40.5,46.0,4.6,2,21.5
40.5,47.0,4.2,4,31.25
40.5,47.5,5.2,5,44.846
40.5,48.0,4.8,4,44.5275
40.5,48.5,5.4,14,28.12142857142857
40.5,49.0,5.4,18,31.369999999999997
40.5,49.5,4.5,1,33.0
40.5,50.0,4.7,18,33.89388888888889
40.5,50.5,4.9,6,36.88333333333333
40.5,51.0,4.6,5,31.663999999999998
40.5,51.5,5.5,16,43.3736875
40.5,52.0,5.1,27,36.54037037037037
40.5,52.5,4.7,5,43.2
40.5,53.0,5.2,19,39.81315789473685
40.5,54.5,3.8,1,33.0
40.5,57.5,4.3,1,33.0
40.5,63.0,4.8,12,21.985
40.5,63.5,4.9,23,23.095652173913045
40.5,64.0,4.7,6,16.77
40.5,65.5,4.1,2,10.0
40.5,66.0,4.4,1,10.0
40.5,69.5,4.6,1,33.0
40.5,70.0,4.5,4,22.0
40.5,70.5,4.4,2,37.760000000000005
40.5,71.0,4.7,5,29.3
40.5,71.5,4.5,5,32.934000000000005
40.5,72.0,4.5,5,54.14
40.5,72.5,4.8,14,29.185000000000002
40.5,73.0,5.6,22,32.924090909090914
40.5,73.5,5.0,12,39.27333333333333
40.5,74.0,4.3,3,33.0
40.5,74.5,4.4,2,26.689999999999998
40.5,75.0,4.1,1,10.0
40.5,76.5,4.5,1,35.0
40.5,77.0,4.9,11,36.61818181818182
40.5,77.5,5.4,28,26.27857142857143
40.5,78.0,5.1,14,30.605
40.5,78.5,5.3,14,33.23857142857143
40.5,79.0,6.0,13,28.552307692307693
40.5,79.5,4.8,5,31.360000000000003
40.5,83.0,4.5,1,10.0
40.5,83.5,4.1,2,10.0
40.5,84.0,4.3,1,10.0
40.5,84.5,4.1,1,10.0
40.5,88.0,3.7,2,71.85
40.5,89.0,4.7,1,10.0
40.5,90.5,5.0,1,10.0
40.5,98.5,5.2,1,10.0
40.5,99.5,3.1,1,10.0
40.5,104.0,3.4,1,10.0
40.5,105.5,4.6,2,14.49
40.5,106.0,5.6,2,13.25
40.5,107.0,4.4,3,29.233333333333334
40.5,108.0,4.0,1,10.0
40.5,108.5,4.4,1,33.0
40.5,109.0,4.2,1,115.3
40.5,109.5,4.6,2,10.0
40.5,111.0,4.6,2,10.0
40.5,113.0,3.9,1,10.0
40.5,113.5,4.2,2,21.5
40.5,115.0,4.1,2,33.0
40.5,115.5,4.2,2,12.440000000000001
40.5,116.0,4.7,2,33.0
40.5,116.5,4.4,1,10.0
40.5,118.5,4.3,1,10.0
40.5,119.0,4.4,1,33.0
40.5,122.0,3.9,1,64.7
40.5,122.5,4.6,4,22.235
40.5,123.0,5.1,9,17.88888888888889
40.5,128.5,4.6,1,10.0
40.5,135.5,5.2,1,382.5
40.5,136.5,4.0,1,342.2
40.5,137.5,4.2,2,290.0
40.5,138.0,3.7,1,35.0
40.5,139.0,6.2,14,36.72271428571428
40.5,139.5,4.9,6,169.42566666666667
40.5,140.0,5.0,12,147.7075
40.5,140.5,5.0,7,92.62571428571428
40.5,141.0,4.8,14,69.06714285714285
40.5,141.5,5.8,27,92.25662962962963
40.5,142.0,5.5,50,57.281800000000004
40.5,142.5,6.0,92,47.83408695652174
40.5,143.0,6.7,55,34.36452727272727
40.5,143.5,7.8,99,27.17158585858586
40.5,144.0,5.2,53,22.72849056603774
40.5,144.5,4.8,9,23.713333333333335
40.5,145.0,4.8,20,22.268
40.5,145.5,4.9,4,31.0975
40.5,146.0,4.7,2,34.0
40.5,146.5,4.5,2,33.0
41.0,-129.0,3.8,1,10.0
41.0,-128.0,4.2,4,10.0
41.0,-127.5,5.0,40,9.613
41.0,-127.0,5.3,38,9.281605263157894
41.0,-126.5,6.6,32,9.9153125
41.0,-126.0,4.3,76,7.280223684210527
41.0,-125.5,5.5,131,9.395015267175573
41.0,-125.0,6.8,178,11.165129213483146
41.0,-124.5,5.2,231,17.029813852813852
41.0,-124.0,5.6,292,17.67773287671233
41.0,-123.5,5.4,599,22.89491485809683
41.0,-123.0,3.09,55,21.78589090909091
41.0,-122.5,3.16,344,9.41614534883721
41.0,-122.0,4.43,830,9.10732891566265
41.0,-121.5,4.4,706,7.124162889518413
41.0,-121.0,3.6,132,11.304954545454544
41.0,-120.5,3.23,44,6.415568181818182
41.0,-120.0,3.1,29,4.113241379310344
41.0,-119.5,3.2,39,4.5487179487179485
41.0,-119.0,3.6,43,4.618837209302326
41.0,-118.5,2.26,12,6.0075
41.0,-118.0,1.9,1,3.4
41.0,-117.5,3.7,29,6.86
41.0,-117.0,3.6,25,6.244
41.0,-116.5,3.9,258,4.245736434108528
41.0,-116.0,4.3,105,3.583809523809524
41.0,-115.5,3.6,4,8.125
41.0,-115.0,5.9,1658,6.871290711700845
41.0,-114.5,3.4,6,6.166666666666667
41.0,-114.0,2.55,2,7.165
41.0,-113.5,2.5,7,7.845714285714286
41.0,-113.0,3.33,60,5.3905
41.0,-112.5,2.23,31,5.670645161290322
41.0,-112.0,5.7,1328,7.491099397590362
41.0,-111.5,3.35,668,8.2262874251497
41.0,-111.0,2.84,122,10.368688524590164
41.0,-110.5,2.72,48,8.245624999999999
41.0,-110.0,3.18,9,9.973333333333334
41.0,-109.5,2.92,2,7.795
41.0,-109.0,2.94,6,3.4166666666666665
41.0,-108.5,3.3,2,4.015000000000001
41.0,-108.0,2.9,1,4.0
41.0,-107.0,3.3,6,4.611666666666667
41.0,-100.0,3.1,1,10.0
41.0,-85.0,2.6,1,5.0
41.0,-83.5,2.5,4,6.2265
41.0,-82.5,2.7,1,5.0
41.0,-82.0,3.0,1,5.0
41.0,-81.5,2.7,1,5.0
41.0,-81.0,2.9,1,5.0
41.0,-80.5,2.44,18,4.36
41.0,-79.5,2.1,1,7.08
41.0,-77.0,1.88,1,10.75
41.0,-74.5,2.95,39,4.266410256410257
41.0,-74.0,2.6,32,5.0134375
41.0,-73.5,3.0,12,6.7426666666666675
41.0,-72.0,2.8,1,10.0
41.0,-71.5,2.3,4,8.6
41.0,-69.0,2.4,1,5.0
41.0,-29.5,5.2,8,10.0
41.0,-29.0,4.8,4,10.0
41.0,-28.5,4.7,1,10.0
41.0,-12.0,4.3,1,174.1
41.0,-9.5,2.1,1,10.0
41.0,-9.0,3.5,2,5.0
41.0,-8.5,2.6,7,10.271428571428572
41.0,-8.0,3.4,8,5.9625
41.0,-7.5,3.6,7,7.371428571428572
41.0,-7.0,3.8,10,7.74
41.0,-6.0,3.5,4,7.575
41.0,-5.5,2.0,2,2.1
41.0,-5.0,2.1,1,15.2
41.0,-4.5,2.8,1,10.0
41.0,-4.0,2.4,8,3.75
41.0,-3.5,3.3,5,3.16
41.0,-3.0,2.6,2,5.5
41.0,-2.5,3.3,2,5.0
41.0,-2.0,3.2,10,10.290000000000001
41.0,-1.5,3.5,9,6.911111111111111
41.0,-1.0,3.8,4,6.15
41.0,-0.5,3.0,5,8.58
41.0,-0.0,3.2,2,8.05
41.0,0.5,3.0,3,1.0999999999999999
41.0,1.0,3.2,10,2.04
41.0,1.5,4.6,16,6.825
41.0,2.0,4.4,7,5.714285714285714
41.0,3.0,2.5,1,10.0
41.0,4.5,5.0,1,33.0
41.0,5.0,4.2,4,11.25
41.0,7.0,3.0,2,12.5
41.0,7.5,2.9,2,6.0
41.0,9.5,2.8,2,12.5
41.0,10.0,5.1,10,10.27
41.0,10.5,3.9,1,10.0
41.0,12.0,3.2,3,6.666666666666667
41.0,12.5,2.5,1,5.0
41.0,13.0,2.7,1,5.0
41.0,13.5,2.9,1,5.0
41.0,14.0,4.2,4,5.6625
41.0,14.5,3.6,7,8.985714285714286
41.0,15.0,4.6,30,8.31
41.0,15.5,4.7,47,9.402127659574468
41.0,16.0,5.8,11,10.436363636363636
41.0,16.5,2.9,6,14.633333333333333
41.0,17.5,4.1,2,10.925
41.0,18.0,3.3,1,10.0
41.0,18.5,3.4,1,33.0
41.0,19.0,3.3,3,9.4
41.0,19.5,4.8,78,14.818846153846152
41.0,20.0,5.4,297,8.577171717171717
41.0,20.5,4.4,154,8.754545454545454
41.0,21.0,5.8,178,9.066741573033708
41.0,21.5,5.5,70,9.553571428571429
41.0,22.0,4.3,134,9.144029850746268
41.0,22.5,6.1,263,9.531558935361218
41.0,23.0,4.4,214,9.308878504672897
41.0,23.5,3.6,88,8.492045454545455
41.0,24.0,4.3,81,13.123456790123457
41.0,24.5,4.0,21,13.980952380952383
41.0,25.0,3.5,8,19.5
41.0,25.5,3.9,16,12.0625
41.0,26.0,4.3,41,7.44390243902439
41.0,26.5,2.9,3,10.0
41.0,27.0,3.3,1,10.0
41.0,27.5,4.7,100,10.01
41.0,28.0,5.7,170,9.585882352941177
41.0,28.5,3.9,193,9.258549222797928
41.0,29.0,4.8,154,9.26025974025974
41.0,29.5,3.6,89,9.973033707865168
41.0,30.0,4.6,57,9.882456140350877
41.0,30.5,4.6,53,8.877358490566039
41.0,31.0,7.2,71,9.125070422535211
41.0,31.5,5.0,50,8.36
41.0,32.0,5.1,15,7.926
41.0,32.5,4.1,5,8.0
41.0,33.0,4.1,11,9.154545454545454
41.0,33.5,4.5,18,10.978555555555555
41.0,34.0,4.3,14,10.596142857142857
41.0,34.5,4.2,10,10.267
41.0,35.0,4.0,6,9.166666666666666
41.0,35.5,5.8,7,10.214285714285714
41.0,36.0,4.5,8,8.375
41.0,36.5,3.6,1,5.0
41.0,37.5,4.2,2,7.5
41.0,38.5,4.0,1,10.0
41.0,39.0,4.4,2,8.45
41.0,39.5,2.9,1,11.0
41.0,40.0,3.2,3,22.266666666666666
41.0,40.5,3.6,1,10.0
41.0,42.5,4.4,1,10.0
41.0,43.0,4.4,4,13.141
41.0,43.5,5.1,4,16.325
41.0,44.0,5.3,16,10.26
41.0,44.5,4.1,1,10.0
41.0,45.0,4.2,1,33.0
41.0,45.5,4.0,1,34.27
41.0,46.5,4.1,2,21.5
41.0,47.0,4.6,3,10.94
41.0,47.5,5.4,6,27.060000000000002
41.0,48.0,5.3,10,36.042
41.0,48.5,5.0,17,42.73070588235294
41.0,49.0,4.7,7,25.014285714285712
41.0,49.5,4.8,2,31.15
41.0,50.0,4.6,7,30.442857142857143
41.0,50.5,4.9,9,34.632222222222225
41.0,51.5,4.5,7,34.22714285714286
41.0,52.0,4.7,18,36.772111111111116
41.0,53.0,3.5,1,35.0
41.0,64.5,3.8,1,33.0
41.0,68.0,5.1,5,16.308
41.0,69.0,5.3,5,21.04
41.0,69.5,4.5,2,29.755000000000003
41.0,70.5,4.6,2,21.5
41.0,71.0,5.0,6,31.26
41.0,71.5,4.9,15,26.769333333333336
41.0,72.0,5.7,9,31.22222222222222
41.0,72.5,6.2,45,34.318888888888885
41.0,73.0,4.9,19,29.519052631578944
41.0,73.5,5.2,16,30.801875
41.0,74.0,4.7,7,26.462857142857143
41.0,74.5,5.8,6,26.400000000000002
41.0,75.0,4.8,2,23.1
41.0,75.5,5.3,7,20.131428571428568
41.0,76.0,4.0,1,41.6
41.0,76.5,3.9,1,33.0
41.0,77.0,4.6,2,21.5
41.0,77.5,4.5,3,41.733333333333334
41.0,78.0,5.0,13,21.125384615384615
41.0,78.5,4.8,14,31.064999999999998
41.0,79.0,5.3,14,22.905714285714286
41.0,79.5,4.4,4,31.025
41.0,80.0,4.7,5,30.766
41.0,81.0,4.1,1,33.0
41.0,81.5,4.9,4,33.0
41.0,83.0,4.2,2,11.029
41.0,83.5,5.2,11,10.0
41.0,84.0,4.6,2,9.035
41.0,88.0,5.2,1,21.87
41.0,88.5,4.7,1,36.0
41.0,89.0,5.1,2,16.0
41.0,90.5,4.4,1,31.7
41.0,94.5,4.5,1,33.0
41.0,100.0,4.8,1,16.99
41.0,105.5,4.3,2,29.6
41.0,106.5,3.8,1,33.0
41.0,107.0,4.9,2,17.1
41.0,107.5,3.8,1,10.0
41.0,108.0,4.7,1,33.0
41.0,109.5,6.0,2,29.5
41.0,110.0,3.4,1,10.0
41.0,111.0,3.8,1,5.0
41.0,114.0,4.3,2,23.634999999999998
41.0,114.5,5.7,7,28.915714285714284
41.0,115.0,4.2,1,33.0
41.0,120.0,4.1,1,33.0
41.0,122.5,4.5,2,19.55
41.0,123.5,4.5,1,10.0
41.0,131.5,5.9,3,542.5333333333333
41.0,132.0,4.5,2,536.995
41.0,135.0,4.3,1,411.9
41.0,135.5,4.4,1,360.5
41.0,137.0,4.0,1,293.53
41.0,138.0,4.3,1,261.7
41.0,139.0,3.8,1,25.9
41.0,139.5,4.6,4,65.425
41.0,140.0,5.3,14,156.67885714285714
41.0,140.5,4.6,7,147.96857142857144
41.0,141.0,5.4,16,89.308125
41.0,141.5,5.7,25,82.366
41.0,142.0,6.1,80,68.9354875
41.0,142.5,6.4,79,49.98344303797468
41.0,143.0,6.1,95,39.8658
41.0,143.5,6.3,21,23.637142857142855
41.0,144.0,5.0,3,28.310000000000002
41.0,144.5,6.0,8,26.0375
41.0,145.0,6.9,53,15.960377358490566
41.0,145.5,4.7,5,22.194
41.0,146.0,4.3,2,35.0
41.0,150.5,4.0,1,33.0
41.5,-127.5,4.8,8,9.8625
41.5,-127.0,5.5,54,9.91537037037037
41.5,-126.5,4.3,23,9.983782608695652
41.5,-126.0,7.2,76,9.247434210526315
41.5,-125.5,4.65,64,7.10346875
41.5,-125.0,3.5,36,9.811277777777779
41.5,-124.5,3.31,29,8.817586206896552
41.5,-124.0,3.56,62,14.187225806451613
41.5,-123.5,3.93,66,31.686575757575756
41.5,-123.0,2.69,12,12.213166666666668
41.5,-122.5,2.55,122,6.74888524590164
41.5,-122.0,2.98,791,4.677515802781289
41.5,-121.5,3.4,239,3.2472887029288704
41.5,-121.0,3.28,7,6.466285714285713
41.5,-120.5,4.15,17,14.22430588235294
41.5,-120.0,3.4,23,10.071773913043478
41.5,-119.5,3.3,25,7.58356
41.5,-119.0,4.1,55,5.289090909090909
41.5,-118.5,3.4,14,5.564285714285715
41.5,-118.0,3.5,4,36.074999999999996
41.5,-117.5,3.9,8,1.2125
41.5,-117.0,3.1,4,3.2575
41.5,-116.5,3.2,16,7.7
41.5,-116.0,3.4,14,6.064285714285715
41.5,-115.5,3.8,6,5.366666666666667
41.5,-115.0,3.3,88,6.494318181818182
41.5,-114.5,2.6,8,6.2
41.5,-114.0,2.12,5,5.0280000000000005
41.5,-113.5,4.66,26,6.899230769230769
41.5,-113.0,3.6,381,5.5800787401574805
41.5,-112.5,3.92,1336,3.9308532934131737
41.5,-112.0,3.62,892,4.541053811659193
41.5,-111.5,3.63,955,9.472219895287957
41.5,-111.0,3.36,23,7.780869565217392
41.5,-110.5,2.59,17,9.974117647058824
41.5,-110.0,4.25,48,5.026041666666667
41.5,-109.5,3.57,20,-0.4820000000000001
41.5,-109.0,3.0,6,1.7433333333333334
41.5,-107.5,4.3,3,6.666666666666667
41.5,-107.0,3.6,8,8.015375
41.5,-106.5,3.8,4,6.6025
41.5,-105.5,2.8,1,5.0
41.5,-100.5,2.6,1,5.0
41.5,-100.0,3.7,13,5.267692307692308
41.5,-99.5,3.5,1,5.69
41.5,-99.0,3.0,1,5.0
41.5,-98.5,3.3,1,5.0
41.5,-97.0,3.3,1,4.9
41.5,-89.5,3.5,1,5.0
41.5,-89.0,4.2,1,10.0
41.5,-85.5,3.0,1,4.7
41.5,-83.5,2.7,2,5.548500000000001
41.5,-83.0,2.8,2,5.0
41.5,-82.0,2.1,1,13.0
41.5,-81.5,4.0,20,5.035
41.5,-81.0,3.6,5,5.0
41.5,-80.5,4.5,5,5.0
41.5,-80.0,2.14,1,1.14
41.5,-79.5,2.13,1,5.25
41.5,-77.0,1.37,1,7.82
41.5,-76.5,1.58,1,5.0
41.5,-74.5,2.28,10,4.96
41.5,-74.0,2.4,6,6.478333333333334
41.5,-73.5,2.6,3,5.9366666666666665
41.5,-73.0,1.9,3,5.953333333333333
41.5,-72.5,2.66,8,4.99125
41.5,-72.0,3.3,22,5.095454545454546
41.5,-71.5,2.2,12,4.548333333333333
41.5,-71.0,3.6,12,7.053333333333334
41.5,-70.5,2.1,2,5.62
41.5,-70.0,2.1,1,10.891
41.5,-69.5,3.0,1,1.0
41.5,-65.5,4.2,1,10.0
41.5,-55.5,4.2,1,18.0
41.5,-30.0,4.4,2,10.0
41.5,-29.5,5.4,30,10.379999999999999
41.5,-29.0,5.3,8,10.775
41.5,-16.0,4.0,1,10.0
41.5,-15.5,4.6,1,0.0
41.5,-9.0,2.1,1,14.0
41.5,-8.5,3.3,17,8.958823529411765
41.5,-8.0,2.5,9,3.511111111111111
41.5,-7.5,3.6,17,8.617647058823529
41.5,-7.0,4.1,14,5.1000000000000005
41.5,-6.5,2.8,2,2.05
41.5,-6.0,4.5,63,3.638095238095238
41.5,-3.0,4.4,2,10.0
41.5,-2.5,2.7,2,0.7
41.5,-2.0,3.2,5,9.559999999999999
41.5,-1.5,2.8,4,9.775
41.5,-1.0,2.8,2,1.35
41.5,-0.5,2.9,4,7.825
41.5,-0.0,2.9,1,10.0
41.5,0.5,2.6,14,1.5142857142857142
41.5,1.0,2.9,8,3.7875
41.5,1.5,3.1,9,3.5555555555555554
41.5,2.0,4.1,10,3.3200000000000003
41.5,2.5,4.2,25,9.052
41.5,3.0,3.8,5,7.1
41.5,3.5,3.2,1,9.3
41.5,4.0,3.0,3,17.666666666666668
41.5,4.5,4.2,1,10.0
41.5,7.0,2.9,1,25.0
41.5,7.5,3.8,5,11.0
41.5,9.0,3.2,1,8.4
41.5,9.5,2.8,5,10.0
41.5,10.0,4.6,1,10.0
41.5,10.5,3.3,1,33.0
41.5,11.5,3.8,1,17.5
41.5,12.5,4.8,5,8.52
41.5,13.0,3.0,11,7.445454545454546
41.5,13.5,4.8,25,7.568
41.5,14.0,4.6,59,9.20677966101695
41.5,14.5,5.1,52,17.72446153846154
41.5,15.0,5.8,253,9.126482213438734
41.5,15.5,4.4,23,10.326086956521738
41.5,16.0,4.4,22,15.613636363636363
41.5,16.5,2.6,3,10.4
41.5,17.0,2.7,1,13.6
41.5,17.5,3.2,4,9.6
41.5,18.0,3.3,2,7.5
41.5,19.0,4.2,9,18.51111111111111
41.5,19.5,6.4,226,11.14429203539823
41.5,20.0,5.1,215,10.438088372093022
41.5,20.5,5.5,129,9.602248062015505
41.5,21.0,5.0,93,9.425591397849463
41.5,21.5,3.5,5,12.0
41.5,22.0,4.0,28,8.471428571428572
41.5,22.5,5.3,136,8.967647058823529
41.5,23.0,4.9,93,8.199247311827957
41.5,23.5,4.3,57,11.457017543859648
41.5,24.0,3.7,43,10.848837209302326
41.5,24.5,3.4,27,11.296296296296296
41.5,25.0,3.8,5,15.2
41.5,25.5,4.6,28,12.757142857142856
41.5,26.0,3.2,2,7.5
41.5,27.0,3.3,2,7.5
41.5,27.5,3.4,12,9.583333333333334
41.5,28.0,2.8,12,8.333333333333334
41.5,28.5,3.8,14,8.85
41.5,29.0,4.8,18,10.033333333333333
41.5,29.5,3.9,26,10.0
41.5,30.0,3.6,2,10.0
41.5,31.5,3.0,2,10.0
41.5,32.0,3.8,3,8.666666666666666
41.5,32.5,4.5,4,8.125
41.5,33.5,4.6,4,10.4
41.5,34.5,3.3,1,10.0
41.5,35.0,2.9,2,14.95
41.5,36.0,2.9,2,18.0
41.5,36.5,3.1,1,26.9
41.5,39.0,4.3,1,5.0
41.5,39.5,4.0,1,32.8
41.5,42.0,4.1,1,10.0
41.5,43.5,5.5,4,21.5
41.5,44.0,4.8,9,17.34466666666667
41.5,44.5,4.2,5,20.352
41.5,45.0,4.3,1,10.0
41.5,45.5,4.4,2,22.5
41.5,46.0,4.7,5,25.5
41.5,46.5,5.3,9,13.79888888888889
41.5,47.0,5.6,13,17.661538461538463
41.5,47.5,4.5,2,21.5
41.5,48.0,4.4,1,64.9
41.5,48.5,4.5,7,37.53857142857142
41.5,49.0,5.0,4,36.555
41.5,49.5,5.3,5,40.248000000000005
41.5,50.0,3.7,1,33.0
41.5,50.5,4.4,3,46.36666666666667
41.5,51.0,4.6,1,67.82
41.5,51.5,3.7,1,10.0
41.5,63.0,4.1,1,10.0
41.5,66.0,4.9,1,14.9
41.5,68.0,4.3,3,25.333333333333332
41.5,69.0,4.8,7,10.926
41.5,70.5,4.4,1,48.69
41.5,71.0,4.0,1,40.78
41.5,71.5,4.8,7,32.964285714285715
41.5,72.0,4.9,10,30.499000000000002
41.5,72.5,4.8,9,32.47333333333333
41.5,73.0,4.9,15,30.163999999999998
41.5,73.5,5.1,9,32.836666666666666
41.5,74.5,5.5,3,21.51
41.5,75.0,5.2,4,21.5
41.5,75.5,4.8,3,16.953333333333333
41.5,76.0,4.4,2,33.0
41.5,77.0,4.3,2,22.11
41.5,77.5,4.9,7,41.72571428571428
41.5,78.0,5.4,4,30.1
41.5,78.5,5.1,3,36.300000000000004
41.5,79.0,5.1,11,26.163636363636364
41.5,79.5,6.1,12,31.665833333333335
41.5,80.0,5.1,2,27.65
41.5,80.5,4.9,6,29.833333333333332
41.5,81.0,5.1,13,20.156153846153845
41.5,81.5,4.7,17,22.923529411764704
41.5,82.0,4.8,6,35.36666666666667
41.5,82.5,4.9,8,13.8625
41.5,83.0,4.5,2,20.6
41.5,83.5,4.0,1,10.0
41.5,84.0,4.6,6,13.160000000000002
41.5,84.5,4.1,1,10.0
41.5,88.0,4.4,1,33.0
41.5,88.5,5.5,9,24.67
41.5,89.0,4.6,2,14.55
41.5,89.5,4.8,2,15.53
41.5,91.0,4.3,1,33.0
41.5,92.5,4.9,1,10.0
41.5,93.0,4.2,1,11.2
41.5,94.5,5.4,1,10.0
41.5,97.0,4.8,1,21.9
41.5,114.5,4.2,2,21.5
41.5,115.0,4.2,2,21.5
41.5,115.5,3.6,1,33.0
41.5,119.5,4.6,1,15.28
41.5,120.0,4.8,2,24.855
41.5,120.5,4.5,1,33.0
41.5,123.0,4.8,1,10.0
41.5,124.0,4.0,1,10.0
41.5,129.0,3.6,2,5.0
41.5,131.5,4.3,2,553.14
41.5,132.0,4.2,2,544.62
41.5,132.5,5.8,2,514.45
41.5,133.0,5.4,2,488.34000000000003
41.5,133.5,4.0,2,473.67
41.5,134.0,4.3,4,454.7375
41.5,134.5,4.5,1,10.0
41.5,135.0,4.4,1,412.4
41.5,135.5,5.9,2,367.95
41.5,137.5,3.5,1,300.0
41.5,138.0,5.3,2,148.17000000000002
41.5,138.5,5.3,3,228.75666666666666
41.5,139.0,5.7,8,144.3625
41.5,139.5,4.7,12,100.34833333333334
41.5,140.0,4.9,17,65.91647058823528
41.5,140.5,5.6,16,135.483875
41.5,141.0,4.9,15,106.07
41.5,141.5,5.3,28,94.19892857142858
41.5,142.0,6.2,188,67.10369148936171
41.5,142.5,5.3,60,51.50918333333333
41.5,143.0,5.4,33,42.89878787878788
41.5,143.5,5.7,40,36.7793
41.5,144.0,5.6,75,30.711066666666667
41.5,144.5,4.8,29,32.484310344827584
41.5,145.0,4.7,9,34.291111111111114
41.5,145.5,4.9,2,22.085
41.5,146.0,4.5,1,33.0
41.5,146.5,5.1,1,33.3
41.5,148.0,4.6,1,10.0
41.5,148.5,3.9,1,33.0
42.0,-130.0,3.5,1,10.0
42.0,-128.0,2.5,1,8.49
42.0,-127.0,5.5,61,10.036393442622952
42.0,-126.5,4.3,59,9.592542372881356
42.0,-126.0,5.9,143,10.357314685314686
42.0,-125.5,6.9,53,8.990754716981131
42.0,-125.0,2.98,13,8.905615384615384
42.0,-124.5,4.3,80,10.49425
42.0,-124.0,3.22,16,25.227875
42.0,-123.5,3.45,9,29.483111111111114
42.0,-123.0,3.17,35,7.483885714285714
42.0,-122.5,2.63,65,9.595923076923077
42.0,-122.0,4.3,753,6.00638379814077
42.0,-121.5,2.7,33,4.822636363636363
42.0,-121.0,3.25,5,13.088
42.0,-120.5,3.5,182,4.213513186813186
42.0,-120.0,4.4,382,4.9397544502617805
42.0,-119.5,4.7,8097,5.996078584660985
42.0,-119.0,3.13,17,5.176235294117647
42.0,-118.5,3.5,22,5.055909090909091
42.0,-118.0,3.5,2,5.0
42.0,-117.5,3.1,3,3.5
42.0,-117.0,3.6,2,1.25
42.0,-116.5,2.3,1,2.7
42.0,-113.5,2.58,4,7.475
42.0,-113.0,3.05,154,5.096753246753247
42.0,-112.5,3.89,2534,3.245840568271507
42.0,-112.0,4.0,579,4.418963730569948
42.0,-111.5,3.65,562,8.034964412811387
42.0,-111.0,3.57,47,5.543829787234043
42.0,-110.5,3.12,9,15.774444444444445
42.0,-110.0,3.06,5,19.258000000000003
42.0,-109.5,1.95,2,9.92
42.0,-109.0,3.59,5,5.76
42.0,-107.5,4.0,2,5.0
42.0,-107.0,3.6,7,6.871428571428572
42.0,-106.5,3.0,1,5.0
42.0,-105.5,2.8,1,11.6
42.0,-105.0,3.0,1,5.0
42.0,-102.0,3.6,1,5.0
42.0,-101.5,3.0,2,5.0
42.0,-100.5,3.6,2,9.875
42.0,-98.5,2.8,1,9.81
42.0,-97.0,3.4,1,5.0
42.0,-88.5,3.8,3,7.003333333333333
42.0,-88.0,3.2,1,1.0
42.0,-85.5,4.2,1,4.48
42.0,-85.0,3.3,2,5.0
42.0,-83.5,3.2,2,7.1
42.0,-83.0,3.4,3,8.6
42.0,-82.5,3.0,3,3.4333333333333336
42.0,-82.0,2.5,1,5.0
42.0,-81.5,3.4,12,6.6499999999999995
42.0,-81.0,3.9,21,5.503333333333333
42.0,-80.5,2.69,2,7.1899999999999995
42.0,-80.0,2.5,1,5.0
42.0,-73.0,3.3,1,9.8
42.0,-72.5,1.7,1,5.0
42.0,-72.0,2.0,4,6.475
42.0,-71.5,2.5,3,9.416666666666666
42.0,-71.0,2.1,2,5.515000000000001
42.0,-70.5,2.7,3,7.666666666666667
42.0,-67.5,2.5,1,10.0
42.0,-66.0,4.5,3,18.0
42.0,-65.5,3.4,1,18.0
42.0,-55.5,3.0,1,18.0
42.0,-30.0,4.4,1,10.0
42.0,-29.5,5.2,10,10.655199999999999
42.0,-29.0,5.0,1,10.0
42.0,-25.5,4.8,1,10.0
42.0,-10.0,3.9,2,13.4
42.0,-9.5,2.8,3,8.1
42.0,-9.0,2.9,3,1.4333333333333333
42.0,-8.5,3.0,29,7.255172413793104
42.0,-8.0,4.1,124,6.91774193548387
42.0,-7.5,3.5,23,6.004347826086956
42.0,-7.0,3.1,10,7.56
42.0,-6.5,3.1,6,8.0
42.0,-6.0,2.5,1,20.6
42.0,-3.0,3.3,1,2.5
42.0,-2.5,3.3,8,6.5
42.0,-2.0,3.4,17,4.429411764705883
42.0,-1.5,3.0,4,7.5
42.0,-0.5,3.0,1,0.0
42.0,-0.0,3.3,10,7.859999999999999
42.0,0.5,3.4,17,8.576470588235296
42.0,1.0,2.9,7,5.5
42.0,1.5,3.2,12,4.833333333333333
42.0,2.0,4.5,12,7.166666666666667
42.0,2.5,4.3,48,4.783333333333333
42.0,3.0,4.1,38,6.838157894736843
42.0,3.5,3.2,2,4.9
42.0,4.5,2.3,1,10.0
42.0,5.5,3.3,2,6.0
42.0,7.0,4.5,6,19.883333333333333
42.0,7.5,5.1,7,14.585714285714285
42.0,8.0,3.2,3,10.566666666666666
42.0,9.0,2.9,2,7.5
42.0,9.5,2.4,3,4.666666666666667
42.0,10.0,3.6,1,10.0
42.0,11.0,3.5,1,10.0
42.0,11.5,2.9,1,10.0
42.0,12.5,3.7,20,9.120000000000001
42.0,13.0,4.7,70,9.264142857142858
42.0,13.5,4.6,73,10.715205479452056
42.0,14.0,4.0,36,8.952777777777778
42.0,14.5,4.2,10,9.8
42.0,15.0,5.3,39,10.51871794871795
42.0,15.5,4.9,79,9.27093670886076
42.0,16.0,5.2,63,18.676984126984127
42.0,16.5,4.1,5,12.540000000000001
42.0,17.5,2.5,1,10.2
42.0,18.0,3.8,3,16.8
42.0,18.5,3.1,7,10.614285714285714
42.0,19.0,5.1,141,10.01340425531915
42.0,19.5,4.8,270,11.547222222222222
42.0,20.0,4.8,248,11.81608870967742
42.0,20.5,5.3,164,9.330487804878048
42.0,21.0,4.9,40,9.601
42.0,21.5,5.1,52,9.423653846153845
42.0,22.0,4.5,31,10.22258064516129
42.0,22.5,3.8,17,8.511764705882353
42.0,23.0,4.2,125,9.339360000000001
42.0,23.5,4.4,35,9.334285714285715
42.0,24.0,3.3,9,8.222222222222221
42.0,24.5,3.3,16,9.225
42.0,25.0,4.7,27,10.995185185185186
42.0,25.5,4.1,5,9.4
42.0,26.0,3.7,2,12.0
42.0,26.5,4.1,7,8.457142857142857
42.0,27.0,3.8,2,12.5
42.0,27.5,3.3,10,8.5
42.0,28.0,3.1,2,10.0
42.0,29.0,2.7,1,10.0
42.0,29.5,4.4,3,15.466666666666667
42.0,30.0,2.7,1,10.0
42.0,30.5,5.1,1,6.4
42.0,32.5,3.7,4,8.75
42.0,34.0,2.9,1,5.0
42.0,34.5,4.1,1,10.0
42.0,35.0,3.4,1,10.0
42.0,36.0,4.1,1,15.0
42.0,42.0,4.5,3,17.666666666666668
42.0,42.5,5.2,5,10.0
42.0,43.0,4.4,3,10.0
42.0,43.5,4.6,10,19.297
42.0,44.0,4.4,5,14.6
42.0,44.5,4.3,2,21.5
42.0,45.0,4.8,3,31.96666666666667
42.0,45.5,5.3,2,63.3
42.0,46.0,5.3,12,27.458333333333332
42.0,46.5,5.5,16,36.930625
42.0,47.0,5.5,5,27.866200000000003
42.0,47.5,4.3,3,33.0
42.0,48.0,5.1,8,25.9625
42.0,48.5,4.9,8,29.974999999999998
42.0,49.0,4.7,5,45.198
42.0,49.5,4.3,4,53.71
42.0,63.5,4.5,2,15.64
42.0,66.0,4.1,1,10.0
42.0,67.0,4.3,1,10.0
42.0,67.5,4.4,2,21.5
42.0,68.5,4.2,2,21.5
42.0,69.0,4.6,3,20.166666666666668
42.0,70.0,3.8,1,33.0
42.0,70.5,4.7,2,30.85
42.0,71.0,4.5,1,10.0
42.0,71.5,4.5,5,35.315
42.0,72.0,5.4,5,26.1984
42.0,72.5,4.6,5,37.612
42.0,73.0,6.6,10,26.78
42.0,73.5,7.3,36,28.424999999999997
42.0,74.0,4.6,2,25.65
42.0,74.5,4.5,2,21.5
42.0,75.0,4.9,5,16.21
42.0,75.5,4.4,2,21.5
42.0,76.0,5.8,4,9.9
42.0,76.5,4.4,2,33.0
42.0,77.0,5.0,7,14.991428571428571
42.0,77.5,5.2,6,35.89666666666667
42.0,78.0,4.1,1,10.0
42.0,78.5,4.6,2,7.915
42.0,79.0,5.1,3,34.13333333333333
42.0,79.5,5.3,14,30.300714285714285
42.0,80.0,5.1,3,17.666666666666668
42.0,80.5,4.7,4,19.825
42.0,81.0,5.3,19,27.816315789473684
42.0,81.5,5.2,23,27.536521739130436
42.0,82.0,5.1,15,26.32
42.0,82.5,5.5,36,25.146944444444443
42.0,83.0,4.8,4,31.9675
42.0,83.5,5.4,15,17.829333333333334
42.0,84.0,4.7,13,18.237692307692306
42.0,84.5,5.2,16,23.05625
42.0,85.0,5.2,9,26.1
42.0,85.5,4.4,3,19.599999999999998
42.0,86.0,5.7,6,23.21666666666667
42.0,86.5,4.1,1,10.0
42.0,87.0,4.3,1,33.0
42.0,87.5,5.0,4,27.224999999999998
42.0,88.0,5.0,12,20.680833333333336
42.0,88.5,5.0,3,36.199999999999996
42.0,89.0,5.0,3,33.0
42.0,89.5,5.3,1,14.3
42.0,90.0,4.5,2,27.85
42.0,90.5,4.9,1,24.59
42.0,91.0,4.5,1,3.5
42.0,91.5,4.8,1,33.0
42.0,97.0,4.0,1,10.0
42.0,104.5,4.0,1,10.0
42.0,105.5,4.5,2,23.995
42.0,112.5,4.1,2,19.634999999999998
42.0,120.5,4.6,1,33.0
42.0,128.0,4.0,1,10.0
42.0,131.0,6.3,6,576.3333333333334
42.0,131.5,5.0,3,534.79
42.0,132.0,4.2,2,533.81
42.0,133.0,4.3,3,475.2
42.0,133.5,5.7,6,458.26666666666665
42.0,134.0,5.8,3,441.90000000000003
42.0,134.5,6.3,1,392.0
42.0,135.0,5.67,2,391.91999999999996
42.0,135.5,5.1,2,385.505
42.0,136.0,4.0,2,362.465
42.0,136.5,4.1,1,333.15
42.0,137.0,4.0,1,306.17
42.0,137.5,4.9,4,285.3
42.0,138.0,4.0,2,268.29999999999995
42.0,138.5,5.1,3,158.72
42.0,139.0,5.6,29,46.46896551724138
42.0,139.5,5.2,46,51.27326086956522
42.0,140.0,6.5,9,115.28666666666666
42.0,140.5,6.2,16,115.283125
42.0,141.0,5.2,24,111.64233333333334
42.0,141.5,5.0,22,99.99000000000001
42.0,142.0,5.2,59,66.12645762711865
42.0,142.5,6.4,253,65.59641106719367
42.0,143.0,6.7,69,59.620811594202905
42.0,143.5,7.4,40,42.427
42.0,144.0,8.16,70,36.03142857142857
42.0,144.5,6.1,104,31.761634615384615
42.0,145.0,5.9,55,27.024181818181816
42.0,145.5,4.9,5,26.224
42.0,146.0,4.9,2,21.5
42.0,146.5,4.4,1,33.0
42.0,147.0,5.9,4,25.865000000000002
42.0,147.5,4.8,2,57.650000000000006
42.0,148.0,4.3,4,38.25
42.0,148.5,4.6,2,21.5
42.0,149.0,4.0,1,10.0
42.0,150.0,4.4,1,10.0
42.5,-128.5,3.4,1,10.0
42.5,-128.0,3.5,2,10.0
42.5,-127.5,2.5,1,10.0
42.5,-127.0,5.7,36,9.8175
42.5,-126.5,5.9,86,9.579290697674418
42.5,-126.0,4.7,29,9.91293103448276
42.5,-125.5,3.9,10,10.0
42.5,-125.0,2.51,6,16.8075
42.5,-124.5,3.19,46,14.313108695652174
42.5,-124.0,4.24,6,16.957833333333333
42.5,-123.0,1.88,18,12.097722222222224
42.5,-122.5,3.1,106,8.480481132075472
42.5,-122.0,6.0,4519,5.5544629342774945
42.5,-121.5,2.8,10,9.0536
42.5,-121.0,1.7,1,8.524
42.5,-120.5,2.39,29,6.746586206896551
42.5,-120.0,3.4,13,7.376769230769231
42.5,-119.5,2.24,5,8.786
42.5,-119.0,1.7,2,1.179
42.5,-118.5,3.52,10,2.6762
42.5,-115.5,3.0,1,0.0
42.5,-113.5,2.1,1,2.29
42.5,-113.0,1.5,2,6.525
42.5,-112.5,2.19,6,4.253333333333333
42.5,-112.0,3.9,60,5.659166666666667
42.5,-111.5,5.3,2739,6.170355604235122
42.5,-111.0,4.7,330,4.761133333333333
42.5,-110.5,3.83,8,5.49375
42.5,-110.0,3.02,6,17.735
42.5,-109.5,3.7,1,5.0
42.5,-109.0,2.8,1,23.37
42.5,-108.5,3.2,9,5.922222222222222
42.5,-108.0,3.7,4,7.5
42.5,-107.5,3.7,5,5.928
42.5,-107.0,3.5,2,5.0
42.5,-106.5,3.2,1,5.0
42.5,-106.0,3.7,2,5.0
42.5,-105.5,3.7,3,5.0
42.5,-104.5,3.0,1,5.0
42.5,-103.5,2.6,1,5.0
42.5,-103.0,3.1,2,5.0
42.5,-101.0,3.2,1,5.0
42.5,-100.5,3.3,2,5.0
42.5,-100.0,3.3,2,5.0
42.5,-99.5,2.9,2,5.0
42.5,-97.5,3.6,1,5.0
42.5,-80.5,2.1,1,4.9
42.5,-80.0,2.4,2,5.145
42.5,-79.0,2.42,5,5.804
42.5,-78.5,1.45,1,2.0
42.5,-78.0,2.6,3,4.44
42.5,-77.5,3.2,1,0.0
42.5,-77.0,1.69,1,5.0
42.5,-74.5,4.0,3,8.386666666666667
42.5,-74.0,3.15,72,16.29726388888889
42.5,-72.5,3.7,3,5.843333333333334
42.5,-72.0,3.3,6,5.833333333333333
42.5,-71.5,2.7,10,3.0392
42.5,-71.0,2.3,5,4.54
42.5,-70.5,2.0,3,4.8500000000000005
42.5,-69.5,2.98,1,10.36
42.5,-65.5,2.6,1,10.0
42.5,-56.0,4.0,1,18.0
42.5,-30.5,5.5,6,9.0
42.5,-29.5,4.6,4,11.254999999999999
42.5,-29.0,4.6,3,10.0
42.5,-28.0,4.7,2,10.0
42.5,-27.5,4.5,1,10.0
42.5,-14.0,3.4,1,10.0
42.5,-11.5,2.7,1,0.0
42.5,-11.0,3.5,3,0.0
42.5,-10.5,3.4,2,5.0
42.5,-10.0,2.1,3,0.0
42.5,-9.5,3.9,8,4.35
42.5,-9.0,3.5,18,9.416666666666666
42.5,-8.5,3.3,60,7.355
42.5,-8.0,3.6,41,8.009756097560976
42.5,-7.5,4.4,34,7.6647058823529415
42.5,-7.0,3.4,39,4.6230769230769235
42.5,-6.5,4.8,11,6.890909090909091
42.5,-5.5,2.8,1,11.3
42.5,-4.0,3.7,3,4.333333333333333
42.5,-3.5,2.8,4,2.75
42.5,-3.0,3.3,5,3.06
42.5,-2.5,3.2,8,4.875
42.5,-2.0,2.8,20,3.2
42.5,-1.5,4.3,36,4.2444444444444445
42.5,-1.0,3.7,10,8.99
42.5,-0.5,2.8,10,5.66
42.5,-0.0,3.6,38,5.394736842105263
42.5,0.5,4.0,47,5.627659574468085
42.5,1.0,4.0,117,6.033333333333333
42.5,1.5,4.0,120,4.559583333333333
42.5,2.0,4.4,174,6.16551724137931
42.5,2.5,4.5,67,7.385074626865672
42.5,3.0,3.7,15,7.266666666666667
42.5,3.5,2.5,2,10.0
42.5,4.0,3.0,2,10.0
42.5,4.5,2.5,4,8.0
42.5,5.0,2.9,3,14.233333333333334
42.5,5.5,3.3,7,13.285714285714286
42.5,6.0,2.8,4,8.75
42.5,6.5,2.8,9,8.88888888888889
42.5,7.0,3.0,9,10.222222222222221
42.5,7.5,3.2,10,14.9
42.5,8.0,2.5,4,10.0
42.5,8.5,3.3,2,6.0
42.5,9.0,2.4,2,6.0
42.5,9.5,2.7,2,16.0
42.5,10.0,2.0,1,12.0
42.5,10.5,4.0,3,8.333333333333334
42.5,11.5,2.1,1,10.0
42.5,12.0,4.4,14,9.5
42.5,12.5,4.3,58,8.156896551724138
42.5,13.0,6.2,253,8.495335968379447
42.5,13.5,6.3,163,10.045705521472392
42.5,14.0,3.6,10,8.93
42.5,14.5,3.9,4,8.525
42.5,15.0,4.6,5,11.736
42.5,15.5,3.7,8,9.95
42.5,16.0,5.5,12,10.275
42.5,16.5,4.4,7,9.342857142857143
42.5,17.0,4.6,5,9.959999999999999
42.5,17.5,4.7,17,9.258823529411766
42.5,18.0,5.2,68,8.504117647058823
42.5,18.5,4.6,155,10.019225806451614
42.5,19.0,4.7,379,11.462899736147758
42.5,19.5,4.7,279,14.322544802867382
42.5,20.0,5.2,234,8.747350427350426
42.5,20.5,4.4,14,10.156428571428572
42.5,21.0,4.0,13,8.361538461538462
42.5,21.5,5.7,86,9.777906976744186
42.5,22.0,4.2,8,8.5875
42.5,22.5,2.7,1,10.0
42.5,23.0,5.6,10,10.370000000000001
42.5,23.5,3.5,8,11.625
42.5,24.0,3.7,93,8.797849462365592
42.5,24.5,4.5,6,10.49
42.5,25.0,4.2,4,12.4
42.5,25.5,4.7,4,7.5
42.5,26.0,4.3,7,7.171428571428572
42.5,26.5,4.6,5,16.48
42.5,28.0,3.7,2,10.0
42.5,29.0,2.7,1,60.7
42.5,30.0,3.6,1,10.0
42.5,31.0,4.6,2,21.1
42.5,31.5,3.2,1,30.0
42.5,32.5,3.6,1,10.0
42.5,33.5,4.0,1,33.0
42.5,34.0,4.4,1,10.0
42.5,35.0,4.1,1,10.0
42.5,35.5,3.7,1,10.0
42.5,36.0,4.6,3,17.0
42.5,36.5,4.3,1,10.0
42.5,41.0,5.7,7,11.772857142857143
42.5,41.5,4.1,1,11.32
42.5,42.5,3.4,1,35.1
42.5,43.0,5.6,18,14.917222222222222
42.5,43.5,7.0,44,15.408636363636363
42.5,44.0,6.3,26,13.669230769230769
42.5,44.5,4.6,2,21.5
42.5,45.0,6.4,9,25.225555555555555
42.5,45.5,4.5,7,19.37142857142857
42.5,46.0,4.8,5,23.68
42.5,46.5,4.7,7,34.05714285714286
42.5,47.0,3.6,1,33.0
42.5,47.5,4.8,4,27.25
42.5,48.0,4.8,4,41.34
42.5,48.5,5.0,6,40.068333333333335
42.5,49.0,4.5,4,57.519999999999996
42.5,60.5,3.8,1,33.0
42.5,64.5,4.4,1,9.855
42.5,69.5,4.4,2,31.15
42.5,70.0,4.5,1,40.3
42.5,71.0,4.6,3,28.8
42.5,71.5,5.0,1,30.5
42.5,72.0,4.1,1,10.0
42.5,72.5,4.3,3,33.0
42.5,73.0,5.2,5,18.5
42.5,73.5,5.1,4,24.625
42.5,74.0,4.4,1,10.0
42.5,74.5,4.4,1,33.0
42.5,75.0,4.9,6,13.468333333333334
42.5,75.5,5.1,7,14.680000000000001
42.5,76.0,4.2,1,10.0
42.5,76.5,5.2,4,25.435000000000002
42.5,77.0,3.7,1,33.0
42.5,78.0,4.9,6,30.796666666666667
42.5,78.5,4.6,5,24.562
42.5,79.0,3.8,1,10.0
42.5,79.5,6.1,10,19.047
42.5,80.0,4.4,3,17.666666666666668
42.5,80.5,4.4,6,17.666666666666668
42.5,81.0,4.3,3,39.4
42.5,81.5,4.0,2,21.5
42.5,82.0,4.2,2,21.5
42.5,82.5,4.4,5,30.7
42.5,83.0,4.6,4,15.75
42.5,83.5,4.5,4,22.775000000000002
42.5,84.0,5.3,9,21.371111111111112
42.5,84.5,4.9,5,30.157999999999998
42.5,85.0,4.9,9,30.28888888888889
42.5,85.5,4.7,4,32.129999999999995
42.5,86.0,4.9,11,25.59090909090909
42.5,86.5,4.5,2,33.0
42.5,87.0,5.2,5,21.34
42.5,87.5,4.9,1,21.4
42.5,88.0,4.9,5,19.86
42.5,92.0,3.9,1,10.0
42.5,103.0,3.8,1,33.0
42.5,104.0,5.1,1,16.0
42.5,104.5,5.0,2,10.0
42.5,105.5,5.4,2,17.6
42.5,109.5,4.4,1,16.95
42.5,117.5,4.2,1,10.0
42.5,121.5,4.1,1,10.0
42.5,123.5,4.7,1,10.0
42.5,130.5,6.9,2,573.8
42.5,131.0,6.3,5,568.202
42.5,131.5,4.1,4,546.335
42.5,132.0,5.7,3,516.0
42.5,132.5,3.9,1,454.2
42.5,133.0,7.3,4,478.225
42.5,134.0,4.3,2,451.75
42.5,134.5,4.4,1,421.0
42.5,135.0,4.0,1,33.0
42.5,135.5,4.0,1,400.0
42.5,136.5,4.4,1,322.4
42.5,137.0,4.5,4,299.1
42.5,137.5,4.3,4,279.595
42.5,138.0,4.6,7,224.72857142857143
42.5,138.5,5.0,8,165.95375
42.5,139.0,5.3,38,90.41736842105263
42.5,139.5,5.2,17,27.96588235294118
42.5,140.0,4.4,5,113.61800000000001
42.5,140.5,4.9,18,40.364999999999995
42.5,141.0,4.9,22,99.57545454545453
42.5,141.5,5.5,33,118.62145454545454
42.5,142.0,6.6,90,71.35634444444445
42.5,142.5,5.1,53,72.28305660377359
42.5,143.0,5.9,145,67.04004827586208
42.5,143.5,5.3,52,75.60503846153846
42.5,144.0,5.6,58,60.21468965517242
42.5,144.5,6.7,93,47.319978494623655
42.5,145.0,6.0,60,40.98786666666667
42.5,145.5,5.7,21,36.22952380952381
42.5,146.0,4.8,9,36.38777777777778
42.5,146.5,4.8,12,26.11175
42.5,147.0,4.5,5,40.658
42.5,147.5,4.8,1,10.0
42.5,148.0,4.7,6,36.86666666666667
42.5,148.5,5.2,6,27.27
42.5,149.0,4.5,4,24.8575
42.5,149.5,3.9,1,33.0
42.5,150.0,4.5,2,25.915
43.0,-130.0,2.7,2,10.0
43.0,-129.0,3.1,1,10.0
43.0,-128.5,3.3,6,10.0
43.0,-128.0,3.8,17,10.0
43.0,-127.5,4.4,18,10.0
43.0,-127.0,4.2,72,9.220944444444445
43.0,-126.5,5.2,135,10.1206
43.0,-126.0,4.7,34,10.01
43.0,-125.5,3.2,1,10.0
43.0,-125.0,3.13,9,16.673
43.0,-124.5,4.53,20,16.2429
43.0,-124.0,2.11,5,5.2618
43.0,-123.5,1.49,2,17.727999999999998
43.0,-122.5,1.72,6,25.171333333333333
43.0,-122.0,2.6,35,3.692685714285714
43.0,-121.0,2.08,2,26.776999999999997
43.0,-120.5,3.8,44,15.27884090909091
43.0,-120.0,2.77,6,5.937966666666667
43.0,-118.5,0.8,1,3.863
43.0,-118.0,1.57,1,3.6442
43.0,-117.0,2.44,1,-0.449
43.0,-115.0,2.8,2,5.0
43.0,-113.5,2.17,1,10.11
43.0,-112.0,2.6,1,5.0
43.0,-111.5,5.3,91,5.522967032967033
43.0,-111.0,5.8,273,4.990424908424909
43.0,-110.5,4.8,56,7.299821428571429
43.0,-110.0,2.5,8,6.4037500000000005
43.0,-109.5,3.1,3,5.316666666666666
43.0,-109.0,4.8,5,32.806000000000004
43.0,-108.0,4.0,4,6.515
43.0,-106.0,4.2,4,13.5175
43.0,-105.5,3.8,3,6.666666666666667
43.0,-105.0,3.5,1,5.0
43.0,-104.5,3.1,1,5.0
43.0,-104.0,3.7,3,5.0
43.0,-103.5,4.0,2,5.0
43.0,-103.0,2.8,1,5.0
43.0,-102.0,4.0,2,5.0
43.0,-101.5,3.1,1,5.0
43.0,-100.5,2.9,1,5.0
43.0,-100.0,2.7,1,5.0
43.0,-99.0,4.3,1,5.0
43.0,-98.5,3.7,2,5.0
43.0,-98.0,3.1,1,5.0
43.0,-95.0,2.7,1,10.0
43.0,-84.5,3.5,1,5.0
43.0,-82.5,2.5,1,5.0
43.0,-80.0,1.92,2,5.91
43.0,-79.5,2.07,1,3.8
43.0,-79.0,3.8,10,5.7927
43.0,-78.5,2.71,3,4.3933333333333335
43.0,-78.0,2.91,11,5.183636363636364
43.0,-77.5,1.85,1,7.09
43.0,-76.5,1.2,1,2.899
43.0,-75.0,1.7,1,15.7
43.0,-74.5,2.34,2,5.5649999999999995
43.0,-74.0,2.4,2,7.2
43.0,-73.0,1.6,1,5.0
43.0,-72.0,2.32,8,5.48225
43.0,-71.5,2.8,19,5.7111052631578945
43.0,-71.0,3.1,15,5.075333333333333
43.0,-70.5,2.9,6,7.178333333333334
43.0,-70.0,2.9,5,11.652
43.0,-69.0,1.6,1,10.0
43.0,-65.0,2.4,1,5.0
43.0,-32.0,5.2,1,10.0
43.0,-29.5,4.7,6,10.0
43.0,-29.0,5.5,12,10.0
43.0,-14.5,4.5,4,7.5
43.0,-14.0,3.9,2,0.0
43.0,-13.5,3.8,1,0.0
43.0,-12.5,4.6,2,5.0
43.0,-12.0,3.0,1,10.0
43.0,-11.5,3.5,1,10.0
43.0,-11.0,3.2,1,10.0
43.0,-9.5,3.4,4,10.2
43.0,-9.0,3.5,24,5.545833333333333
43.0,-8.5,3.4,18,5.422222222222222
43.0,-8.0,2.7,3,5.8
43.0,-7.5,4.0,62,7.437096774193549
43.0,-7.0,5.4,302,6.9476821192052975
43.0,-6.5,3.4,14,4.25
43.0,-6.0,4.1,5,6.0
43.0,-5.5,3.2,4,5.425
43.0,-5.0,3.5,4,6.75
43.0,-4.5,2.0,1,0.0
43.0,-4.0,3.7,3,5.0
43.0,-3.5,3.5,9,6.066666666666666
43.0,-3.0,3.3,6,4.166666666666667
43.0,-2.5,4.2,10,6.33
43.0,-2.0,4.6,78,5.503846153846154
43.0,-1.5,4.7,181,5.4842541436464085
43.0,-1.0,4.2,295,6.3206779661016945
43.0,-0.5,4.8,1034,6.820599613152805
43.0,-0.0,4.8,509,5.989194499017682
43.0,0.5,4.4,100,7.497999999999999
43.0,1.0,3.8,26,8.426923076923076
43.0,1.5,3.4,16,4.5625
43.0,2.0,3.8,95,6.752631578947368
43.0,2.5,4.7,85,6.367058823529412
43.0,3.0,3.9,21,9.185714285714287
43.0,3.5,3.2,3,7.666666666666667
43.0,4.0,2.8,2,10.0
43.0,4.5,3.1,9,11.466666666666667
43.0,5.0,3.4,21,6.9714285714285715
43.0,5.5,2.7,10,9.0
43.0,6.0,2.9,26,5.384615384615385
43.0,6.5,2.9,20,6.665000000000001
43.0,7.0,2.9,7,8.714285714285714
43.0,7.5,3.8,15,8.906666666666666
43.0,8.0,3.2,20,8.805
43.0,9.0,2.9,1,10.0
43.0,9.5,4.1,1,10.0
43.0,10.0,2.5,1,5.0
43.0,10.5,4.0,13,9.038461538461538
43.0,11.0,4.1,37,8.227027027027026
43.0,11.5,4.5,32,9.309375
43.0,12.0,3.3,12,9.871666666666666
43.0,12.5,5.2,222,9.786036036036036
43.0,13.0,6.6,578,10.087941176470588
43.0,13.5,4.3,155,11.019741935483871
43.0,14.0,4.3,16,11.7
43.0,14.5,4.4,3,10.0
43.0,15.0,4.8,59,10.084745762711865
43.0,15.5,5.5,289,10.082698961937716
43.0,16.0,4.2,11,9.172727272727274
43.0,16.5,3.7,10,7.74
43.0,17.0,4.7,22,10.927272727272728
43.0,17.5,4.7,120,8.3475
43.0,18.0,6.0,303,9.47082508250825
43.0,18.5,4.6,228,11.133552631578947
43.0,19.0,4.7,372,9.416129032258064
43.0,19.5,4.3,28,8.635714285714286
43.0,20.0,3.6,39,8.92051282051282
43.0,20.5,4.6,35,9.382857142857143
43.0,21.0,4.1,30,10.605666666666668
43.0,21.5,4.4,4,7.5
43.0,22.0,3.7,2,10.0
43.0,22.5,4.5,3,9.333333333333334
43.0,23.0,4.1,4,7.0
43.0,23.5,4.1,3,13.770000000000001
43.0,24.0,3.3,12,9.583333333333334
43.0,24.5,3.0,1,10.0
43.0,25.0,3.8,3,13.333333333333334
43.0,25.5,4.2,2,7.5
43.0,26.0,4.2,5,12.074
43.0,26.5,3.8,1,7.8
43.0,27.5,4.6,6,15.783333333333331
43.0,28.0,3.4,2,10.0
43.0,28.5,3.4,1,10.0
43.0,29.0,3.6,1,10.0
43.0,31.5,4.6,2,10.0
43.0,32.5,4.0,1,18.5
43.0,35.5,4.6,1,10.0
43.0,36.0,3.8,1,10.0
43.0,41.0,4.2,1,10.0
43.0,41.5,5.1,3,9.299999999999999
43.0,42.0,4.5,2,10.6
43.0,42.5,4.3,2,10.0
43.0,43.0,4.3,1,10.0
43.0,43.5,4.5,4,21.825
43.0,44.0,4.6,6,11.066666666666668
43.0,44.5,4.3,3,10.0
43.0,45.0,4.4,4,49.75
43.0,45.5,4.8,10,18.830000000000002
43.0,46.0,4.7,18,40.46666666666667
43.0,46.5,4.9,12,40.971666666666664
43.0,47.0,5.3,26,30.25
43.0,47.5,4.4,3,28.33
43.0,48.0,5.0,6,12.950000000000001
43.0,48.5,4.8,6,19.983333333333334
43.0,49.0,4.3,2,33.0
43.0,50.0,3.8,1,38.1
43.0,66.5,4.3,1,10.0
43.0,67.0,4.7,1,10.0
43.0,68.0,3.9,1,33.0
43.0,68.5,4.6,1,33.0
43.0,69.0,4.5,1,8.459
43.0,69.5,4.6,2,14.315000000000001
43.0,70.0,4.1,1,6.8
43.0,70.5,4.6,2,12.05
43.0,72.5,5.0,1,18.1
43.0,73.0,5.5,1,33.0
43.0,74.0,4.5,1,10.0
43.0,74.5,3.8,1,33.0
43.0,75.0,4.1,2,15.65
43.0,75.5,3.7,1,10.0
43.0,76.0,4.4,2,16.8
43.0,76.5,3.5,1,33.0
43.0,77.0,4.8,6,20.56
43.0,77.5,5.0,2,23.585
43.0,78.0,6.4,8,22.65625
43.0,78.5,4.5,9,29.645555555555557
43.0,79.5,4.7,1,26.7
43.0,80.0,4.7,1,17.2
43.0,80.5,6.0,9,15.990444444444442
43.0,81.0,5.1,1,19.0
43.0,81.5,4.7,1,10.0
43.0,82.0,4.6,1,25.94
43.0,82.5,5.6,3,10.0
43.0,83.0,4.6,3,20.646666666666665
43.0,83.5,4.3,3,27.633333333333336
43.0,84.0,5.0,4,41.325
43.0,84.5,5.0,9,34.888888888888886
43.0,85.0,4.4,5,17.580000000000002
43.0,86.0,4.4,2,51.5
43.0,86.5,4.5,3,25.94666666666667
43.0,87.0,4.6,4,32.275
43.0,87.5,5.3,1,10.0
43.0,88.0,5.1,5,23.46
43.0,88.5,5.0,5,27.880000000000003
43.0,89.5,4.2,1,10.0
43.0,91.0,4.1,1,10.0
43.0,92.5,3.7,1,10.0
43.0,94.0,4.2,1,33.0
43.0,94.5,5.3,2,16.7
43.0,96.0,4.1,1,37.2
43.0,96.5,4.5,1,11.84
43.0,100.5,4.8,1,10.0
43.0,103.0,4.9,1,10.0
43.0,104.5,4.4,4,25.8
43.0,105.5,4.7,2,16.255
43.0,106.0,4.4,1,10.0
43.0,106.5,4.3,1,14.64
43.0,109.0,5.2,1,6.0
43.0,109.5,5.0,1,17.8
43.0,112.5,4.9,1,33.0
43.0,122.5,5.0,1,27.5
43.0,130.5,4.9,1,564.2
43.0,131.0,5.1,8,564.14
43.0,131.5,6.0,4,529.325
43.0,132.0,4.5,2,519.6610000000001
43.0,133.5,6.0,3,442.25666666666666
43.0,134.0,4.2,1,449.4
43.0,134.5,4.2,2,399.75
43.0,136.0,4.5,2,338.58950000000004
43.0,136.5,5.6,1,313.1
43.0,137.0,4.4,2,290.5
43.0,137.5,4.4,6,202.13333333333333
43.0,138.0,4.1,2,162.55
43.0,138.5,4.7,7,206.29142857142855
43.0,139.0,7.7,38,80.48157894736842
43.0,139.5,6.0,41,61.24268292682926
43.0,140.0,4.9,6,161.15333333333334
43.0,140.5,4.6,12,83.14841666666668
43.0,141.0,4.8,9,87.8111111111111
43.0,141.5,4.6,10,152.579
43.0,142.0,5.4,36,87.38683333333333
43.0,142.5,4.8,17,112.47111764705882
43.0,143.0,6.9,31,112.30825806451612
43.0,143.5,5.8,27,106.84788888888889
43.0,144.0,6.2,34,98.05882352941177
43.0,144.5,5.5,23,76.06426086956522
43.0,145.0,7.0,79,61.06386075949367
43.0,145.5,5.6,109,50.6867247706422
43.0,146.0,6.1,81,47.43044444444445
43.0,146.5,6.1,97,49.5718556701031
43.0,147.0,6.8,119,41.34281512605042
43.0,147.5,5.5,62,40.80483870967742
43.0,148.0,5.6,45,34.589777777777776
43.0,148.5,5.3,8,32.575
43.0,149.0,5.0,9,17.02111111111111
43.0,149.5,5.2,5,33.392
43.5,-130.5,4.1,2,10.0
43.5,-130.0,3.4,1,10.0
43.5,-129.5,4.0,5,10.0
43.5,-129.0,4.0,7,10.0
43.5,-128.5,4.9,34,9.995294117647058
43.5,-128.0,6.3,50,10.1258
43.5,-127.5,6.3,164,10.055487804878048
43.5,-127.0,5.9,203,9.744527093596059
43.5,-126.5,5.0,75,9.994133333333332
43.5,-126.0,3.9,15,8.440933333333334
43.5,-125.5,3.8,2,10.0
43.5,-125.0,2.36,1,37.61
43.5,-124.5,3.3,12,26.63633333333333
43.5,-124.0,1.79,3,18.761333333333337
43.5,-123.5,1.6,6,14.894666666666666
43.5,-123.0,2.17,12,38.47075
43.5,-122.5,1.93,26,27.010884615384615
43.5,-122.0,2.07,22,5.904318181818183
43.5,-121.5,2.89,281,2.9430391459074734
43.5,-121.0,2.32,194,2.9090360824742265
43.5,-120.5,1.71,6,2.1488333333333336
43.5,-120.0,3.1,3,1.2950000000000002
43.5,-119.0,2.05,1,-1.41
43.5,-118.5,1.83,3,4.366666666666667
43.5,-118.0,1.81,1,-1.22
43.5,-117.0,2.9,1,6.2
43.5,-116.5,2.2,1,16.89
43.5,-115.5,3.5,3,5.033333333333333
43.5,-115.0,2.6,3,10.366666666666667
43.5,-114.5,1.46,4,5.29
43.5,-114.0,2.22,3,2.5733333333333333
43.5,-113.5,2.4,2,14.65
43.5,-111.5,3.7,9,5.213333333333334
43.5,-111.0,3.8,419,4.32301431980907
43.5,-110.5,5.0,530,6.520164150943396
43.5,-110.0,4.7,65,6.025953846153846
43.5,-109.5,2.7,7,5.859999999999999
43.5,-109.0,3.5,3,7.59
43.5,-108.5,2.9,7,10.258
43.5,-108.0,3.5,3,3.5
43.5,-107.5,4.0,10,8.160300000000001
43.5,-107.0,3.1,3,6.9206666666666665
43.5,-106.5,3.2,3,5.0
43.5,-106.0,2.8,4,9.6775
43.5,-104.0,2.8,1,5.0
43.5,-103.5,3.4,4,6.40425
43.5,-103.0,3.0,2,5.0
43.5,-102.5,4.0,3,5.0
43.5,-101.0,3.1,1,5.0
43.5,-99.0,3.0,2,5.0
43.5,-80.0,1.69,1,5.0
43.5,-79.5,2.78,6,4.665
43.5,-79.0,3.8,9,5.6866666666666665
43.5,-78.5,3.0,17,5.463529411764705
43.5,-78.0,2.95,10,5.931
43.5,-77.5,1.85,3,4.44
43.5,-77.0,2.59,3,4.876666666666666
43.5,-76.5,1.8,4,5.13175
43.5,-75.0,2.3,3,4.013333333333333
43.5,-74.5,1.39,1,5.0
43.5,-74.0,2.9,19,6.779473684210527
43.5,-73.5,3.1,10,7.5608
43.5,-73.0,2.83,1,7.79
43.5,-72.5,2.3,4,5.9725
43.5,-72.0,2.8,4,6.15
43.5,-71.5,3.4,45,4.928977777777778
43.5,-71.0,2.3,9,3.6355555555555554
43.5,-70.5,4.67,6,11.463333333333333
43.5,-70.0,2.7,8,8.0075
43.5,-68.0,1.8,1,5.0
43.5,-66.0,3.0,1,5.0
43.5,-64.5,2.4,1,10.933
43.5,-56.5,4.1,1,18.0
43.5,-32.5,4.5,1,10.0
43.5,-29.5,4.2,1,10.0
43.5,-29.0,5.9,28,10.221428571428572
43.5,-28.5,5.4,7,10.0
43.5,-17.0,3.0,1,10.0
43.5,-16.0,4.1,1,0.0
43.5,-15.0,4.5,1,10.0
43.5,-14.0,4.4,3,3.3333333333333335
43.5,-13.0,4.5,1,0.0
43.5,-10.0,2.5,2,21.15
43.5,-9.5,2.3,3,5.933333333333334
43.5,-9.0,4.2,8,5.5
43.5,-8.5,3.4,4,4.825
43.5,-7.5,4.0,10,13.38
43.5,-7.0,3.3,8,14.25
43.5,-6.5,3.9,16,9.1625
43.5,-6.0,3.8,14,8.571428571428571
43.5,-5.5,2.8,1,10.0
43.5,-5.0,2.8,1,10.0
43.5,-4.5,3.4,2,10.0
43.5,-4.0,2.8,1,0.0
43.5,-3.5,3.6,3,10.333333333333334
43.5,-3.0,2.8,2,5.0
43.5,-2.5,3.5,7,7.857142857142857
43.5,-2.0,3.9,10,9.1
43.5,-1.5,3.2,13,8.330769230769231
43.5,-1.0,4.2,17,7.129411764705883
43.5,-0.5,4.2,183,6.9846994535519125
43.5,-0.0,4.1,5,6.6
43.5,1.5,3.3,1,0.0
43.5,2.0,2.3,2,3.5
43.5,2.5,2.9,15,3.8
43.5,3.0,3.0,27,5.888888888888889
43.5,3.5,2.9,7,10.285714285714286
43.5,4.0,2.6,5,5.8
43.5,4.5,3.6,30,11.55
43.5,5.0,2.8,6,6.833333333333333
43.5,5.5,3.6,241,7.791701244813278
43.5,6.0,3.2,21,5.761904761904762
43.5,6.5,2.8,37,7.094594594594595
43.5,7.0,2.6,50,7.184
43.5,7.5,4.6,110,9.312727272727274
43.5,8.0,4.6,141,11.117021276595745
43.5,8.5,4.5,46,12.195652173913043
43.5,9.0,4.5,14,8.721428571428572
43.5,9.5,3.6,4,10.0
43.5,10.0,4.1,23,6.621739130434783
43.5,10.5,3.6,44,8.040909090909091
43.5,11.0,4.2,59,8.76728813559322
43.5,11.5,4.2,23,8.46782608695652
43.5,12.0,4.6,87,10.39655172413793
43.5,12.5,4.8,285,11.258442105263157
43.5,13.0,5.4,70,13.3
43.5,13.5,5.4,76,9.037592105263158
43.5,14.0,4.3,9,9.94222222222222
43.5,14.5,3.9,5,10.0
43.5,15.0,4.7,11,8.909090909090908
43.5,15.5,4.6,93,10.131182795698924
43.5,16.0,4.4,38,10.179473684210526
43.5,16.5,4.4,23,12.074782608695653
43.5,17.0,4.9,57,8.854035087719298
43.5,17.5,5.1,121,8.867380165289257
43.5,18.0,4.3,65,8.327692307692306
43.5,18.5,4.1,39,8.810256410256411
43.5,19.0,4.5,80,9.934999999999999
43.5,19.5,4.8,53,8.347169811320754
43.5,20.0,4.1,34,9.31235294117647
43.5,20.5,4.3,10,7.459999999999999
43.5,21.0,5.2,40,11.1175
43.5,21.5,3.5,2,16.1
43.5,22.5,2.1,1,10.0
43.5,24.0,2.6,2,10.0
43.5,25.0,2.5,1,18.2
43.5,26.0,2.1,1,5.0
43.5,26.5,4.2,1,24.0
43.5,28.0,3.0,1,12.3
43.5,28.5,5.0,3,13.466666666666667
43.5,29.0,3.8,1,32.7
43.5,36.0,4.2,2,16.1
43.5,39.0,4.2,1,10.0
43.5,39.5,4.1,4,8.75
43.5,41.0,4.6,1,10.0
43.5,41.5,5.1,4,14.584999999999999
43.5,42.5,3.8,1,10.0
43.5,44.0,4.0,1,10.0
43.5,44.5,4.0,2,10.0
43.5,45.0,4.4,3,20.773333333333333
43.5,45.5,4.8,15,85.724
43.5,46.0,5.3,42,14.05952380952381
43.5,46.5,5.8,10,22.830000000000002
43.5,47.0,4.4,4,15.75
43.5,47.5,4.7,3,19.7
43.5,48.0,3.9,1,59.5
43.5,62.0,4.6,1,12.12
43.5,66.5,4.8,1,0.8
43.5,67.0,3.7,1,33.0
43.5,73.0,4.1,1,33.0
43.5,75.0,4.5,1,11.54
43.5,75.5,3.7,1,10.0
43.5,77.0,4.4,1,38.2
43.5,77.5,5.1,5,18.8
43.5,78.0,3.9,2,21.5
43.5,78.5,5.4,2,32.0
43.5,80.0,4.4,1,33.0
43.5,81.0,4.6,2,46.6
43.5,82.0,4.5,4,18.125
43.5,82.5,5.6,7,16.66
43.5,83.0,4.7,9,24.01111111111111
43.5,83.5,4.4,2,26.3
43.5,84.0,4.5,4,15.75
43.5,84.5,6.3,13,21.99230769230769
43.5,85.0,4.7,6,25.78333333333333
43.5,85.5,5.4,1,33.0
43.5,86.0,4.4,2,10.0
43.5,86.5,4.7,5,30.28
43.5,87.0,5.2,6,23.516666666666666
43.5,87.5,5.0,6,22.846666666666664
43.5,88.0,4.7,4,30.35
43.5,88.5,4.2,1,29.9
43.5,89.0,4.7,4,20.6
43.5,89.5,4.9,4,13.002500000000001
43.5,90.0,4.5,1,15.6
43.5,94.5,4.7,1,10.0
43.5,96.5,4.7,1,19.8
43.5,100.0,4.8,2,55.0
43.5,101.0,3.1,1,35.0
43.5,101.5,4.4,1,25.7
43.5,102.0,4.4,2,15.245000000000001
43.5,106.5,4.4,1,10.0
43.5,109.0,4.7,1,33.0
43.5,119.5,4.7,1,10.0
43.5,120.0,4.3,1,33.0
43.5,125.0,4.2,1,10.0
43.5,130.5,7.1,5,568.48
43.5,131.0,5.7,2,541.55
43.5,132.0,4.6,1,469.2
43.5,132.5,4.7,4,488.475
43.5,133.0,4.3,1,482.83
43.5,134.0,5.2,12,428.51416666666665
43.5,135.0,4.6,1,364.4
43.5,135.5,5.4,7,361.156
43.5,136.0,4.6,2,350.41499999999996
43.5,136.5,5.0,3,317.49333333333334
43.5,137.0,4.6,1,300.0
43.5,137.5,4.9,2,273.4
43.5,138.0,4.5,4,262.20500000000004
43.5,138.5,5.7,3,169.25
43.5,139.0,4.9,15,196.18339999999998
43.5,139.5,5.3,14,105.68214285714285
43.5,140.0,5.9,13,212.4863846153846
43.5,140.5,4.7,11,181.2790909090909
43.5,141.0,4.5,2,205.95
43.5,141.5,5.6,5,92.24600000000001
43.5,142.0,4.4,8,145.53875
43.5,142.5,5.3,9,153.2
43.5,143.0,4.5,4,167.95
43.5,143.5,7.6,6,86.42
43.5,144.0,4.7,15,61.68266666666667
43.5,144.5,5.8,25,109.79332000000001
43.5,145.0,5.3,27,85.88792592592593
43.5,145.5,5.5,31,104.96493548387097
43.5,146.0,5.4,61,81.51922950819672
43.5,146.5,6.3,94,56.26925531914894
43.5,147.0,5.9,210,50.27879047619048
43.5,147.5,6.2,260,41.82226923076924
43.5,148.0,6.3,167,35.35670658682635
43.5,148.5,5.1,31,37.48935483870968
43.5,149.0,5.2,9,26.005555555555556
43.5,149.5,5.0,8,30.375
43.5,150.0,5.1,8,30.5125
43.5,150.5,4.8,9,25.200000000000003
43.5,151.0,4.8,4,33.0
43.5,152.0,4.2,1,33.0
44.0,-131.0,3.8,1,10.0
44.0,-130.5,4.0,8,10.0
44.0,-130.0,5.2,26,10.0
44.0,-129.5,5.4,101,10.0
44.0,-129.0,5.5,147,10.034489795918367
44.0,-128.5,5.4,141,10.335460992907802
44.0,-128.0,5.7,77,10.365064935064936
44.0,-127.5,6.3,17,10.176470588235293
44.0,-127.0,3.6,18,7.243833333333334
44.0,-126.5,3.5,12,7.626833333333334
44.0,-126.0,5.2,14,9.4695
44.0,-125.5,3.9,6,14.020166666666666
44.0,-125.0,2.8,6,11.355333333333334
44.0,-124.5,2.8,9,27.435555555555556
44.0,-124.0,2.0,4,31.8365
44.0,-123.5,0.8,3,15.180333333333332
44.0,-123.0,4.14,120,9.520116666666667
44.0,-122.5,2.6,40,10.795375
44.0,-122.0,2.1,169,7.912467455621303
44.0,-121.5,2.56,56,3.8045178571428573
44.0,-121.0,1.46,13,1.5902307692307693
44.0,-120.5,1.24,2,8.515
44.0,-119.0,2.43,1,7.31
44.0,-118.5,3.1,5,8.8752
44.0,-118.0,2.9,21,4.559047619047619
44.0,-117.5,1.66,2,1.9555
44.0,-116.5,2.4,6,7.460999999999999
44.0,-116.0,3.4,3,15.673333333333332
44.0,-115.5,3.0,13,10.055384615384614
44.0,-115.0,4.2,539,8.668773654916512
44.0,-114.5,3.7,99,8.727787878787879
44.0,-114.0,3.3,71,7.3519718309859154
44.0,-113.5,3.3,20,5.9105
44.0,-113.0,1.83,6,6.873333333333332
44.0,-111.0,4.2,498,5.438353413654619
44.0,-110.5,4.31,842,7.556009501187648
44.0,-110.0,3.0,60,9.163666666666668
44.0,-109.0,3.4,4,10.4505
44.0,-108.5,2.16,2,4.3999999999999995
44.0,-108.0,3.3,4,2.6
44.0,-107.5,3.5,7,10.481428571428571
44.0,-107.0,3.2,2,12.0
44.0,-106.5,3.2,5,6.58
44.0,-106.0,3.1,2,9.745000000000001
44.0,-105.5,3.1,1,9.4
44.0,-103.5,3.7,2,4.965
44.0,-103.0,2.5,1,5.0
44.0,-102.5,3.1,1,5.0
44.0,-102.0,2.6,1,5.0
44.0,-100.5,3.2,1,8.949
44.0,-99.5,2.8,1,5.0
44.0,-98.5,3.6,2,5.0
44.0,-97.5,3.1,1,5.0
44.0,-94.0,2.8,1,0.0
44.0,-79.0,3.1,2,12.5
44.0,-78.5,2.3,4,3.5275
44.0,-78.0,3.6,6,7.835
44.0,-77.5,3.0,2,11.5
44.0,-76.0,3.6,20,5.492649999999999
44.0,-75.5,1.8,4,7.4825
44.0,-75.0,2.38,8,6.8
44.0,-74.5,3.8,6,4.691666666666666
44.0,-74.0,2.3,12,7.990833333333334
44.0,-73.5,2.85,10,5.970000000000001
44.0,-73.0,2.12,4,6.7325
44.0,-72.5,1.69,5,7.304
44.0,-72.0,2.51,4,3.51175
44.0,-71.5,3.8,16,6.1611875
44.0,-71.0,2.6,7,5.440285714285714
44.0,-70.5,3.0,9,7.037777777777778
44.0,-70.0,2.7,13,6.2807692307692315
44.0,-69.5,2.44,9,8.674444444444445
44.0,-69.0,3.1,2,5.0
44.0,-68.0,2.4,2,5.0
44.0,-67.5,2.6,3,6.666666666666667
44.0,-66.5,3.5,4,15.1225
44.0,-66.0,2.2,4,10.93
44.0,-56.5,4.3,1,10.0
44.0,-29.5,4.3,1,10.0
44.0,-29.0,4.5,3,10.0
44.0,-28.5,4.9,10,10.0
44.0,-28.0,4.4,1,10.0
44.0,-17.0,4.7,1,14.8
44.0,-16.5,4.9,1,10.0
44.0,-15.0,4.0,1,10.0
44.0,-14.0,4.0,2,0.0
44.0,-12.0,4.4,1,9.882
44.0,-9.0,4.1,2,12.2
44.0,-8.5,2.9,1,0.0
44.0,-8.0,3.4,3,6.266666666666667
44.0,-7.5,4.4,13,12.553846153846155
44.0,-7.0,4.1,6,13.583333333333334
44.0,-6.5,3.1,3,13.566666666666668
44.0,-6.0,3.7,2,10.0
44.0,-5.0,2.9,1,11.0
44.0,-4.0,1.7,1,17.3
44.0,-3.5,2.7,2,10.0
44.0,-3.0,2.6,1,5.0
44.0,-2.5,2.4,2,6.0
44.0,-2.0,3.1,2,5.0
44.0,-0.0,2.1,2,7.5
44.0,1.5,2.5,3,4.666666666666667
44.0,2.0,2.5,3,6.0
44.0,2.5,2.6,5,8.8
44.0,3.0,3.7,9,4.622222222222223
44.0,3.5,2.2,2,8.5
44.0,4.0,2.7,4,7.5
44.0,4.5,3.1,13,8.476923076923077
44.0,5.0,3.2,24,6.0125
44.0,5.5,2.9,7,5.142857142857143
44.0,6.0,3.3,71,6.6323943661971825
44.0,6.5,3.6,110,6.595454545454546
44.0,7.0,3.8,461,7.840130151843818
44.0,7.5,4.4,730,7.207808219178082
44.0,8.0,4.1,783,7.98786717752235
44.0,8.5,4.5,469,7.617697228144989
44.0,9.0,3.5,48,9.13125
44.0,9.5,3.0,12,9.141666666666667
44.0,10.0,5.2,147,7.718639455782314
44.0,10.5,4.9,112,9.865321428571429
44.0,11.0,4.6,217,10.13594470046083
44.0,11.5,4.8,271,10.606273062730628
44.0,12.0,4.7,645,9.487131782945736
44.0,12.5,4.4,55,15.289927272727272
44.0,13.0,4.1,21,11.738095238095237
44.0,13.5,5.6,18,8.814055555555555
44.0,14.0,3.0,6,9.166666666666666
44.0,15.0,3.9,9,9.444444444444445
44.0,15.5,4.2,20,12.370000000000001
44.0,16.0,4.4,20,11.373999999999999
44.0,16.5,5.6,61,10.631147540983607
44.0,17.0,4.5,33,11.60939393939394
44.0,17.5,4.3,13,6.776923076923077
44.0,18.0,4.5,17,8.882352941176471
44.0,18.5,4.4,28,8.989285714285714
44.0,19.0,4.8,12,10.733333333333334
44.0,19.5,4.0,19,9.210526315789474
44.0,20.0,5.5,34,9.871176470588235
44.0,20.5,5.5,23,9.591304347826087
44.0,21.0,4.5,9,10.644444444444444
44.0,21.5,4.9,9,9.766666666666667
44.0,22.0,4.0,2,17.7
44.0,24.5,4.1,1,17.9
44.0,26.0,2.6,1,0.0
44.0,26.5,3.3,2,38.85
44.0,27.0,2.9,1,4.5
44.0,30.0,2.5,1,10.0
44.0,30.5,4.4,1,14.85
44.0,31.0,4.4,1,10.0
44.0,33.5,4.7,3,29.824
44.0,34.0,4.2,1,20.1
44.0,34.5,4.2,1,33.0
44.0,39.0,4.5,5,17.550800000000002
44.0,39.5,4.6,7,23.805714285714284
44.0,40.0,4.4,2,10.0
44.0,40.5,3.8,1,10.0
44.0,41.5,3.4,1,10.0
44.0,43.0,4.1,1,6.32
44.0,43.5,4.5,1,10.0
44.0,44.0,4.2,2,21.5
44.0,44.5,3.8,1,33.0
44.0,45.0,3.9,1,10.0
44.0,46.0,4.2,1,124.95
44.0,46.5,4.3,1,10.0
44.0,70.5,4.2,1,10.0
44.0,75.0,4.9,1,10.0
44.0,77.5,4.6,1,23.97
44.0,78.0,3.8,2,25.85
44.0,78.5,4.6,1,24.8
44.0,80.0,4.4,1,27.02
44.0,80.5,4.8,1,10.0
44.0,81.5,5.2,5,40.42
44.0,82.0,4.8,6,22.3
44.0,82.5,5.2,5,19.804
44.0,83.0,4.9,5,26.438
44.0,83.5,5.1,12,26.05333333333333
44.0,84.0,5.3,8,18.9625
44.0,84.5,5.5,10,29.15
44.0,85.0,4.9,7,23.7
44.0,85.5,5.1,5,21.904
44.0,86.0,5.3,10,34.248000000000005
44.0,86.5,6.0,19,24.54263157894737
44.0,87.0,4.8,15,25.288
44.0,87.5,5.1,10,20.653
44.0,88.0,4.5,2,21.439999999999998
44.0,88.5,4.6,4,23.6375
44.0,89.0,4.6,1,24.0
44.0,89.5,4.1,1,10.0
44.0,91.5,4.1,1,14.89
44.0,92.5,4.4,1,10.197
44.0,94.0,4.5,1,10.0
44.0,96.0,4.0,1,10.0
44.0,98.5,4.0,1,33.0
44.0,101.5,4.0,1,33.0
44.0,102.0,4.9,1,10.0
44.0,102.5,4.4,1,33.0
44.0,104.5,5.4,2,10.0
44.0,105.0,4.0,1,10.0
44.0,107.0,4.3,1,15.75
44.0,109.0,4.5,1,10.0
44.0,116.0,4.4,1,10.0
44.0,116.5,4.7,1,10.0
44.0,119.5,5.4,1,24.4
44.0,120.0,4.4,1,10.0
44.0,130.5,7.3,2,575.0345
44.0,131.0,4.3,1,562.5
44.0,132.5,3.9,1,490.6
44.0,133.0,4.2,1,489.4
44.0,135.0,4.3,2,357.58000000000004
44.0,137.0,4.4,1,299.8
44.0,137.5,4.2,1,371.6
44.0,138.0,4.4,8,253.43125
44.0,138.5,4.3,4,254.3925
44.0,139.0,5.3,9,218.5288888888889
44.0,139.5,5.3,4,182.975
44.0,140.0,4.7,10,233.602
44.0,140.5,4.4,8,195.049375
44.0,141.0,4.8,9,151.8488888888889
44.0,141.5,4.9,7,156.0957142857143
44.0,142.0,5.9,20,144.0799
44.0,142.5,6.1,10,157.6279
44.0,143.0,5.0,4,187.425
44.0,143.5,5.3,6,148.81666666666666
44.0,144.0,4.0,2,182.6
44.0,144.5,4.1,2,34.0
44.0,145.0,6.1,10,139.849
44.0,145.5,4.9,14,129.85142857142858
44.0,146.0,6.1,20,84.21645
44.0,146.5,5.3,41,69.47473170731708
44.0,147.0,6.1,128,58.4171328125
44.0,147.5,8.3,194,50.120097938144326
44.0,148.0,7.3,179,43.30805586592179
44.0,148.5,6.0,129,32.58596899224806
44.0,149.0,6.1,87,35.78885057471265
44.0,149.5,6.0,98,29.82581632653061
44.0,150.0,6.2,20,30.335500000000003
44.0,150.5,5.4,18,30.79444444444444
44.0,151.0,5.4,9,35.166666666666664
44.0,151.5,6.1,15,20.002
44.0,152.0,4.9,6,32.515
44.0,152.5,4.4,1,33.0
44.0,153.0,4.4,2,21.5
44.0,154.0,4.1,1,33.0
44.0,154.5,5.5,1,10.0
44.5,-131.0,3.9,1,10.0
44.5,-130.5,4.2,4,10.0
44.5,-130.0,6.2,88,10.0
44.5,-129.5,5.8,221,10.137556561085974
44.5,-129.0,6.3,115,10.0
44.5,-128.5,4.9,27,10.0
44.5,-128.0,3.8,4,10.0
44.5,-127.5,4.3,4,10.0
44.5,-127.0,2.69,6,7.0296666666666665
44.5,-126.5,3.3,4,7.384
44.5,-126.0,4.0,9,11.395333333333333
44.5,-125.5,2.9,2,21.2
44.5,-125.0,3.6,5,8.5534
44.5,-124.5,4.9,123,22.735626016260163
44.5,-124.0,2.77,11,24.285636363636364
44.5,-123.5,2.47,11,18.724999999999998
44.5,-123.0,3.1,50,15.86584
44.5,-122.5,4.39,116,13.484818965517242
44.5,-122.0,1.31,6,8.037166666666666
44.5,-121.5,1.9,18,10.135666666666667
44.5,-121.0,2.9,10,0.5876
44.5,-120.5,2.05,1,7.22
44.5,-120.0,2.0,3,3.4433333333333334
44.5,-119.0,2.6,3,12.108333333333334
44.5,-118.5,3.1,1,18.579
44.5,-118.0,2.7,8,6.383625
44.5,-117.5,3.3,20,2.8390999999999997
44.5,-117.0,1.86,1,7.41
44.5,-116.5,3.4,8,8.8965
44.5,-116.0,3.8,185,7.920913513513513
44.5,-115.5,4.0,212,8.711740566037735
44.5,-115.0,4.8,4546,8.675626484821821
44.5,-114.5,4.8,715,7.322995804195804
44.5,-114.0,5.0,531,7.482954802259887
44.5,-113.5,3.5,29,7.126310344827586
44.5,-113.0,3.7,195,6.1386666666666665
44.5,-112.5,4.6,502,7.8501135458167335
44.5,-112.0,4.4,611,9.431831423895254
44.5,-111.5,3.2,172,10.103372093023255
44.5,-111.0,3.87,16705,8.184607602514218
44.5,-110.5,3.86,10186,4.925310916944826
44.5,-110.0,4.22,688,9.708488372093022
44.5,-109.5,2.8,3,8.393333333333333
44.5,-108.0,2.8,2,10.99
44.5,-107.5,3.0,3,12.283333333333333
44.5,-106.5,2.9,1,5.0
44.5,-104.0,2.7,2,2.5
44.5,-100.5,3.3,1,5.0
44.5,-99.0,3.5,1,5.0
44.5,-98.0,3.1,1,5.0
44.5,-89.0,1.5,3,5.2
44.5,-80.5,4.2,1,11.0
44.5,-80.0,1.9,1,5.0
44.5,-78.5,1.4,1,5.0
44.5,-78.0,2.3,2,5.775
44.5,-76.5,2.64,7,3.569714285714286
44.5,-76.0,2.07,4,5.7225
44.5,-75.5,2.04,10,8.495999999999999
44.5,-75.0,3.0,18,5.830555555555556
44.5,-74.5,3.7,33,6.180303030303031
44.5,-74.0,2.8,18,9.422555555555554
44.5,-73.5,5.3,15,6.357333333333333
44.5,-72.5,1.6,3,4.863333333333333
44.5,-72.0,3.8,2,5.0
44.5,-71.5,2.4,3,2.4099999999999997
44.5,-71.0,2.9,11,5.608090909090909
44.5,-70.5,3.6,11,5.550363636363636
44.5,-70.0,3.5,6,6.178333333333334
44.5,-69.5,3.8,9,6.382222222222222
44.5,-69.0,3.0,7,5.6642857142857155
44.5,-68.5,3.3,15,5.646199999999999
44.5,-68.0,3.66,19,5.4731578947368416
44.5,-67.5,3.0,20,5.07365
44.5,-67.0,3.2,6,6.7316666666666665
44.5,-66.5,2.5,1,5.0
44.5,-66.0,3.0,3,9.333333333333334
44.5,-65.5,2.9,2,5.0
44.5,-65.0,2.4,3,5.0
44.5,-64.5,3.2,2,5.0
44.5,-63.5,2.7,3,9.533333333333333
44.5,-57.0,3.9,1,10.0
44.5,-56.5,4.3,1,18.51
44.5,-56.0,4.5,1,10.0
44.5,-28.5,5.0,10,10.0
44.5,-28.0,5.1,18,9.649999999999999
44.5,-25.0,4.1,1,10.0
44.5,-14.0,4.0,1,10.0
44.5,-8.0,3.6,3,6.666666666666667
44.5,-7.5,3.9,6,10.0
44.5,-7.0,3.0,1,10.0
44.5,-3.0,2.6,3,13.333333333333334
44.5,-2.5,3.3,2,10.0
44.5,-2.0,3.2,2,10.0
44.5,-1.5,3.0,2,5.0
44.5,-1.0,2.9,1,5.0
44.5,1.5,2.1,1,10.0
44.5,2.0,2.3,5,5.8
44.5,2.5,3.1,14,5.335714285714286
44.5,3.0,3.1,24,5.291666666666667
44.5,3.5,2.2,2,3.5
44.5,4.5,4.8,25,8.44
44.5,5.0,2.8,12,5.75
44.5,5.5,2.8,7,7.857142857142857
44.5,6.0,3.2,44,6.4772727272727275
44.5,6.5,4.8,549,5.266247723132969
44.5,7.0,4.1,2351,7.352216928966398
44.5,7.5,4.6,2692,9.852459138187221
44.5,8.0,4.5,579,6.290328151986183
44.5,8.5,3.6,266,8.240977443609022
44.5,9.0,4.4,68,8.16175
44.5,9.5,4.9,103,9.23495145631068
44.5,10.0,5.0,293,11.258361774744026
44.5,10.5,5.4,426,17.34514084507042
44.5,11.0,4.7,145,14.31103448275862
44.5,11.5,5.3,180,9.338333333333335
44.5,12.0,5.1,175,10.431999999999999
44.5,12.5,4.6,18,9.133333333333333
44.5,13.0,2.8,5,13.1
44.5,13.5,3.6,4,8.75
44.5,14.0,2.5,2,10.0
44.5,14.5,2.7,1,10.0
44.5,15.0,3.1,8,9.25
44.5,15.5,4.7,16,13.95625
44.5,16.0,3.3,2,33.0
44.5,16.5,4.1,4,16.275
44.5,17.0,4.9,9,10.777777777777779
44.5,17.5,4.7,35,9.750857142857143
44.5,18.0,4.3,26,9.48
44.5,18.5,4.8,10,8.315999999999999
44.5,19.0,3.6,2,6.55
44.5,19.5,3.2,3,8.333333333333334
44.5,20.0,3.8,4,7.675
44.5,20.5,3.3,6,11.15
44.5,21.0,3.8,6,18.833333333333332
44.5,21.5,4.8,10,13.679999999999998
44.5,22.0,2.5,1,10.0
44.5,22.5,3.8,2,11.45
44.5,25.5,3.2,3,63.333333333333336
44.5,26.0,3.6,2,8.0
44.5,26.5,3.4,3,16.433333333333334
44.5,27.0,4.1,4,4.275
44.5,28.0,3.6,1,30.0
44.5,33.0,3.0,1,10.0
44.5,34.5,4.1,3,17.58
44.5,35.0,4.6,1,25.6
44.5,37.5,4.8,3,28.599999999999998
44.5,38.0,4.1,1,52.1
44.5,39.5,4.7,2,8.45
44.5,40.5,3.6,1,33.0
44.5,41.0,4.7,1,47.4
44.5,41.5,4.4,1,10.0
44.5,42.0,4.1,1,10.0
44.5,42.5,4.1,2,10.83
44.5,43.5,4.1,1,12.5
44.5,44.0,4.2,2,21.5
44.5,77.5,3.6,1,33.0
44.5,78.5,5.1,1,25.5
44.5,79.0,5.5,4,21.1
44.5,79.5,4.4,2,10.0
44.5,80.0,4.8,4,38.0925
44.5,80.5,4.8,2,34.0
44.5,81.0,4.9,8,18.1575
44.5,81.5,5.0,10,30.169
44.5,82.0,4.7,2,52.35
44.5,82.5,5.2,3,18.333333333333332
44.5,83.0,6.3,7,20.419999999999998
44.5,83.5,4.9,5,20.02
44.5,84.0,4.7,3,29.166666666666668
44.5,84.5,4.7,2,21.6
44.5,86.5,4.6,1,10.0
44.5,87.0,4.6,3,25.333333333333332
44.5,88.0,4.6,1,33.0
44.5,88.5,4.4,1,10.0
44.5,92.5,4.6,1,10.0
44.5,93.0,5.1,2,10.0
44.5,93.5,4.1,1,33.0
44.5,94.0,4.4,2,21.5
44.5,96.5,4.7,1,33.0
44.5,97.5,5.0,1,12.0
44.5,99.5,4.3,1,10.0
44.5,100.5,4.5,1,17.55
44.5,101.5,4.5,4,17.31
44.5,102.0,4.7,3,17.933333333333334
44.5,102.5,5.7,7,13.357142857142858
44.5,104.0,4.3,1,10.0
44.5,104.5,4.4,2,10.0
44.5,109.5,4.8,3,9.562666666666667
44.5,112.0,4.7,2,10.0
44.5,112.5,4.3,1,10.0
44.5,115.5,5.0,1,10.0
44.5,117.5,4.6,1,33.0
44.5,123.0,4.8,1,10.0
44.5,123.5,4.5,1,13.78
44.5,124.0,5.3,10,14.481
44.5,130.5,3.9,1,550.0
44.5,133.5,3.8,1,458.7
44.5,135.5,4.4,1,351.8
44.5,137.0,4.9,2,297.1
44.5,138.0,4.3,2,278.925
44.5,138.5,5.4,6,188.58500000000004
44.5,139.0,4.6,3,179.0
44.5,139.5,4.7,2,33.0
44.5,140.0,4.8,3,249.72833333333332
44.5,140.5,4.6,7,251.74328571428572
44.5,141.0,6.2,21,239.7990476190476
44.5,141.5,4.9,22,238.41954545454544
44.5,142.0,5.1,14,196.44214285714287
44.5,142.5,4.6,13,235.24907692307696
44.5,143.0,4.4,2,216.15
44.5,143.5,3.8,1,231.9
44.5,144.0,4.8,3,100.48666666666668
44.5,144.5,4.4,1,16.0
44.5,145.0,4.4,3,22.116666666666664
44.5,145.5,6.0,18,73.78222222222222
44.5,146.0,5.6,9,114.17777777777776
44.5,146.5,5.5,47,117.43844680851063
44.5,147.0,5.2,35,73.58131428571429
44.5,147.5,5.6,64,79.64328125
44.5,148.0,5.3,182,63.01512087912088
44.5,148.5,6.7,93,48.74625806451613
44.5,149.0,6.6,164,42.05967682926829
44.5,149.5,7.9,354,35.39987288135593
44.5,150.0,6.5,132,33.117575757575764
44.5,150.5,5.9,37,35.76216216216216
44.5,151.0,4.6,5,39.496
44.5,151.5,4.7,6,33.800000000000004
44.5,152.0,5.1,18,34.483333333333334
44.5,152.5,4.8,21,31.469047619047622
44.5,153.0,5.3,4,21.5
44.5,154.0,4.8,1,33.0
45.0,-130.5,4.2,4,10.0
45.0,-130.0,4.2,5,10.0
45.0,-129.5,4.0,4,10.0
45.0,-129.0,3.6,2,10.0
45.0,-128.5,3.0,1,10.0
45.0,-128.0,4.5,4,10.0
45.0,-127.5,3.3,2,10.0
45.0,-127.0,2.7,8,6.071375
45.0,-126.5,3.4,4,9.168
45.0,-126.0,3.5,8,8.69675
45.0,-125.5,4.2,2,10.0
45.0,-125.0,2.6,4,23.005000000000003
45.0,-124.5,3.06,6,14.512166666666667
45.0,-124.0,3.57,39,38.38894871794872
45.0,-123.5,3.53,43,22.357511627906977
45.0,-123.0,3.6,98,21.247785714285712
45.0,-122.5,5.6,583,15.69877873070326
45.0,-122.0,2.6,21,6.8756666666666675
45.0,-121.5,2.92,75,6.019093333333333
45.0,-121.0,4.2,525,14.49291619047619
45.0,-120.5,1.46,2,5.278
45.0,-120.0,4.1,70,2.878742857142857
45.0,-119.5,2.5,1,21.615
45.0,-119.0,2.3,2,3.3249999999999997
45.0,-118.5,2.5,1,-0.605
45.0,-118.0,2.83,11,6.84209090909091
45.0,-117.5,3.0,14,6.443928571428572
45.0,-117.0,4.0,43,6.731790697674418
45.0,-116.5,3.5,14,5.874428571428572
45.0,-116.0,3.4,59,8.746881355932205
45.0,-115.5,4.2,21,10.993809523809524
45.0,-115.0,3.5,13,10.143846153846154
45.0,-114.5,3.7,51,9.8
45.0,-114.0,3.5,36,12.018333333333334
45.0,-113.5,3.6,21,5.888571428571429
45.0,-113.0,5.1,396,5.838378787878788
45.0,-112.5,4.0,219,7.847703196347032
45.0,-112.0,3.7,351,7.004774928774928
45.0,-111.5,4.1,1189,10.486972245584525
45.0,-111.0,4.36,14950,7.296721070234113
45.0,-110.5,4.83,1214,4.952141680395387
45.0,-110.0,2.78,53,7.698301886792453
45.0,-109.5,1.71,2,8.425
45.0,-108.0,2.6,1,11.98
45.0,-107.5,2.4,2,8.735
45.0,-107.0,2.8,1,5.0
45.0,-106.5,4.0,1,13.9
45.0,-106.0,3.9,3,10.789333333333333
45.0,-104.0,4.2,1,4.5
45.0,-100.0,3.0,1,5.0
45.0,-95.0,3.1,1,5.0
45.0,-80.0,2.5,1,5.0
45.0,-79.5,2.5,1,5.0
45.0,-79.0,1.7,1,5.0
45.0,-76.5,2.66,1,6.95
45.0,-76.0,2.09,2,9.065
45.0,-75.5,2.79,14,10.037857142857144
45.0,-75.0,2.94,44,8.756818181818183
45.0,-74.5,3.23,32,8.21425
45.0,-74.0,3.8,64,10.23375
45.0,-73.5,3.8,15,8.172666666666666
45.0,-73.0,3.1,4,11.58
45.0,-72.0,2.2,1,3.4
45.0,-71.5,2.1,3,5.2
45.0,-71.0,2.3,3,7.023333333333333
45.0,-70.5,2.5,10,5.827
45.0,-70.0,1.2,1,5.0
45.0,-69.5,3.0,9,4.376666666666667
45.0,-69.0,2.5,10,5.405
45.0,-68.5,3.3,1,9.4
45.0,-68.0,2.6,13,5.2215384615384615
45.0,-67.5,3.23,9,5.121555555555556
45.0,-67.0,3.6,22,6.9035
45.0,-66.5,2.3,6,6.986666666666667
45.0,-65.5,3.2,2,5.0
45.0,-65.0,2.1,1,5.0
45.0,-28.5,4.3,2,10.0
45.0,-28.0,5.6,67,10.13537313432836
45.0,-25.5,4.5,2,10.0
45.0,-25.0,4.4,2,11.96
45.0,-24.5,3.8,1,10.0
45.0,-14.0,4.6,1,0.0
45.0,-13.0,3.0,1,10.0
45.0,-9.0,3.3,2,10.0
45.0,-8.5,3.1,2,21.5
45.0,-6.0,4.4,1,10.0
45.0,-3.5,3.5,1,10.0
45.0,-1.0,3.0,1,10.0
45.0,-0.5,2.1,1,10.0
45.0,-0.0,2.8,2,6.5
45.0,0.5,2.2,1,3.0
45.0,1.0,3.1,3,8.333333333333334
45.0,2.5,2.4,8,9.375
45.0,3.0,3.5,110,7.62909090909091
45.0,3.5,3.1,45,6.488888888888889
45.0,4.0,3.1,23,5.826086956521739
45.0,4.5,2.9,11,4.636363636363637
45.0,5.0,3.0,13,5.769230769230769
45.0,5.5,4.2,57,5.052631578947368
45.0,6.0,3.2,51,3.627450980392157
45.0,6.5,4.6,648,5.493981481481481
45.0,7.0,4.2,487,8.224229979466118
45.0,7.5,4.4,377,12.966312997347481
45.0,8.0,3.8,42,12.02142857142857
45.0,8.5,4.9,287,9.907317073170733
45.0,9.0,5.0,78,9.02051282051282
45.0,9.5,3.6,36,9.98611111111111
45.0,10.0,4.5,85,11.266470588235293
45.0,10.5,4.9,114,10.411842105263158
45.0,11.0,6.0,68,9.395588235294117
45.0,11.5,5.0,24,8.995833333333334
45.0,12.0,3.2,6,14.983333333333334
45.0,12.5,3.1,5,9.0
45.0,13.0,3.1,5,10.0
45.0,13.5,4.0,8,9.25
45.0,14.0,3.0,5,10.0
45.0,14.5,4.7,35,8.74
45.0,15.0,4.9,66,9.63939393939394
45.0,15.5,3.4,10,8.828
45.0,16.0,4.2,11,10.472727272727273
45.0,16.5,4.7,10,11.5
45.0,17.0,4.4,19,9.571578947368423
45.0,17.5,4.2,15,9.037333333333333
45.0,18.0,3.6,6,10.0
45.0,18.5,3.7,5,10.0
45.0,21.0,3.5,2,21.5
45.0,21.5,4.7,2,10.0
45.0,22.0,3.3,1,18.7
45.0,22.5,5.6,6,15.016666666666666
45.0,23.0,5.6,13,14.044
45.0,23.5,4.5,2,19.5
45.0,24.0,3.7,1,23.0
45.0,25.0,4.2,2,5.4
45.0,25.5,3.9,1,10.1
45.0,26.0,3.1,4,17.7
45.0,26.5,3.3,2,62.1
45.0,27.0,4.0,8,18.275
45.0,27.5,2.8,1,28.2
45.0,28.0,3.7,3,11.133333333333333
45.0,29.0,4.8,9,10.244444444444445
45.0,29.5,2.5,1,9.0
45.0,31.0,3.7,1,12.2
45.0,34.0,3.7,2,45.45
45.0,34.5,3.9,1,33.0
45.0,35.0,4.1,2,31.6
45.0,36.5,3.8,2,22.35
45.0,37.0,4.5,8,25.655
45.0,37.5,4.9,3,14.200000000000001
45.0,38.0,5.5,3,25.333333333333332
45.0,38.5,4.4,2,10.0
45.0,40.0,4.1,1,41.7
45.0,41.5,4.4,2,12.635
45.0,42.5,4.4,1,10.0
45.0,77.5,4.8,1,37.2
45.0,78.5,4.5,2,8.1
45.0,79.5,4.3,1,10.0
45.0,80.0,5.3,5,25.496
45.0,80.5,4.5,3,15.443333333333333
45.0,81.0,4.7,7,39.984
45.0,81.5,4.5,1,43.87
45.0,82.5,4.3,1,10.0
45.0,83.0,4.9,1,33.0
45.0,83.5,4.4,2,22.5
45.0,85.5,4.4,1,36.6
45.0,90.5,4.8,1,33.0
45.0,91.5,4.8,1,10.0
45.0,92.0,4.3,1,33.0
45.0,92.5,4.7,3,14.433333333333332
45.0,93.0,4.4,3,10.0
45.0,94.0,4.7,2,21.5
45.0,94.5,4.2,1,33.0
45.0,95.0,5.0,1,10.0
45.0,97.0,4.5,1,10.0
45.0,97.5,4.6,2,6.05
45.0,99.0,4.6,1,10.0
45.0,100.0,4.7,5,21.96
45.0,100.5,4.9,3,19.34
45.0,102.0,4.8,2,21.5
45.0,102.5,3.6,1,10.0
45.0,105.5,4.5,1,33.0
45.0,107.0,4.4,1,10.0
45.0,117.5,4.2,1,33.0
45.0,124.5,5.3,2,13.225
45.0,130.0,6.4,2,585.885
45.0,131.5,3.9,1,10.0
45.0,133.5,4.5,2,47.545
45.0,137.0,3.9,1,307.1
45.0,137.5,6.0,6,293.26666666666665
45.0,138.5,4.7,4,226.1175
45.0,139.5,4.2,1,33.0
45.0,140.5,4.1,1,250.0
45.0,141.0,4.4,9,251.76633333333334
45.0,141.5,4.8,16,251.2158125
45.0,142.0,5.1,20,114.426
45.0,142.5,4.6,7,258.15042857142856
45.0,143.0,5.1,2,279.65
45.0,143.5,4.6,3,273.9066666666667
45.0,144.0,4.4,1,33.0
45.0,144.5,4.4,3,163.20000000000002
45.0,145.0,3.6,1,214.5
45.0,145.5,4.9,4,94.075
45.0,146.0,5.0,10,153.917
45.0,146.5,6.2,36,139.18805555555556
45.0,147.0,6.2,46,110.64706521739132
45.0,147.5,5.5,35,105.06528571428571
45.0,148.0,5.4,37,91.35416216216217
45.0,148.5,5.1,22,75.7390909090909
45.0,149.0,5.5,42,58.681357142857145
45.0,149.5,6.0,78,42.98076923076923
45.0,150.0,6.6,96,46.837895833333334
45.0,150.5,6.4,90,35.44158888888889
45.0,151.0,6.0,56,34.57410714285714
45.0,151.5,5.6,44,34.90227272727273
45.0,152.0,5.2,42,35.1
45.0,152.5,4.8,8,33.5625
45.0,153.0,5.4,5,24.52
45.0,153.5,5.1,3,18.333333333333332
45.0,154.0,4.2,1,10.0
45.0,154.5,3.6,1,33.0
45.0,155.0,4.0,1,10.0
45.5,-127.0,2.63,3,6.07
45.5,-126.5,3.1,6,8.299333333333333
45.5,-126.0,2.3,3,10.468
45.5,-125.5,2.8,1,10.0
45.5,-125.0,2.4,4,24.847500000000004
45.5,-124.5,2.1,2,32.175
45.5,-124.0,2.54,23,18.324347826086957
45.5,-123.5,3.14,38,15.662842105263158
45.5,-123.0,3.5,332,18.10746084337349
45.5,-122.5,3.9,456,14.735076756393699
45.5,-122.0,3.0,187,4.934235294117647
45.5,-121.5,4.5,2472,3.799713187578812
45.5,-121.0,2.2,10,6.5494
45.5,-120.5,2.7,20,6.7421500000000005
45.5,-120.0,3.2,30,6.207
45.5,-119.5,2.9,15,1.9533333333333334
45.5,-119.0,2.8,23,12.698391304347826
45.5,-118.5,3.51,13,13.901692307692308
45.5,-118.0,2.95,11,7.088636363636363
45.5,-117.5,2.67,29,10.080103448275862
45.5,-117.0,3.35,9,7.842333333333333
45.5,-116.5,2.71,3,18.27
45.5,-116.0,3.0,4,8.4825
45.5,-115.5,2.44,2,8.605
45.5,-114.5,1.7,2,16.25
45.5,-114.0,2.0,15,9.548
45.5,-113.5,3.2,17,10.840588235294117
45.5,-113.0,3.1,39,7.763589743589743
45.5,-112.5,5.6,510,7.306607843137255
45.5,-112.0,4.4,758,5.335725593667546
45.5,-111.5,3.6,237,5.584586497890295
45.5,-111.0,2.8,43,9.219767441860466
45.5,-110.5,3.8,16,11.8206875
45.5,-110.0,1.82,6,7.221666666666667
45.5,-109.0,3.2,1,5.008
45.5,-107.5,2.3,1,19.8
45.5,-106.5,2.71,2,3.99
45.5,-106.0,2.8,2,8.065999999999999
45.5,-105.5,3.5,1,10.0
45.5,-99.5,3.2,1,5.0
45.5,-96.5,4.1,1,10.0
45.5,-77.5,3.6,3,18.099999999999998
45.5,-77.0,3.8,2,18.0
45.5,-76.5,3.4,7,13.037142857142857
45.5,-76.0,3.1,11,11.332727272727272
45.5,-75.5,3.28,17,10.455294117647059
45.5,-75.0,4.1,25,11.443600000000002
45.5,-74.5,4.4,50,12.405
45.5,-74.0,3.9,18,12.334166666666667
45.5,-73.5,3.3,17,11.211882352941176
45.5,-73.0,2.64,4,10.8125
45.5,-72.5,2.9,2,11.5
45.5,-71.5,2.59,4,10.6
45.5,-71.0,2.3,4,7.989
45.5,-70.5,2.2,1,5.0
45.5,-70.0,2.3,4,5.1325
45.5,-69.5,1.6,3,4.883333333333334
45.5,-69.0,2.1,16,3.5018124999999998
45.5,-68.5,2.7,1,9.2
45.5,-68.0,3.6,8,5.76
45.5,-67.5,3.3,57,2.2182456140350877
45.5,-67.0,2.43,2,3.93
45.5,-66.5,3.4,12,5.332666666666667
45.5,-66.0,2.9,6,4.5
45.5,-65.5,2.2,2,6.035
45.5,-56.0,3.9,1,10.0
45.5,-28.5,4.1,1,10.0
45.5,-28.0,4.9,21,10.361904761904762
45.5,-27.5,5.2,3,10.0
45.5,-25.5,4.8,2,10.0
45.5,-7.0,2.1,1,10.0
45.5,-4.5,3.0,1,17.0
45.5,-4.0,2.9,4,10.0
45.5,-3.5,3.1,1,5.0
45.5,-2.5,2.5,1,10.0
45.5,-2.0,3.3,3,8.333333333333334
45.5,-1.5,2.9,1,17.0
45.5,-1.0,3.0,7,5.0
45.5,-0.5,4.5,11,8.481818181818182
45.5,-0.0,3.2,11,7.284545454545454
45.5,0.5,4.1,15,6.466666666666667
45.5,1.0,2.7,14,6.171428571428572
45.5,1.5,2.0,1,5.0
45.5,2.0,2.7,5,3.6
45.5,2.5,2.7,44,5.840909090909091
45.5,3.0,3.2,52,6.0
45.5,3.5,3.4,50,7.52
45.5,4.0,2.6,18,5.888888888888889
45.5,4.5,3.1,7,6.642857142857143
45.5,5.0,3.5,17,5.017647058823529
45.5,5.5,4.0,46,5.932608695652173
45.5,6.0,3.5,89,5.310112359550562
45.5,6.5,4.5,248,4.963266129032259
45.5,7.0,3.7,157,5.067515923566879
45.5,7.5,3.5,74,8.81891891891892
45.5,8.0,3.3,18,5.827777777777778
45.5,9.0,4.1,7,12.914285714285715
45.5,9.5,4.5,18,13.790555555555555
45.5,10.0,4.9,18,8.866666666666667
45.5,10.5,5.1,35,8.168571428571427
45.5,11.0,4.2,20,8.97
45.5,11.5,4.1,15,9.96
45.5,12.0,4.1,6,10.0
45.5,12.5,3.7,9,9.444444444444445
45.5,13.0,3.1,21,11.79047619047619
45.5,13.5,3.2,16,10.0
45.5,14.0,5.2,72,10.154166666666667
45.5,14.5,4.5,174,9.782758620689656
45.5,15.0,5.1,77,9.418181818181818
45.5,15.5,3.5,94,9.414893617021276
45.5,16.0,4.9,77,11.28522077922078
45.5,16.5,6.4,26,9.777307692307692
45.5,17.0,3.4,5,9.0
45.5,17.5,4.9,3,14.566666666666668
45.5,18.0,3.7,3,9.0
45.5,18.5,4.4,5,10.0
45.5,20.5,3.3,3,11.633333333333333
45.5,21.0,5.6,54,14.442592592592591
45.5,21.5,4.5,4,15.75
45.5,22.5,4.2,1,20.9
45.5,23.0,4.6,4,8.05
45.5,24.0,4.3,1,27.16
45.5,24.5,2.5,1,10.0
45.5,25.0,3.8,2,19.85
45.5,25.5,4.7,4,29.55
45.5,26.0,5.4,21,123.00666666666666
45.5,26.5,5.6,346,127.57850867052022
45.5,27.0,4.9,43,67.26509302325582
45.5,27.5,4.1,4,19.95
45.5,28.0,4.4,8,7.64375
45.5,31.0,4.9,4,15.75
45.5,37.5,4.0,1,35.0
45.5,39.0,3.8,1,33.0
45.5,55.5,3.3,1,33.0
45.5,80.0,4.4,1,15.06
45.5,80.5,3.5,1,33.0
45.5,81.0,4.7,2,31.0
45.5,81.5,4.0,1,51.372
45.5,82.0,4.3,1,10.0
45.5,82.5,4.9,3,22.0
45.5,84.5,4.5,1,35.0
45.5,85.0,4.6,2,23.445
45.5,90.0,4.9,1,10.0
45.5,91.5,4.8,1,10.0
45.5,92.5,4.1,1,33.0
45.5,93.0,4.5,1,10.0
45.5,93.5,3.7,1,10.0
45.5,96.0,4.5,1,10.0
45.5,97.0,3.9,1,33.0
45.5,97.5,5.8,6,21.616666666666664
45.5,98.0,4.2,1,10.0
45.5,98.5,5.3,4,20.8
45.5,99.0,4.9,2,19.4
45.5,100.5,4.1,1,33.0
45.5,101.0,4.3,1,28.2
45.5,101.5,4.9,1,10.0
45.5,104.5,4.8,2,33.0
45.5,106.5,4.3,1,10.0
45.5,118.5,5.5,1,18.8
45.5,124.5,4.9,4,10.205
45.5,125.5,4.7,1,10.0
45.5,136.5,5.9,1,355.5
45.5,137.0,5.2,7,350.7242857142857
45.5,137.5,4.2,2,330.9
45.5,140.0,4.0,1,33.0
45.5,141.0,4.2,2,282.175
45.5,141.5,3.8,3,272.5
45.5,142.0,5.6,21,246.19
45.5,142.5,6.0,19,262.74105263157895
45.5,143.0,4.4,9,307.8522222222222
45.5,143.5,4.2,5,298.4246
45.5,144.0,4.1,2,146.65
45.5,144.5,4.5,1,272.62
45.5,145.0,4.8,1,33.0
45.5,145.5,4.7,3,103.66666666666667
45.5,146.0,4.9,5,90.42
45.5,146.5,5.0,4,43.425
45.5,147.0,5.2,14,87.62071428571429
45.5,147.5,4.8,14,151.8422857142857
45.5,148.0,5.2,24,124.53141666666666
45.5,148.5,6.3,26,114.57457692307692
45.5,149.0,7.0,20,99.7235
45.5,149.5,6.0,22,100.52995454545454
45.5,150.0,7.2,83,71.02203614457831
45.5,150.5,5.8,58,53.474620689655175
45.5,151.0,7.6,125,39.659743999999996
45.5,151.5,6.6,176,35.37294886363637
45.5,152.0,5.7,73,29.30931506849315
45.5,152.5,4.8,8,35.0525
45.5,153.0,5.1,7,23.442857142857143
45.5,153.5,5.5,9,21.737777777777776
45.5,154.0,5.8,51,18.38098039215686
45.5,154.5,4.7,5,14.6
45.5,155.0,4.3,1,10.0
46.0,-130.0,4.2,3,10.0
46.0,-129.5,4.7,5,10.0
46.0,-129.0,3.5,2,10.0
46.0,-127.0,2.65,2,6.637
46.0,-126.5,2.8,3,6.657333333333334
46.0,-126.0,3.03,3,4.628
46.0,-124.5,2.9,4,27.747999999999998
46.0,-124.0,3.55,12,15.768583333333334
46.0,-123.5,3.38,47,21.56563829787234
46.0,-123.0,3.0,357,19.162165268243527
46.0,-122.5,3.8,2066,12.997437560595708
46.0,-122.0,3.9,16909,0.4467252942203199
46.0,-121.5,2.3,32,3.1000625
46.0,-121.0,2.9,45,5.140133333333334
46.0,-120.5,4.2,221,12.873488687782807
46.0,-120.0,3.1,115,10.444504347826086
46.0,-119.5,3.9,240,8.236837499284745
46.0,-119.0,3.3,54,11.896814814814816
46.0,-118.5,4.3,66,8.325575757575757
46.0,-118.0,2.9,31,9.427677419354838
46.0,-117.5,2.3,1,-0.621
46.0,-117.0,2.9,3,3.168333333333333
46.0,-116.5,2.9,3,1.5486666666666666
46.0,-116.0,4.1,8,6.64375
46.0,-115.5,3.8,1,5.0
46.0,-115.0,2.1,3,6.2
46.0,-114.5,2.06,6,5.691666666666666
46.0,-114.0,1.92,7,7.702857142857143
46.0,-113.5,2.24,16,8.85375
46.0,-113.0,1.2,4,4.6775
46.0,-112.5,3.2,36,6.703055555555555
46.0,-112.0,3.5,217,7.767350230414747
46.0,-111.5,4.2,1519,5.892767610269914
46.0,-111.0,4.0,100,7.59997
46.0,-110.5,3.7,29,10.633793103448276
46.0,-110.0,1.95,1,16.9
46.0,-109.5,1.48,1,14.27
46.0,-109.0,1.8,1,1.6
46.0,-108.5,2.2,1,13.6
46.0,-106.5,3.6,1,5.0
46.0,-106.0,3.1,1,8.41
46.0,-104.5,2.6,1,7.9
46.0,-97.0,3.7,1,5.0
46.0,-95.5,2.5,1,5.0
46.0,-77.5,3.5,1,18.0
46.0,-77.0,3.25,7,14.084285714285715
46.0,-76.5,5.06,9,14.683333333333334
46.0,-76.0,3.02,7,13.17
46.0,-75.5,5.35,59,14.097762711864407
46.0,-75.0,4.0,63,11.197396825396826
46.0,-74.5,4.5,23,12.67478260869565
46.0,-74.0,2.78,8,13.49925
46.0,-73.5,3.93,17,11.246764705882352
46.0,-73.0,2.63,3,8.593333333333334
46.0,-72.5,3.5,3,9.333333333333334
46.0,-71.5,2.1,1,21.46
46.0,-69.0,1.8,6,4.597333333333333
46.0,-68.5,1.9,1,5.0
46.0,-68.0,2.4,2,8.128
46.0,-66.5,3.6,8,5.845
46.0,-66.0,2.8,13,4.076923076923077
46.0,-65.5,2.2,4,8.205
46.0,-29.0,3.9,1,10.0
46.0,-28.0,4.5,3,10.0
46.0,-27.5,4.8,14,10.0
46.0,-27.0,4.6,1,10.0
46.0,-5.5,3.3,2,10.0
46.0,-4.0,2.6,1,3.0
46.0,-3.0,3.1,6,8.266666666666667
46.0,-2.5,3.1,1,10.0
46.0,-2.0,3.7,7,6.285714285714286
46.0,-1.5,5.2,34,5.405882352941177
46.0,-1.0,3.9,15,7.086666666666667
46.0,-0.5,4.8,17,6.847058823529412
46.0,-0.0,4.3,35,7.605714285714285
46.0,0.5,3.5,9,7.822222222222223
46.0,1.0,3.0,10,3.6
46.0,1.5,2.9,12,6.675
46.0,2.0,2.8,21,8.742857142857142
46.0,2.5,4.2,72,6.966527777777777
46.0,3.0,3.8,434,7.098617511520738
46.0,3.5,2.7,21,6.938095238095237
46.0,4.0,2.2,6,8.0
46.0,4.5,3.5,20,7.35
46.0,5.0,3.3,4,9.1
46.0,5.5,4.1,32,5.45625
46.0,6.0,4.5,86,5.655813953488372
46.0,6.5,4.5,58,5.4879310344827585
46.0,7.0,4.6,210,4.436333333333334
46.0,7.5,4.1,140,5.393571428571429
46.0,8.0,3.3,69,6.3
46.0,8.5,4.4,9,9.68888888888889
46.0,9.0,3.8,4,10.0
46.0,9.5,2.8,2,10.0
46.0,10.0,3.3,17,8.529411764705882
46.0,10.5,3.6,68,9.786764705882353
46.0,11.0,4.3,56,9.354285714285714
46.0,11.5,3.5,24,8.4375
46.0,12.0,3.6,28,8.296428571428573
46.0,12.5,4.5,64,9.5609375
46.0,13.0,4.5,29,9.662068965517241
46.0,13.5,5.6,190,9.528105263157894
46.0,14.0,4.7,147,9.73877551020408
46.0,14.5,4.0,228,9.86548245614035
46.0,15.0,4.4,537,9.85828677839851
46.0,15.5,4.3,198,9.642222222222223
46.0,16.0,5.3,198,9.698232323232324
46.0,16.5,4.9,38,10.581578947368422
46.0,17.0,3.9,17,9.923529411764704
46.0,17.5,2.7,2,10.0
46.0,18.0,3.8,1,10.0
46.0,20.5,3.6,1,19.0
46.0,21.0,3.4,2,11.1
46.0,21.5,4.7,6,11.842
46.0,26.5,7.0,45,104.72973333333333
46.0,27.0,5.6,40,69.62
46.0,27.5,4.9,5,14.76
46.0,28.0,3.2,1,15.0
46.0,53.0,3.8,1,10.0
46.0,53.5,4.1,2,11.535
46.0,79.0,4.4,1,15.7
46.0,81.5,4.3,3,22.093333333333334
46.0,82.0,4.6,1,36.86
46.0,82.5,4.2,2,23.39
46.0,83.0,4.9,3,29.766666666666666
46.0,83.5,3.8,1,18.9
46.0,85.5,4.1,1,33.0
46.0,90.5,4.2,1,33.0
46.0,94.0,5.5,9,17.86777777777778
46.0,95.5,3.5,1,10.0
46.0,96.0,3.9,1,33.0
46.0,96.5,4.9,13,20.323076923076922
46.0,98.5,4.2,2,21.5
46.0,103.5,4.1,1,14.3
46.0,106.5,4.5,1,6.6
46.0,107.0,4.8,1,10.0
46.0,115.0,4.0,1,10.0
46.0,130.5,4.8,1,14.97
46.0,136.0,5.5,1,416.0
46.0,137.0,3.4,1,392.6
46.0,138.5,5.9,4,20.55
46.0,141.0,4.3,2,120.0
46.0,141.5,5.1,2,169.92000000000002
46.0,142.0,5.9,14,187.89285714285714
46.0,142.5,5.7,24,322.43958333333336
46.0,143.0,5.6,49,318.4807551020408
46.0,143.5,5.7,21,325.36533333333335
46.0,144.0,4.3,2,335.96000000000004
46.0,144.5,4.5,2,173.75
46.0,145.0,4.6,2,157.5
46.0,145.5,4.8,1,33.0
46.0,146.0,4.7,3,116.32
46.0,147.0,4.8,5,136.706
46.0,147.5,4.5,5,59.82000000000001
46.0,148.0,4.1,4,80.05
46.0,148.5,4.5,6,126.18866666666666
46.0,149.0,5.6,32,137.74865625
46.0,149.5,5.1,37,117.43540540540539
46.0,150.0,6.2,31,106.42838709677419
46.0,150.5,5.8,41,100.0280487804878
46.0,151.0,7.2,43,75.83448837209302
46.0,151.5,6.9,63,46.55265079365079
46.0,152.0,5.5,58,42.008620689655174
46.0,152.5,5.8,37,29.37027027027027
46.0,153.0,6.0,133,23.149984962406013
46.0,153.5,5.9,42,18.90952380952381
46.0,154.0,6.1,56,16.003392857142856
46.0,154.5,8.1,105,12.984761904761905
46.0,155.0,4.7,16,11.5625
46.0,155.5,3.7,1,10.0
46.0,156.0,4.6,1,10.0
46.5,-129.5,3.8,1,10.0
46.5,-127.0,2.59,1,6.638
46.5,-124.5,2.39,7,35.08385714285714
46.5,-124.0,2.7,18,26.652611111111113
46.5,-123.5,2.95,22,26.077727272727273
46.5,-123.0,3.0,101,20.770851485148516
46.5,-122.5,4.2,3224,14.802153535980148
46.5,-122.0,4.3,2471,7.257462970457304
46.5,-121.5,4.01,638,3.6593808777429464
46.5,-121.0,2.93,318,4.278867924528302
46.5,-120.5,3.5,261,9.131363984710868
46.5,-120.0,3.0,625,7.109264
46.5,-119.5,3.7,2488,2.538427652579795
46.5,-119.0,2.7,127,6.832842519685039
46.5,-118.5,2.4,14,10.092785714285714
46.5,-118.0,3.4,29,8.203620689655173
46.5,-117.5,2.3,3,2.8506666666666667
46.5,-117.0,3.8,9,6.326444444444444
46.5,-116.5,2.9,14,4.836785714285715
46.5,-116.0,2.5,9,1.0877777777777777
46.5,-115.5,3.2,3,7.1433333333333335
46.5,-115.0,2.16,5,5.401999999999999
46.5,-114.5,2.1,4,9.0075
46.5,-114.0,2.27,13,8.550923076923077
46.5,-113.5,4.0,98,4.6269387755102045
46.5,-113.0,3.1,66,6.530151515151515
46.5,-112.5,3.81,208,10.38748076923077
46.5,-112.0,3.67,122,6.922893442622951
46.5,-111.5,4.1,152,6.381184210526316
46.5,-111.0,3.9,31,5.4238709677419354
46.5,-110.5,1.89,5,7.88
46.5,-109.5,1.8,1,2.0
46.5,-108.0,3.6,1,10.0
46.5,-107.0,2.4,1,21.3
46.5,-81.0,4.1,15,3.7766666666666664
46.5,-79.0,3.5,1,18.0
46.5,-77.5,3.6,1,18.0
46.5,-77.0,3.9,2,18.0
46.5,-76.5,3.06,1,12.88
46.5,-76.0,3.2,4,13.475
46.5,-75.5,4.6,12,15.299166666666666
46.5,-75.0,3.9,19,13.094736842105263
46.5,-74.5,2.75,3,11.333333333333334
46.5,-74.0,2.5,3,14.483333333333334
46.5,-73.5,3.4,2,12.379999999999999
46.5,-73.0,1.9,1,11.242
46.5,-72.5,2.97,8,13.64375
46.5,-72.0,2.5,2,19.55
46.5,-71.5,3.51,1,18.0
46.5,-71.0,1.7,1,20.84
46.5,-70.5,1.9,1,17.36
46.5,-69.0,2.7,1,5.0
46.5,-68.0,2.5,4,4.77
46.5,-67.5,3.6,1,5.0
46.5,-67.0,2.8,8,6.91275
46.5,-66.5,3.6,2,7.125
46.5,-66.0,3.3,10,5.2
46.5,-65.5,2.7,2,5.0
46.5,-27.5,5.5,39,10.292307692307691
46.5,-27.0,5.4,3,10.0
46.5,-5.0,3.6,2,10.0
46.5,-4.5,3.6,3,13.333333333333334
46.5,-4.0,2.5,1,10.0
46.5,-3.5,2.7,3,5.0
46.5,-3.0,3.2,6,11.216666666666667
46.5,-2.5,2.9,3,4.333333333333333
46.5,-2.0,3.3,19,6.578947368421052
46.5,-1.5,3.7,13,4.615384615384615
46.5,-1.0,5.0,37,7.297297297297297
46.5,-0.5,2.9,12,7.083333333333333
46.5,-0.0,3.4,28,7.239285714285714
46.5,0.5,4.0,29,5.5793103448275865
46.5,1.0,3.7,34,6.547058823529412
46.5,1.5,3.8,78,6.782051282051282
46.5,2.0,3.6,92,8.40108695652174
46.5,2.5,3.1,114,9.477192982456142
46.5,3.0,3.0,59,9.80677966101695
46.5,3.5,2.5,32,10.809375
46.5,4.0,3.1,6,11.0
46.5,4.5,2.9,18,9.744444444444445
46.5,5.0,2.2,3,5.333333333333333
46.5,5.5,3.1,18,7.75
46.5,6.0,2.9,14,7.142857142857143
46.5,6.5,4.4,34,6.517647058823529
46.5,7.0,4.1,101,6.244455445544555
46.5,7.5,4.4,175,5.6334228571428575
46.5,8.0,3.4,29,5.827586206896552
46.5,8.5,2.9,19,7.9263157894736835
46.5,9.0,3.2,16,7.5625
46.5,9.5,3.0,33,8.50909090909091
46.5,10.0,4.1,51,7.374509803921569
46.5,10.5,4.8,109,8.913761467889909
46.5,11.0,4.7,18,9.36111111111111
46.5,11.5,2.8,7,10.0
46.5,12.0,3.9,10,9.5
46.5,12.5,4.3,116,9.541379310344826
46.5,13.0,4.7,140,8.37107142857143
46.5,13.5,5.2,193,8.535751295336787
46.5,14.0,3.0,49,9.081632653061224
46.5,14.5,4.2,79,9.649367088607594
46.5,15.0,3.9,271,9.719926199261993
46.5,15.5,2.7,26,10.042307692307693
46.5,16.0,3.5,13,8.846153846153847
46.5,16.5,3.8,6,10.0
46.5,17.0,4.0,4,9.95
46.5,17.5,4.5,3,10.0
46.5,20.0,1.8,1,10.0
46.5,20.5,2.2,1,5.0
46.5,23.0,3.1,2,19.4
46.5,27.0,3.4,1,33.0
46.5,28.0,3.7,2,16.5
46.5,32.0,3.6,1,33.0
46.5,37.0,4.2,1,33.0
46.5,42.0,4.6,1,10.0
46.5,53.5,4.1,1,12.46
46.5,84.5,5.0,1,10.7
46.5,86.0,3.9,1,30.7
46.5,86.5,4.3,1,17.74
46.5,90.0,5.0,1,16.8
46.5,91.0,4.0,1,33.0
46.5,93.5,4.8,1,21.0
46.5,94.5,4.0,1,16.2
46.5,95.5,4.0,1,10.0
46.5,96.0,4.7,1,19.7
46.5,97.0,4.7,2,13.45
46.5,98.0,4.7,1,10.0
46.5,106.5,5.6,1,33.0
46.5,115.0,4.6,1,10.0
46.5,129.5,4.5,1,10.0
46.5,131.5,4.5,1,37.7
46.5,136.0,4.2,2,432.53
46.5,136.5,4.2,1,10.0
46.5,141.0,4.5,2,12.455
46.5,141.5,5.8,7,11.485714285714286
46.5,142.0,5.6,11,11.6
46.5,142.5,4.4,2,166.6
46.5,143.0,5.2,3,350.6333333333334
46.5,143.5,4.2,2,292.85
46.5,144.0,4.1,2,370.87
46.5,144.5,5.3,8,357.6375
46.5,145.0,4.7,2,205.16500000000002
46.5,145.5,4.5,3,246.03333333333333
46.5,146.0,5.5,7,306.3071428571429
46.5,146.5,4.3,3,221.83333333333334
46.5,147.0,4.8,4,307.435
46.5,147.5,4.6,2,280.805
46.5,148.0,4.5,2,261.65
46.5,148.5,4.5,4,37.027499999999996
46.5,149.0,4.7,5,64.2448
46.5,149.5,5.3,19,132.244
46.5,150.0,5.5,39,137.41653846153847
46.5,150.5,5.1,30,87.23376666666667
46.5,151.0,5.8,36,87.68111111111111
46.5,151.5,5.5,25,77.37716
46.5,152.0,5.3,33,65.14227272727273
46.5,152.5,6.1,131,45.56013740458015
46.5,153.0,6.6,267,24.55751310861423
46.5,153.5,8.3,158,19.351772151898732
46.5,154.0,5.3,30,21.163333333333334
46.5,154.5,6.7,69,12.612173913043478
46.5,155.0,5.5,86,12.619302325581396
46.5,155.5,6.4,77,11.846103896103896
46.5,156.0,4.7,22,13.409090909090908
46.5,156.5,5.2,10,10.0
47.0,-129.0,5.2,1,10.0
47.0,-125.5,1.1,1,9.439
47.0,-125.0,1.9,2,42.0195
47.0,-124.5,2.7,5,37.6452
47.0,-124.0,3.5,69,25.55963768115942
47.0,-123.5,5.8,64,28.50909375
47.0,-123.0,3.4,73,25.20860273972603
47.0,-122.5,6.8,216,19.76912037037037
47.0,-122.0,4.1,6181,5.2843211454499635
47.0,-121.5,4.5,1627,0.9077123540096952
47.0,-121.0,4.2,219,5.097634703196348
47.0,-120.5,3.7,307,7.514387622149837
47.0,-120.0,3.4,105,3.7939333333333334
47.0,-119.5,3.3,295,6.164186440677966
47.0,-119.0,3.0,79,3.393455696202532
47.0,-118.5,3.4,14,6.668714285714286
47.0,-118.0,2.1,4,6.45625
47.0,-117.5,2.7,8,6.9555
47.0,-117.0,2.8,11,2.2785454545454544
47.0,-116.5,2.7,7,1.0954285714285716
47.0,-116.0,3.4,7,2.2414285714285715
47.0,-115.5,1.4,1,1.1
47.0,-115.0,2.24,2,12.665
47.0,-114.5,3.0,48,11.914375
47.0,-114.0,3.2,102,8.980490196078431
47.0,-113.5,3.2,60,10.005333333333335
47.0,-113.0,3.8,338,11.1298550295858
47.0,-112.5,5.8,3309,11.757667875491085
47.0,-112.0,3.7,244,5.958811475409837
47.0,-111.5,3.6,25,9.23
47.0,-111.0,1.48,1,10.79
47.0,-110.5,3.0,3,5.626666666666666
47.0,-109.0,4.1,1,1.8
47.0,-107.5,2.8,2,9.55
47.0,-79.0,4.7,2,18.0
47.0,-77.0,4.1,1,18.0
47.0,-76.5,4.5,10,16.97
47.0,-76.0,4.1,3,17.213333333333335
47.0,-75.5,1.92,1,5.0
47.0,-75.0,3.0,2,13.75
47.0,-73.5,2.92,1,18.0
47.0,-72.5,2.0,1,15.55
47.0,-71.5,4.8,7,16.247714285714284
47.0,-71.0,3.4,12,16.323666666666664
47.0,-70.5,3.8,17,14.875294117647059
47.0,-70.0,1.6,1,16.22
47.0,-69.0,1.8,2,3.7
47.0,-68.5,3.86,2,9.405000000000001
47.0,-68.0,1.7,2,9.83
47.0,-67.5,1.7,1,5.0
47.0,-67.0,3.5,6,7.776666666666666
47.0,-66.5,4.0,49,5.513632653061225
47.0,-66.0,3.2,3,4.0
47.0,-65.5,3.1,3,6.666666666666667
47.0,-28.0,4.2,1,10.0
47.0,-27.5,5.9,21,9.776190476190477
47.0,-27.0,5.1,9,10.0
47.0,-23.0,4.2,2,10.0
47.0,-6.5,3.0,1,10.0
47.0,-6.0,3.0,1,10.0
47.0,-4.5,3.2,2,10.0
47.0,-4.0,3.4,4,11.075
47.0,-3.5,3.8,4,9.25
47.0,-3.0,3.2,15,6.8
47.0,-2.5,3.8,23,6.913043478260869
47.0,-2.0,4.3,35,5.811428571428571
47.0,-1.5,3.9,19,4.684210526315789
47.0,-1.0,3.7,30,5.733333333333333
47.0,-0.5,4.0,51,7.350980392156862
47.0,-0.0,3.0,29,7.386206896551724
47.0,0.5,4.2,35,4.94
47.0,1.0,3.8,21,4.395238095238095
47.0,1.5,3.2,29,8.575862068965517
47.0,2.0,2.7,10,8.9
47.0,2.5,2.7,11,7.909090909090909
47.0,3.0,3.0,11,9.272727272727273
47.0,3.5,2.5,6,7.333333333333333
47.0,4.0,2.3,10,7.2
47.0,4.5,2.4,13,6.923076923076923
47.0,5.0,3.4,9,12.088888888888889
47.0,5.5,4.1,30,5.333333333333333
47.0,6.0,3.9,44,5.572727272727272
47.0,6.5,3.0,63,6.987301587301587
47.0,7.0,4.7,119,6.716806722689075
47.0,7.5,3.8,47,7.163829787234042
47.0,8.0,4.2,13,9.615384615384615
47.0,8.5,4.5,29,9.36896551724138
47.0,9.0,4.4,48,7.1812499999999995
47.0,9.5,4.7,92,7.309141304347826
47.0,10.0,4.2,44,8.529545454545454
47.0,10.5,4.1,53,9.103207547169811
47.0,11.0,3.6,55,8.901818181818182
47.0,11.5,4.1,84,8.435714285714287
47.0,12.0,2.5,14,9.642857142857142
47.0,12.5,3.2,9,9.444444444444445
47.0,13.0,3.7,7,10.0
47.0,13.5,3.7,20,8.59
47.0,14.0,3.2,5,9.0
47.0,14.5,4.7,28,9.6
47.0,15.0,3.1,9,9.444444444444445
47.0,15.5,2.5,4,8.75
47.0,16.5,4.3,2,7.5
47.0,17.5,3.9,1,10.3
47.0,18.0,3.8,4,10.0
47.0,19.5,3.8,2,10.0
47.0,20.5,3.4,1,10.0
47.0,21.0,2.8,1,200.0
47.0,22.5,3.0,1,0.0
47.0,27.5,4.4,2,10.0
47.0,37.5,4.8,1,10.0
47.0,69.0,4.0,1,13.37
47.0,70.0,5.3,1,33.0
47.0,75.0,4.3,1,33.0
47.0,80.0,4.5,2,14.919
47.0,82.0,4.3,1,18.4
47.0,83.0,4.5,2,7.515
47.0,83.5,5.3,1,10.0
47.0,85.0,4.6,1,33.03
47.0,85.5,5.3,1,29.5
47.0,89.0,4.1,1,10.0
47.0,90.0,4.6,1,24.2
47.0,92.0,4.5,1,33.0
47.0,93.0,4.7,2,21.5
47.0,93.5,4.6,1,33.0
47.0,94.5,4.2,2,13.01
47.0,96.0,4.2,1,10.0
47.0,96.5,4.9,1,14.9
47.0,99.0,4.6,1,10.0
47.0,108.5,4.6,1,10.0
47.0,116.0,4.5,1,10.0
47.0,116.5,4.8,1,10.0
47.0,123.0,4.7,1,10.0
47.0,125.0,5.0,2,28.85
47.0,130.5,4.2,1,14.93
47.0,136.0,4.8,1,33.0
47.0,139.0,6.8,2,466.65
47.0,139.5,4.1,1,478.9
47.0,140.5,3.5,1,389.3
47.0,141.5,5.5,16,10.9875
47.0,142.0,6.2,20,15.605500000000001
47.0,142.5,4.9,11,9.772727272727273
47.0,143.0,4.6,1,33.0
47.0,143.5,4.3,3,338.46666666666664
47.0,144.0,4.4,4,391.225
47.0,144.5,6.1,10,393.14160000000004
47.0,145.0,4.7,12,351.3641666666667
47.0,145.5,5.8,12,376.16833333333335
47.0,146.0,4.5,3,355.5333333333333
47.0,146.5,5.5,14,362.2807142857143
47.0,147.0,5.3,12,337.9241666666667
47.0,147.5,4.7,2,320.29499999999996
47.0,148.0,3.9,2,312.65
47.0,148.5,5.9,2,235.65
47.0,149.0,4.2,1,200.0
47.0,149.5,4.7,3,148.26666666666665
47.0,150.0,4.5,7,181.44714285714286
47.0,150.5,5.0,34,179.6795588235294
47.0,151.0,5.4,32,150.8198125
47.0,151.5,6.4,16,106.475625
47.0,152.0,5.6,29,88.91482758620688
47.0,152.5,6.0,176,62.63675
47.0,153.0,5.1,213,48.037544600938965
47.0,153.5,5.7,74,29.320675675675677
47.0,154.0,6.1,137,28.207007299270074
47.0,154.5,5.7,30,20.673333333333336
47.0,155.0,7.4,115,11.951826086956522
47.0,155.5,5.6,202,13.553861386138614
47.0,156.0,5.1,59,12.746101694915254
47.0,156.5,6.0,14,9.528571428571428
47.0,157.0,4.3,1,10.0
47.5,-170.0,4.0,1,10.0
47.5,-129.0,4.6,24,10.496875000000001
47.5,-128.5,4.4,12,10.0
47.5,-128.0,4.3,2,10.0
47.5,-125.0,2.5,3,32.446000000000005
47.5,-124.5,2.9,30,23.681866666666668
47.5,-124.0,2.9,184,20.62438043478261
47.5,-123.5,4.07,202,24.62118811881188
47.5,-123.0,4.8,1242,19.433960547504025
47.5,-122.5,5.0,2761,19.900805867439335
47.5,-122.0,3.51,2323,16.015073611709
47.5,-121.5,4.3,547,17.613005484460697
47.5,-121.0,2.6,29,5.88996551724138
47.5,-120.5,3.5,763,2.4165203145478378
47.5,-120.0,3.7,1242,3.153352657004831
47.5,-119.5,3.2,28,7.617035714285714
47.5,-119.0,2.01,19,4.598368421052632
47.5,-118.5,2.6,9,2.8661111111111115
47.5,-118.0,2.4,9,6.961444444444444
47.5,-117.5,4.0,70,0.7914285714285714
47.5,-117.0,2.2,6,1.8333333333333333
47.5,-116.5,2.76,6,12.051666666666668
47.5,-116.0,4.1,194,1.890896907216495
47.5,-115.5,2.6,11,6.293727272727272
47.5,-115.0,3.0,22,8.090454545454547
47.5,-114.5,3.8,86,5.577674418604651
47.5,-114.0,3.7,396,11.557553030303032
47.5,-113.5,3.8,238,10.251176470588236
47.5,-113.0,4.0,272,16.79981617647059
47.5,-112.5,3.0,56,16.556785714285713
47.5,-112.0,1.5,4,8.1025
47.5,-111.0,1.16,1,4.91
47.5,-110.5,1.8,1,9.9
47.5,-108.5,2.7,2,17.134999999999998
47.5,-108.0,2.3,1,26.0
47.5,-104.5,2.6,1,7.8
47.5,-100.0,2.6,1,18.0
47.5,-79.5,2.9,1,10.0
47.5,-71.5,3.6,1,18.0
47.5,-71.0,4.2,1,10.0
47.5,-70.5,3.8,52,11.08380769230769
47.5,-70.0,4.8,104,13.530865384615385
47.5,-69.5,3.6,1,20.0
47.5,-68.0,3.5,4,14.75
47.5,-67.0,2.83,1,4.02
47.5,-66.5,2.8,4,5.0
47.5,-66.0,3.4,1,5.0
47.5,-65.5,1.7,1,5.0
47.5,-53.5,3.3,1,18.0
47.5,-48.0,4.3,2,14.0
47.5,-30.5,4.9,1,10.0
47.5,-28.0,4.7,4,10.0
47.5,-27.5,5.7,33,9.963333333333335
47.5,-27.0,4.7,3,10.0
47.5,-7.5,3.5,2,10.0
47.5,-5.0,3.2,1,10.0
47.5,-4.5,3.5,4,11.425
47.5,-4.0,3.6,11,12.236363636363636
47.5,-3.5,3.8,13,10.484615384615385
47.5,-3.0,4.5,35,6.3428571428571425
47.5,-2.5,4.6,22,5.863636363636363
47.5,-2.0,3.8,27,6.803703703703703
47.5,-1.5,3.1,29,6.482758620689655
47.5,-1.0,3.5,31,6.441935483870967
47.5,-0.5,3.5,20,6.1
47.5,-0.0,4.2,11,6.845454545454545
47.5,0.5,3.6,17,5.335294117647059
47.5,1.0,3.4,6,5.5
47.5,1.5,2.4,2,2.5
47.5,2.0,3.8,1,17.5
47.5,2.5,2.7,7,6.814285714285715
47.5,3.0,2.2,2,6.5
47.5,3.5,2.7,4,4.75
47.5,4.0,2.3,1,10.0
47.5,4.5,2.8,3,6.666666666666667
47.5,5.0,2.7,12,8.25
47.5,5.5,3.7,16,9.5125
47.5,6.0,3.2,42,8.0
47.5,6.5,4.4,41,8.975609756097562
47.5,7.0,4.4,89,6.57561797752809
47.5,7.5,4.2,134,8.817962686567164
47.5,8.0,4.4,55,9.607272727272727
47.5,8.5,4.2,26,13.234615384615385
47.5,9.0,4.2,35,11.154285714285713
47.5,9.5,4.4,34,9.68235294117647
47.5,10.0,4.2,26,9.319230769230769
47.5,10.5,4.6,26,8.984615384615385
47.5,11.0,3.5,45,9.54888888888889
47.5,11.5,4.0,110,8.966363636363637
47.5,12.0,4.0,63,9.22063492063492
47.5,12.5,3.8,14,8.928571428571429
47.5,13.0,3.8,34,8.797058823529412
47.5,13.5,3.9,41,9.548780487804878
47.5,14.0,4.1,19,8.421052631578947
47.5,14.5,4.3,19,8.947368421052632
47.5,15.0,4.4,27,9.62962962962963
47.5,15.5,4.2,14,9.535714285714286
47.5,16.0,4.6,32,9.06540625
47.5,16.5,3.2,5,8.040000000000001
47.5,17.0,4.1,4,9.9
47.5,17.5,3.2,8,6.725
47.5,18.0,3.4,6,8.883333333333333
47.5,18.5,4.3,3,14.299999999999999
47.5,19.0,3.1,2,10.0
47.5,19.5,2.5,2,16.85
47.5,20.0,4.4,8,9.125
47.5,20.5,2.6,1,10.0
47.5,21.0,3.2,2,10.0
47.5,24.0,3.1,1,57.8
47.5,25.0,3.7,1,10.0
47.5,26.0,4.4,1,6.0
47.5,26.5,4.1,1,4.7
47.5,81.0,4.5,2,17.05
47.5,81.5,3.1,1,10.0
47.5,82.5,4.8,5,24.124000000000002
47.5,83.0,5.2,3,33.0
47.5,85.0,5.1,5,29.718
47.5,85.5,4.8,1,24.2
47.5,86.5,4.5,1,10.0
47.5,87.0,4.7,1,10.0
47.5,87.5,4.1,1,10.0
47.5,89.0,4.7,1,10.1
47.5,89.5,4.8,7,22.32857142857143
47.5,90.5,4.4,1,10.0
47.5,96.5,3.3,1,10.0
47.5,102.5,4.3,1,10.0
47.5,116.0,4.2,1,10.0
47.5,117.0,4.3,2,21.5
47.5,123.5,4.3,1,10.0
47.5,139.0,5.6,3,489.26666666666665
47.5,142.0,4.9,2,13.1
47.5,142.5,5.2,8,9.875
47.5,143.0,4.7,2,10.0
47.5,144.0,4.8,1,35.0
47.5,144.5,4.2,1,420.744
47.5,145.0,4.6,2,432.5
47.5,145.5,5.3,4,408.85
47.5,146.0,4.6,5,405.98400000000004
47.5,146.5,4.7,5,338.4468
47.5,147.0,5.8,29,408.59210344827585
47.5,147.5,4.8,24,383.41375
47.5,148.0,4.9,7,366.70714285714286
47.5,148.5,4.5,1,33.0
47.5,149.0,4.3,4,296.475
47.5,149.5,5.3,3,176.78333333333333
47.5,150.0,5.4,5,157.54000000000002
47.5,150.5,4.4,3,131.16666666666666
47.5,151.0,4.5,11,133.2027272727273
47.5,151.5,5.7,19,134.31684210526316
47.5,152.0,5.1,31,106.47187096774194
47.5,152.5,6.0,53,98.98554716981133
47.5,153.0,5.3,76,62.9678947368421
47.5,153.5,5.5,54,49.66788888888888
47.5,154.0,5.9,112,29.964928571428572
47.5,154.5,5.7,53,23.454150943396225
47.5,155.0,6.0,36,16.066666666666666
47.5,155.5,5.8,53,16.18358490566038
47.5,156.0,4.9,29,12.073793103448276
47.5,156.5,4.5,12,14.0
47.5,157.0,4.2,1,10.0
47.5,161.0,4.5,1,71.5
48.0,-129.5,3.4,3,9.893333333333333
48.0,-129.0,5.0,52,10.08123076923077
48.0,-128.5,5.6,37,10.0
48.0,-128.0,4.5,8,9.8225
48.0,-127.5,3.7,2,10.0
48.0,-126.0,3.0,2,7.3845
48.0,-125.5,2.11,3,16.293
48.0,-125.0,2.6,46,15.216717391304348
48.0,-124.5,3.49,271,16.656206642066422
48.0,-124.0,3.1,131,15.445297709923665
48.0,-123.5,2.84,119,24.36095798319328
48.0,-123.0,3.71,1107,21.759837398373982
48.0,-122.5,4.67,1360,19.0803625
48.0,-122.0,5.4,2004,10.807632734530937
48.0,-121.5,3.4,1025,7.802807804878048
48.0,-121.0,3.4,183,5.218437158469945
48.0,-120.5,4.27,135,4.572237037037037
48.0,-120.0,3.9,286,4.349706293706294
48.0,-119.5,3.48,100,3.77974
48.0,-119.0,2.8,45,2.507222222222222
48.0,-118.5,2.3,22,2.8350454545454546
48.0,-118.0,2.7,41,2.157512195121951
48.0,-117.5,2.81,31,2.2768709677419356
48.0,-117.0,3.3,6,8.389999999999999
48.0,-116.5,3.9,53,6.8254716981132075
48.0,-116.0,3.7,4,5.1425
48.0,-115.5,3.4,47,6.388297872340425
48.0,-115.0,4.7,178,6.097578651685393
48.0,-114.5,4.1,111,5.839477477477478
48.0,-114.0,3.6,274,7.08
48.0,-113.5,4.1,71,7.97225352112676
48.0,-113.0,3.6,22,11.891181818181819
48.0,-112.0,2.33,2,6.625
48.0,-111.5,1.6,1,7.3
48.0,-111.0,2.1,1,5.0
48.0,-109.0,3.0,1,10.0
48.0,-108.5,2.26,1,3.59
48.0,-108.0,2.7,2,16.6
48.0,-103.5,3.3,1,5.0
48.0,-80.0,2.5,3,4.0
48.0,-71.0,2.8,1,16.73
48.0,-70.0,4.4,17,14.134705882352941
48.0,-69.5,4.9,5,16.8292
48.0,-65.5,2.8,1,5.0
48.0,-28.0,5.7,16,10.11
48.0,-27.5,5.0,13,10.0
48.0,-27.0,4.7,1,10.0
48.0,-6.0,3.4,1,2.0
48.0,-5.5,2.8,1,10.0
48.0,-5.0,3.4,1,2.0
48.0,-4.5,3.2,9,9.0
48.0,-4.0,3.8,22,9.136363636363637
48.0,-3.5,3.9,34,9.658823529411764
48.0,-3.0,4.2,39,5.910256410256411
48.0,-2.5,3.3,43,4.976744186046512
48.0,-2.0,3.1,18,8.0
48.0,-1.5,3.6,22,7.651818181818182
48.0,-1.0,3.7,15,6.733333333333333
48.0,-0.5,2.8,13,5.461538461538462
48.0,-0.0,3.5,5,9.64
48.0,1.5,2.6,4,7.5
48.0,2.0,3.3,2,6.0
48.0,4.0,2.6,4,6.25
48.0,4.5,2.3,1,10.0
48.0,5.0,2.1,1,5.0
48.0,5.5,3.2,19,9.447368421052632
48.0,6.0,2.9,11,10.209090909090909
48.0,6.5,3.5,53,10.264150943396226
48.0,7.0,3.3,49,6.522448979591837
48.0,7.5,3.7,173,7.9585549132947975
48.0,8.0,4.8,93,9.126881720430108
48.0,8.5,3.6,18,8.622222222222222
48.0,9.0,4.7,35,9.854285714285714
48.0,9.5,3.9,37,12.402702702702703
48.0,10.0,2.7,8,15.5
48.0,10.5,1.9,1,10.0
48.0,11.5,2.7,2,7.5
48.0,12.5,2.5,1,10.0
48.0,13.0,3.8,9,7.222222222222222
48.0,13.5,3.8,1,10.0
48.0,14.0,3.7,7,6.971428571428571
48.0,14.5,3.5,5,9.0
48.0,15.0,3.2,8,9.375
48.0,15.5,3.3,10,8.5
48.0,16.0,5.1,17,9.049411764705882
48.0,16.5,5.3,36,9.892222222222223
48.0,17.0,3.5,3,8.333333333333334
48.0,17.5,3.1,7,8.571428571428571
48.0,18.0,3.0,4,10.0
48.0,19.0,4.1,2,8.1
48.0,19.5,4.0,5,7.5200000000000005
48.0,20.0,2.9,2,10.0
48.0,20.5,3.0,1,10.0
48.0,21.0,3.4,1,10.0
48.0,22.5,4.8,1,10.0
48.0,23.0,4.1,2,21.5
48.0,23.5,4.0,1,4.6
48.0,27.0,3.6,1,33.0
48.0,33.5,4.5,2,29.349999999999998
48.0,67.5,4.7,4,25.425
48.0,80.5,4.5,1,14.88
48.0,82.0,4.7,2,21.5
48.0,82.5,4.6,1,33.0
48.0,84.5,3.8,1,33.0
48.0,85.0,6.6,5,38.96
48.0,85.5,4.7,1,38.736
48.0,86.0,4.9,1,40.3
48.0,86.5,4.4,2,21.5
48.0,95.5,3.7,1,24.7
48.0,97.5,4.6,1,33.0
48.0,103.0,4.0,1,10.0
48.0,103.5,4.2,1,42.7
48.0,105.5,4.3,1,10.0
48.0,117.0,4.4,1,33.0
48.0,117.5,4.2,1,10.0
48.0,130.5,4.6,2,21.5
48.0,141.5,4.2,1,10.0
48.0,142.5,4.5,1,33.0
48.0,144.5,6.2,2,475.177
48.0,145.0,5.3,3,315.7633333333333
48.0,145.5,4.6,7,477.24142857142857
48.0,146.0,7.3,25,456.42839999999995
48.0,146.5,6.0,23,460.05608695652177
48.0,147.0,5.6,38,419.5215789473684
48.0,147.5,5.6,20,405.65815000000003
48.0,148.0,4.5,13,368.3861538461539
48.0,148.5,5.4,17,380.01
48.0,149.0,4.3,5,365.428
48.0,150.0,4.2,3,132.20000000000002
48.0,150.5,3.9,1,389.8
48.0,151.0,4.5,1,232.094
48.0,151.5,4.4,3,139.63333333333333
48.0,152.0,4.5,9,125.08888888888889
48.0,152.5,6.0,37,132.90927027027027
48.0,153.0,5.6,54,115.6127037037037
48.0,153.5,4.8,22,75.03459090909091
48.0,154.0,5.2,49,53.37412244897959
48.0,154.5,5.3,62,34.2543064516129
48.0,155.0,5.9,72,26.619166666666665
48.0,155.5,5.5,11,28.3
48.0,156.0,4.6,9,20.302222222222223
48.0,156.5,5.2,8,24.1875
48.0,157.0,4.4,4,15.75
48.5,-140.5,4.5,1,16.54
48.5,-129.5,3.8,1,10.0
48.5,-129.0,6.1,31,10.0
48.5,-128.5,6.0,56,10.0
48.5,-128.0,4.5,4,10.0
48.5,-127.0,2.69,1,4.935
48.5,-126.0,4.0,8,17.624875
48.5,-125.5,3.3,31,11.900483870967742
48.5,-125.0,4.5,129,14.535007751937986
48.5,-124.5,3.9,69,24.75049275362319
48.5,-124.0,2.6,20,26.6629
48.5,-123.5,4.79,381,22.935475065616796
48.5,-123.0,4.1,903,20.311602436323366
48.5,-122.5,3.8,815,14.603579141946804
48.5,-122.0,3.6,1578,7.238777566539923
48.5,-121.5,3.1,355,4.758929577464789
48.5,-121.0,2.3,36,7.551583333333334
48.5,-120.5,3.2,70,4.326657142857143
48.5,-120.0,4.6,93,2.7663655913978493
48.5,-119.5,4.6,118,2.366440677966102
48.5,-119.0,4.15,31,3.4677741935483875
48.5,-118.5,2.17,35,5.219571428571428
48.5,-118.0,2.3,9,5.843333333333334
48.5,-117.5,2.6,5,5.4302
48.5,-117.0,1.8,3,-0.474
48.5,-116.5,3.1,14,8.141428571428571
48.5,-116.0,3.4,8,4.94875
48.5,-115.5,2.03,8,4.54625
48.5,-115.0,3.3,3,6.763333333333333
48.5,-114.5,3.3,71,8.606619718309858
48.5,-114.0,3.9,91,8.781758241758242
48.5,-113.5,2.8,5,9.958
48.5,-113.0,3.8,9,8.973333333333333
48.5,-112.5,3.5,17,5.1499999999999995
48.5,-112.0,3.6,4,4.275
48.5,-111.5,3.9,7,10.344285714285714
48.5,-105.0,3.8,1,5.0
48.5,-104.5,3.8,1,5.0
48.5,-104.0,3.5,1,5.0
48.5,-90.5,2.7,1,5.0
48.5,-83.5,4.1,3,10.333333333333334
48.5,-78.5,3.6,2,3.69
48.5,-71.5,2.5,1,10.0
48.5,-71.0,3.0,2,12.055
48.5,-69.5,3.8,2,16.5
48.5,-69.0,3.3,2,18.0
48.5,-67.5,2.6,1,18.0
48.5,-28.5,4.4,1,10.0
48.5,-28.0,5.4,13,10.0
48.5,-5.0,3.0,2,11.25
48.5,-4.5,3.9,7,8.142857142857142
48.5,-4.0,3.5,5,5.2
48.5,-3.5,3.2,15,6.046666666666667
48.5,-3.0,3.2,15,5.093333333333334
48.5,-2.5,3.8,29,5.448275862068965
48.5,-2.0,3.1,24,7.0
48.5,-1.5,3.4,25,7.412000000000001
48.5,-1.0,2.7,12,6.333333333333333
48.5,-0.5,3.1,11,7.4
48.5,-0.0,3.2,5,8.0
48.5,1.0,3.1,1,4.0
48.5,1.5,2.5,1,10.0
48.5,3.0,2.4,2,6.0
48.5,5.0,2.9,2,6.0
48.5,5.5,2.5,19,3.0
48.5,6.0,3.0,14,8.007142857142856
48.5,6.5,5.0,331,6.9664652567975835
48.5,7.0,3.2,35,5.2
48.5,7.5,3.8,65,7.828307692307692
48.5,8.0,4.1,45,7.805999999999999
48.5,8.5,3.0,10,10.2
48.5,9.0,4.0,64,8.8359375
48.5,9.5,4.1,13,10.86923076923077
48.5,10.0,2.8,9,8.333333333333334
48.5,10.5,2.3,1,10.0
48.5,11.0,2.7,3,12.666666666666666
48.5,12.5,1.9,1,5.0
48.5,13.5,2.4,1,10.0
48.5,14.0,3.1,3,8.333333333333334
48.5,14.5,2.5,1,10.0
48.5,15.0,3.4,8,8.125
48.5,17.0,2.8,1,10.0
48.5,17.5,3.6,6,9.166666666666666
48.5,18.5,3.4,2,10.0
48.5,19.0,3.5,5,12.1
48.5,23.0,4.3,1,9.808
48.5,24.0,4.7,1,10.0
48.5,28.0,3.2,1,30.0
48.5,82.0,4.1,1,38.1
48.5,84.0,4.5,1,15.54
48.5,84.5,4.4,1,33.0
48.5,85.0,4.9,2,28.9
48.5,85.5,4.3,1,10.0
48.5,88.0,5.6,1,16.5
48.5,88.5,4.5,2,13.95
48.5,89.0,4.7,2,10.0
48.5,89.5,5.2,2,21.5
48.5,93.0,4.5,1,10.0
48.5,93.5,3.9,1,33.0
48.5,97.5,3.3,1,10.0
48.5,101.5,4.2,2,10.0
48.5,103.5,3.3,1,33.0
48.5,106.0,4.4,1,10.0
48.5,107.5,4.2,2,33.0
48.5,126.0,4.2,1,10.0
48.5,128.5,4.6,1,10.0
48.5,131.5,4.2,2,26.7
48.5,132.5,4.1,1,10.0
48.5,139.0,4.6,1,15.11
48.5,141.0,6.4,1,589.0
48.5,142.0,4.5,7,13.285714285714286
48.5,142.5,5.2,25,14.87316
48.5,143.5,4.9,1,17.7
48.5,145.5,4.1,1,497.3
48.5,146.0,4.8,9,449.67777777777775
48.5,146.5,4.5,7,490.4971428571429
48.5,147.0,4.0,1,498.2
48.5,147.5,4.5,5,470.83239999999995
48.5,148.0,3.6,1,441.2
48.5,148.5,4.2,3,274.3233333333333
48.5,149.0,5.0,9,386.0377777777778
48.5,149.5,4.2,2,366.3075
48.5,150.0,4.2,3,367.29333333333335
48.5,150.5,4.8,3,313.31666666666666
48.5,151.0,4.5,5,245.53159999999997
48.5,151.5,4.3,1,260.06
48.5,152.0,4.4,5,165.62
48.5,152.5,4.7,8,151.97375
48.5,153.0,5.4,65,138.70635384615386
48.5,153.5,5.6,33,118.16333333333333
48.5,154.0,6.0,45,59.22466666666667
48.5,154.5,6.1,116,47.58272413793103
48.5,155.0,6.2,72,41.12611111111111
48.5,155.5,5.3,39,35.224179487179484
48.5,156.0,5.5,8,39.8
48.5,156.5,5.0,2,37.485
48.5,157.0,4.9,8,29.8675
48.5,157.5,5.1,7,22.648571428571433
48.5,158.0,5.3,1,31.4
48.5,177.5,4.3,1,20.0
49.0,-180.0,2.9,1,10.0
49.0,-175.5,4.0,1,14.56
49.0,-130.0,4.7,10,10.595
49.0,-129.5,6.0,33,10.25560606060606
49.0,-129.0,5.6,94,10.220851063829787
49.0,-128.5,6.1,94,10.150851063829787
49.0,-128.0,6.2,45,10.613333333333333
49.0,-127.5,5.4,6,10.716666666666667
49.0,-127.0,4.2,2,9.175
49.0,-126.5,4.7,13,13.699538461538463
49.0,-126.0,3.2,11,18.317
49.0,-125.5,4.8,40,17.887925000000003
49.0,-125.0,3.1,34,24.351617647058823
49.0,-124.5,2.36,17,29.67794117647059
49.0,-124.0,2.3,21,25.81580952380952
49.0,-123.5,4.4,72,22.437597222222223
49.0,-123.0,3.8,129,21.518844961240312
49.0,-122.5,3.1,225,14.861253333333334
49.0,-122.0,5.0,578,6.038048442906574
49.0,-121.5,2.56,46,3.990913043478261
49.0,-121.0,3.4,53,5.4561698113207555
49.0,-120.5,3.0,28,6.744392857142857
49.0,-120.0,2.7,11,2.9594545454545456
49.0,-119.5,3.4,44,2.0601363636363637
49.0,-119.0,3.9,18,4.038222222222222
49.0,-118.5,3.8,21,0.6624761904761906
49.0,-118.0,1.8,3,1.07
49.0,-116.5,1.7,2,11.434999999999999
49.0,-116.0,2.21,3,7.8933333333333335
49.0,-115.5,1.82,1,3.46
49.0,-115.0,4.3,8,7.3774999999999995
49.0,-114.5,3.2,2,6.194999999999999
49.0,-114.0,4.6,5,2.82
49.0,-113.5,3.4,12,28.287499999999998
49.0,-113.0,3.3,17,12.356470588235295
49.0,-112.5,3.8,30,7.780666666666667
49.0,-112.0,3.4,4,4.755
49.0,-105.5,2.8,1,5.0
49.0,-93.5,1.5,1,5.0
49.0,-83.0,3.5,1,18.0
49.0,-68.5,2.8,1,18.0
49.0,-68.0,3.7,5,15.786000000000001
49.0,-67.5,4.2,2,16.0
49.0,-65.5,3.6,1,18.0
49.0,-29.0,4.3,1,10.0
49.0,-28.5,5.3,6,10.0
49.0,-28.0,5.1,10,10.0
49.0,-27.5,4.5,2,10.0
49.0,-6.5,3.3,1,10.0
49.0,-5.5,3.0,1,10.0
49.0,-4.5,3.1,1,13.0
49.0,-4.0,2.9,2,10.5
49.0,-3.5,2.7,3,9.0
49.0,-2.5,3.9,7,6.628571428571428
49.0,-2.0,4.2,14,9.335714285714285
49.0,-1.5,2.6,11,6.109090909090909
49.0,-1.0,3.5,11,10.145454545454545
49.0,-0.5,3.5,10,9.42
49.0,-0.0,2.4,2,10.0
49.0,1.0,2.1,1,2.0
49.0,1.5,2.1,1,10.0
49.0,5.5,2.0,1,0.0
49.0,6.0,2.3,5,7.0
49.0,6.5,3.8,34,3.7941176470588234
49.0,7.0,4.2,390,5.922307692307692
49.0,7.5,2.9,14,5.028571428571429
49.0,8.0,3.5,125,5.1743999999999994
49.0,8.5,2.6,3,7.0
49.0,9.0,2.3,10,11.0
49.0,9.5,3.0,6,9.666666666666666
49.0,10.0,2.8,9,8.88888888888889
49.0,10.5,3.0,13,8.461538461538462
49.0,12.5,2.5,1,10.0
49.0,13.5,2.5,1,10.0
49.0,15.0,2.3,1,10.0
49.0,16.0,2.9,1,10.0
49.0,17.5,2.7,1,10.0
49.0,18.0,3.1,2,5.95
49.0,18.5,2.6,1,10.0
49.0,19.0,2.2,1,5.0
49.0,19.5,2.4,1,5.0
49.0,20.0,3.1,1,5.0
49.0,22.0,4.3,2,10.0
49.0,26.0,4.5,1,15.84
49.0,27.5,2.6,1,5.0
49.0,79.0,4.9,1,10.0
49.0,81.0,4.1,1,15.01
49.0,86.0,4.1,1,15.03
49.0,86.5,4.3,1,10.0
49.0,87.5,4.8,1,43.3
49.0,88.0,4.6,2,10.0
49.0,88.5,4.1,1,10.0
49.0,89.0,5.2,1,10.0
49.0,89.5,4.7,2,10.0
49.0,91.5,5.1,1,10.0
49.0,92.0,4.6,1,33.0
49.0,93.0,4.2,1,15.82
49.0,94.5,3.8,1,10.0
49.0,98.0,4.6,1,28.9
49.0,103.5,4.8,2,22.7
49.0,104.5,4.4,2,14.0
49.0,116.5,3.8,1,33.0
49.0,119.0,4.5,2,21.5
49.0,121.0,3.7,1,35.4
49.0,122.5,4.9,1,24.0
49.0,125.5,4.5,1,10.0
49.0,126.0,3.9,1,33.0
49.0,129.5,4.0,1,10.0
49.0,130.0,4.5,2,33.0
49.0,131.0,4.5,2,33.0
49.0,132.0,4.6,1,33.0
49.0,133.5,4.6,1,10.0
49.0,142.0,7.2,17,80.21764705882353
49.0,142.5,5.6,10,68.65
49.0,144.0,4.4,1,15.7
49.0,146.0,4.2,1,33.0
49.0,146.5,3.8,1,600.0
49.0,147.0,4.8,1,579.2
49.0,147.5,5.3,8,550.6325
49.0,148.0,4.4,7,467.49285714285713
49.0,148.5,4.5,2,466.95
49.0,149.0,4.4,1,416.6
49.0,149.5,4.3,4,316.5125
49.0,150.0,4.5,3,357.60999999999996
49.0,150.5,5.1,10,331.29
49.0,151.0,4.6,10,305.12
49.0,151.5,4.8,9,249.85888888888888
49.0,152.0,4.7,8,243.79749999999999
49.0,152.5,4.7,2,141.5
49.0,153.0,4.6,13,154.03076923076924
49.0,153.5,5.3,22,123.19822727272727
49.0,154.0,5.0,21,94.22333333333333
49.0,154.5,6.0,19,69.78426315789474
49.0,155.0,6.1,82,57.93737804878049
49.0,155.5,6.1,38,46.6621052631579
49.0,156.0,6.0,110,33.130154545454545
49.0,156.5,6.2,34,28.093235294117648
49.0,157.0,4.2,1,37.33
49.0,157.5,7.5,9,35.21955555555556
49.0,158.0,5.1,17,26.71941176470588
49.0,158.5,4.8,6,14.435
49.0,159.0,4.7,4,35.4875
49.0,175.0,4.2,1,15.5
49.5,-179.5,2.9,2,38.0
49.5,-178.5,3.3,3,37.56666666666666
49.5,-178.0,4.0,3,20.066666666666666
49.5,-177.5,4.0,1,10.0
49.5,-177.0,3.4,4,12.975
49.5,-174.5,2.6,1,15.01
49.5,-173.5,2.5,1,15.1
49.5,-131.0,3.5,1,10.0
49.5,-130.5,3.3,2,10.0
49.5,-130.0,5.5,10,10.0
49.5,-129.5,6.8,33,10.048787878787879
49.5,-129.0,6.7,33,10.397575757575758
49.5,-128.5,5.2,24,10.0
49.5,-128.0,5.1,17,9.887058823529413
49.5,-127.5,6.5,14,13.927857142857144
49.5,-127.0,6.4,17,24.513411764705882
49.5,-126.5,3.4,6,16.3905
49.5,-126.0,4.9,8,22.66225
49.5,-125.5,3.9,3,7.921666666666667
49.5,-125.0,2.27,2,93.36
49.5,-124.5,3.0,38,7.0015
49.5,-124.0,3.2,24,59.18175
49.5,-123.5,3.4,34,10.881029411764706
49.5,-123.0,2.1,6,10.507
49.5,-122.5,4.3,36,8.961972222222222
49.5,-122.0,2.7,18,2.8621666666666665
49.5,-121.5,2.5,13,4.545384615384616
49.5,-121.0,3.4,13,6.4004615384615375
49.5,-120.5,3.5,12,5.513333333333333
49.5,-120.0,2.6,5,6.8828000000000005
49.5,-119.5,3.7,29,4.516793103448276
49.5,-119.0,2.2,2,2.075
49.5,-118.5,2.43,2,6.8
49.5,-118.0,2.5,1,2.84
49.5,-117.5,3.3,14,5.742
49.5,-117.0,3.2,9,10.537777777777778
49.5,-116.5,2.7,8,8.893375
49.5,-115.5,2.6,2,3.2
49.5,-114.5,3.3,1,1.0
49.5,-114.0,1.11,1,0.02
49.5,-113.5,2.1,1,0.6
49.5,-113.0,3.5,6,19.516666666666666
49.5,-81.5,4.2,2,17.0
49.5,-81.0,3.7,2,16.5
49.5,-67.0,4.1,5,20.4
49.5,-66.5,4.4,6,18.116666666666667
49.5,-65.5,3.5,1,13.8
49.5,-29.0,5.1,7,10.0
49.5,-28.5,5.5,33,10.782424242424241
49.5,-27.0,4.2,1,10.0
49.5,-8.0,3.2,1,10.0
49.5,-5.0,3.2,3,10.0
49.5,-3.5,2.6,1,15.0
49.5,-2.5,2.3,1,5.0
49.5,-2.0,2.6,4,7.0
49.5,-1.5,2.6,2,7.5
49.5,-1.0,2.8,2,8.0
49.5,-0.5,4.1,4,8.35
49.5,-0.0,3.7,9,8.777777777777779
49.5,0.5,2.3,2,2.5
49.5,1.0,2.7,3,7.666666666666667
49.5,2.0,3.1,1,10.0
49.5,2.5,3.2,1,7.0
49.5,6.0,2.8,7,6.714285714285714
49.5,6.5,4.0,32,3.99375
49.5,7.0,4.5,476,1.613655462184874
49.5,7.5,3.0,7,6.285714285714286
49.5,8.0,3.0,18,7.5
49.5,8.5,3.3,17,8.76529411764706
49.5,9.0,2.6,1,10.0
49.5,9.5,3.0,2,9.0
49.5,12.0,2.5,1,10.0
49.5,12.5,2.5,3,7.0
49.5,14.0,3.2,4,5.0
49.5,15.0,2.9,1,10.0
49.5,16.5,3.0,1,5.0
49.5,17.5,2.3,1,5.0
49.5,18.5,2.9,10,5.0
49.5,19.0,3.3,3,5.0
49.5,19.5,3.0,2,7.5
49.5,20.0,4.8,12,5.416666666666667
49.5,20.5,4.0,1,8.0
49.5,21.0,4.0,2,10.0
49.5,21.5,4.2,2,10.0
49.5,73.0,4.8,1,14.92
49.5,77.5,4.2,1,10.0
49.5,82.0,4.5,1,16.77
49.5,83.5,3.9,1,26.5
49.5,85.0,3.7,1,47.2
49.5,87.5,4.8,1,44.83
49.5,88.0,4.4,1,10.0
49.5,88.5,4.0,1,10.0
49.5,90.5,4.1,1,10.0
49.5,92.5,4.4,2,10.0
49.5,94.0,4.5,2,45.65
49.5,95.0,5.1,3,28.3
49.5,97.5,4.2,1,10.0
49.5,98.5,4.4,1,33.0
49.5,104.5,4.0,1,33.0
49.5,105.0,4.5,2,21.5
49.5,105.5,3.7,1,33.0
49.5,107.0,4.1,1,10.0
49.5,109.0,4.9,2,6.895
49.5,122.5,4.4,1,10.0
49.5,123.5,4.1,1,14.92
49.5,142.0,3.6,2,21.5
49.5,142.5,4.1,2,28.6
49.5,144.5,4.6,2,10.0
49.5,147.0,5.8,3,588.1
49.5,147.5,5.6,6,560.135
49.5,148.0,5.6,4,553.655
49.5,148.5,3.9,1,501.7
49.5,149.0,4.4,2,493.7
49.5,149.5,4.5,3,310.45666666666665
49.5,150.0,4.0,1,404.56
49.5,150.5,4.0,2,342.96500000000003
49.5,151.0,4.3,3,286.17333333333335
49.5,151.5,5.2,8,291.875
49.5,152.0,4.2,1,244.7
49.5,152.5,3.7,1,10.0
49.5,153.0,4.8,4,168.26999999999998
49.5,153.5,4.7,10,147.467
49.5,154.0,5.1,13,120.52461538461537
49.5,154.5,5.6,14,126.60957142857144
49.5,155.0,5.1,25,84.52132
49.5,155.5,6.5,87,56.381264367816094
49.5,156.0,6.1,131,46.34220610687023
49.5,156.5,6.5,31,51.40451612903226
49.5,157.0,5.0,9,34.53222222222222
49.5,157.5,5.7,5,26.26
49.5,158.0,4.4,6,27.545
49.5,158.5,5.2,17,28.70705882352941
49.5,159.0,4.5,5,27.718
49.5,160.0,4.5,1,38.4
49.5,177.0,5.4,1,10.0
49.5,177.5,3.2,1,47.2
49.5,179.5,2.8,1,9.2
50.0,-180.0,4.7,38,18.176105263157893
50.0,-179.5,4.2,63,21.10420634920635
50.0,-179.0,4.9,95,18.963578947368422
50.0,-178.5,4.8,88,20.769318181818182
50.0,-178.0,4.7,41,18.802682926829267
50.0,-177.5,6.0,152,17.16079605263158
50.0,-177.0,4.8,62,20.060112903225807
50.0,-176.5,4.8,34,19.609970588235296
50.0,-176.0,5.5,35,23.482857142857142
50.0,-175.5,2.7,7,23.985714285714288
50.0,-175.0,4.4,5,19.6
50.0,-174.5,3.9,6,31.900000000000002
50.0,-174.0,3.3,5,19.3
50.0,-173.5,2.9,2,8.8
50.0,-173.0,3.0,1,10.0
50.0,-171.0,3.5,1,10.0
50.0,-170.5,4.3,1,24.8
50.0,-168.5,4.1,1,33.0
50.0,-131.0,4.0,1,10.0
50.0,-130.5,5.5,12,10.0
50.0,-130.0,5.5,105,10.023761904761903
50.0,-129.5,5.9,54,10.294444444444444
50.0,-129.0,4.4,3,10.0
50.0,-128.0,3.9,3,23.933333333333334
50.0,-127.5,4.1,2,26.15
50.0,-127.0,4.8,2,6.3275
50.0,-126.5,3.9,3,20.579666666666665
50.0,-124.5,2.8,5,7.575
50.0,-124.0,4.1,1,2.0
50.0,-123.5,2.2,3,4.526666666666666
50.0,-123.0,2.8,1,10.0
50.0,-121.5,2.4,2,3.339
50.0,-121.0,2.5,2,7.629
50.0,-120.5,4.5,4,9.8625
50.0,-120.0,2.8,1,-1.626
50.0,-119.0,2.68,1,8.29
50.0,-118.0,3.4,2,0.5
50.0,-117.5,2.82,1,18.884
50.0,-116.5,3.9,1,1.0
50.0,-116.0,2.8,2,3.38
50.0,-115.0,3.8,4,6.435
50.0,-114.0,1.9,1,5.0
50.0,-112.5,2.9,1,0.9
50.0,-94.5,2.5,1,10.61
50.0,-66.5,3.0,1,18.0
50.0,-66.0,4.2,2,15.805
50.0,-63.5,4.2,2,13.967500000000001
50.0,-50.0,4.2,1,10.0
50.0,-49.5,4.5,1,18.0
50.0,-31.0,4.7,1,10.0
50.0,-30.0,5.1,3,10.0
50.0,-29.0,5.2,62,10.22967741935484
50.0,-28.5,4.4,4,10.0
50.0,-25.5,4.2,1,10.0
50.0,-5.5,4.1,2,7.5
50.0,-4.0,3.6,4,9.225
50.0,-1.5,3.0,2,9.95
50.0,-1.0,2.4,1,2.0
50.0,-0.5,3.9,3,7.333333333333333
50.0,-0.0,3.3,2,4.5
50.0,0.5,4.6,2,3.0
50.0,1.0,3.1,4,3.5
50.0,2.0,2.5,1,2.0
50.0,4.0,4.1,4,11.5
50.0,4.5,3.9,2,7.5
50.0,5.0,2.6,1,10.0
50.0,5.5,2.7,6,8.666666666666666
50.0,6.0,3.0,4,5.0
50.0,6.5,2.6,10,7.4
50.0,7.0,3.2,11,10.054545454545455
50.0,7.5,3.5,37,7.929729729729729
50.0,8.0,4.3,32,9.23125
50.0,8.5,3.8,25,10.376
50.0,9.0,3.2,4,8.75
50.0,9.5,3.0,1,10.0
50.0,10.0,3.3,1,10.0
50.0,10.5,3.0,1,10.0
50.0,12.0,3.1,9,8.88888888888889
50.0,12.5,4.4,392,9.130357142857143
50.0,13.0,3.1,2,10.0
50.0,14.0,2.8,2,10.0
50.0,17.5,3.2,1,10.0
50.0,18.0,3.3,18,6.111111111111111
50.0,18.5,4.6,257,5.807392996108949
50.0,19.0,4.3,193,6.235025906735751
50.0,19.5,3.4,10,6.0
50.0,77.0,4.2,1,33.0
50.0,77.5,3.8,1,33.0
50.0,78.5,4.3,1,10.0
50.0,83.5,4.9,1,29.7
50.0,84.5,3.9,1,10.0
50.0,85.5,4.2,1,49.6
50.0,86.0,4.9,1,33.0
50.0,87.0,4.4,6,10.0
50.0,87.5,6.7,35,12.632857142857143
50.0,88.0,7.3,108,11.625833333333333
50.0,88.5,5.1,44,10.511363636363637
50.0,89.0,4.4,1,18.54
50.0,89.5,4.8,4,16.975
50.0,90.0,4.6,5,19.2
50.0,91.0,4.7,3,20.266666666666666
50.0,91.5,4.4,3,25.296666666666667
50.0,94.0,3.9,1,33.0
50.0,96.5,4.4,1,10.0
50.0,98.0,4.2,1,10.0
50.0,98.5,4.2,2,13.09
50.0,99.5,4.3,1,33.0
50.0,105.5,4.4,1,25.7
50.0,119.0,4.9,1,10.0
50.0,121.0,4.6,1,10.0
50.0,125.5,4.3,1,10.6
50.0,142.5,4.9,5,20.894
50.0,143.0,4.2,1,10.0
50.0,143.5,5.0,2,35.1
50.0,145.0,7.7,1,583.2
50.0,147.5,5.5,3,600.8033333333333
50.0,149.5,4.0,2,427.65
50.0,150.0,5.6,3,442.8
50.0,151.0,4.7,3,368.6166666666666
50.0,151.5,4.3,1,341.5
50.0,152.5,4.1,3,329.06666666666666
50.0,153.0,4.8,6,239.48000000000002
50.0,153.5,4.7,18,204.41372222222222
50.0,154.0,4.7,3,82.14333333333333
50.0,154.5,4.8,12,127.69666666666666
50.0,155.0,5.3,27,115.02592592592592
50.0,155.5,5.8,28,89.8075
50.0,156.0,5.6,54,74.8337037037037
50.0,156.5,6.0,25,63.08264
50.0,157.0,6.1,20,51.1275
50.0,157.5,6.1,20,36.989999999999995
50.0,158.0,4.6,1,10.1
50.0,158.5,4.3,1,10.0
50.0,159.0,5.0,3,28.666666666666668
50.0,159.5,5.0,3,30.599999999999998
50.0,160.5,4.3,2,25.9
50.0,176.0,3.6,1,33.0
50.0,176.5,4.3,3,25.333333333333332
50.0,177.0,4.7,12,18.091666666666665
50.0,177.5,4.6,26,20.385192307692307
50.0,178.0,4.2,23,20.35217391304348
50.0,178.5,4.7,68,23.923529411764704
50.0,179.0,4.4,92,23.247826086956525
50.0,179.5,5.0,88,23.166295454545455
50.0,180.0,4.5,55,20.319090909090907
50.5,-180.0,4.1,22,21.94727272727273
50.5,-179.5,4.0,31,23.006129032258062
50.5,-179.0,4.5,37,20.461081081081083
50.5,-178.5,4.7,16,21.865625
50.5,-178.0,4.7,53,28.39932075471698
50.5,-177.5,6.5,371,14.70946091644205
50.5,-177.0,5.4,100,22.4991
50.5,-176.5,5.1,79,22.445113924050634
50.5,-176.0,5.0,96,20.160833333333333
50.5,-175.5,5.0,71,18.316464788732397
50.5,-175.0,6.1,127,18.77231496062992
50.5,-174.5,4.7,78,21.542115384615386
50.5,-174.0,4.4,93,16.78647311827957
50.5,-173.5,5.6,165,16.81381818181818
50.5,-173.0,5.2,82,17.26971951219512
50.5,-172.5,5.1,15,19.272
50.5,-172.0,5.1,6,17.166666666666668
50.5,-171.5,4.1,4,29.595
50.5,-171.0,4.8,10,15.821000000000002
50.5,-170.5,4.5,10,17.087
50.5,-170.0,5.2,8,17.481875
50.5,-169.0,3.8,1,33.0
50.5,-168.0,3.3,1,1.0
50.5,-166.0,4.6,1,0.0
50.5,-139.5,4.7,3,10.0
50.5,-139.0,4.5,7,11.450000000000001
50.5,-131.0,4.3,2,12.344999999999999
50.5,-130.5,5.4,101,10.0
50.5,-130.0,6.7,162,10.095987654320988
50.5,-129.5,5.3,33,10.89439393939394
50.5,-129.0,4.1,3,10.0
50.5,-128.5,4.8,2,28.0
50.5,-116.0,2.9,1,1.0
50.5,-114.5,3.5,3,6.666666666666667
50.5,-102.0,4.0,4,2.0
50.5,-101.5,4.0,3,4.0
50.5,-66.0,2.4,1,14.46
50.5,-65.0,2.9,1,15.0
50.5,-63.5,3.7,3,3.7433333333333336
50.5,-50.0,4.3,1,10.0
50.5,-32.5,4.4,1,10.0
50.5,-30.0,4.5,2,10.0
50.5,-29.5,4.6,3,10.0
50.5,-29.0,4.5,3,10.0
50.5,-28.5,5.2,1,10.0
50.5,-23.0,4.3,1,10.0
50.5,-6.0,2.8,1,6.0
50.5,-4.5,2.8,1,8.0
50.5,-3.5,3.2,2,6.4
50.5,-2.5,2.9,1,5.0
50.5,-2.0,3.0,1,10.0
50.5,1.0,3.8,4,5.5
50.5,1.5,3.0,1,5.0
50.5,2.0,4.0,2,10.0
50.5,3.0,3.1,1,4.0
50.5,3.5,2.5,1,2.0
50.5,4.0,4.3,6,6.666666666666667
50.5,4.5,3.8,21,4.428571428571429
50.5,5.0,2.8,2,6.0
50.5,5.5,3.9,13,8.553846153846154
50.5,6.0,4.3,33,9.396363636363636
50.5,6.5,3.6,18,7.316666666666666
50.5,7.0,4.4,17,8.335294117647058
50.5,7.5,4.2,57,8.39298245614035
50.5,8.0,3.9,8,8.5
50.5,10.0,3.4,1,10.0
50.5,12.0,3.6,20,10.0
50.5,12.5,4.1,33,9.791515151515151
50.5,13.0,3.1,1,10.0
50.5,13.5,3.8,7,7.857142857142857
50.5,14.5,3.5,1,10.0
50.5,16.0,3.4,6,6.5
50.5,16.5,3.8,4,8.725
50.5,18.0,3.7,3,6.666666666666667
50.5,18.5,3.9,39,5.384615384615385
50.5,19.0,4.4,466,6.785815450643777
50.5,19.5,3.4,7,5.714285714285714
50.5,20.0,3.0,1,10.0
50.5,34.0,4.4,1,10.0
50.5,52.0,5.1,2,10.0
50.5,84.5,3.7,1,10.0
50.5,85.5,4.6,1,50.37
50.5,86.5,3.7,1,10.0
50.5,87.0,4.2,9,10.0
50.5,87.5,5.2,35,11.384
50.5,88.0,4.6,16,11.5625
50.5,88.5,4.3,1,33.0
50.5,89.5,4.4,1,33.0
50.5,90.0,5.5,6,26.876666666666665
50.5,90.5,5.5,9,14.825888888888889
50.5,91.0,4.7,11,14.363636363636363
50.5,91.5,4.5,2,22.575
50.5,96.5,4.5,3,17.666666666666668
50.5,97.0,5.3,2,21.1
50.5,97.5,4.3,2,33.0
50.5,98.0,4.8,1,10.0
50.5,98.5,4.3,1,74.2
50.5,100.0,4.4,1,44.7
50.5,100.5,4.5,3,10.0
50.5,103.0,4.2,1,10.0
50.5,105.0,4.4,1,10.0
50.5,142.5,5.7,16,12.40125
50.5,143.0,5.1,2,9.55
50.5,143.5,4.5,1,10.0
50.5,144.0,4.0,1,33.0
50.5,148.0,3.3,1,10.0
50.5,148.5,4.2,2,612.2
50.5,149.0,4.5,2,589.21
50.5,149.5,5.2,3,497.1333333333334
50.5,150.0,5.5,9,507.65111111111105
50.5,150.5,5.3,9,443.53133333333335
50.5,151.5,4.9,1,342.0
50.5,152.5,4.2,1,288.37
50.5,153.0,5.6,8,294.12625
50.5,153.5,4.3,3,240.21133333333333
50.5,154.0,5.0,5,202.898
50.5,154.5,4.6,7,182.14542857142857
50.5,155.0,4.8,11,137.213
50.5,155.5,4.7,13,129.83069230769232
50.5,156.0,5.4,13,118.9876923076923
50.5,156.5,5.6,29,79.88468965517241
50.5,157.0,5.5,32,60.4026875
50.5,157.5,5.2,13,55.924615384615386
50.5,158.0,5.6,5,41.465999999999994
50.5,158.5,4.8,3,45.96666666666667
50.5,159.0,5.0,3,21.2
50.5,159.5,4.6,5,28.512
50.5,160.0,6.2,15,15.339333333333334
50.5,160.5,4.5,1,33.0
50.5,164.0,3.9,1,397.9
50.5,173.5,4.5,1,33.0
50.5,174.0,4.7,2,21.475
50.5,174.5,3.9,1,19.7
50.5,175.0,4.6,6,24.64
50.5,175.5,5.1,8,19.69125
50.5,176.0,5.5,11,16.680909090909093
50.5,176.5,4.1,15,21.104
50.5,177.0,6.1,38,19.80236842105263
50.5,177.5,5.1,76,17.872815789473684
50.5,178.0,4.5,46,22.214934782608694
50.5,178.5,4.7,59,23.002542372881358
50.5,179.0,5.1,74,20.522445945945947
50.5,179.5,4.3,45,21.813333333333333
50.5,180.0,4.4,18,16.318333333333335
51.0,-180.0,6.5,918,16.25454357298475
51.0,-179.5,6.6,1197,18.15419214703425
51.0,-179.0,6.2,1265,19.600911462450593
51.0,-178.5,5.8,992,24.761689516129035
51.0,-178.0,6.1,1289,24.914975174553916
51.0,-177.5,5.4,344,27.410122093023258
51.0,-177.0,5.9,287,24.127038327526133
51.0,-176.5,5.6,1016,22.274304133858266
51.0,-176.0,5.6,606,25.144069306930692
51.0,-175.5,4.9,111,19.40054054054054
51.0,-175.0,5.2,437,19.709311212814644
51.0,-174.5,4.7,122,17.935147540983607
51.0,-174.0,4.8,270,18.173077777777777
51.0,-173.5,4.8,143,17.857832167832168
51.0,-173.0,5.3,96,21.46375
51.0,-172.5,5.1,44,20.734545454545454
51.0,-172.0,4.2,18,20.66444444444444
51.0,-171.5,4.1,13,24.715384615384615
51.0,-171.0,5.8,40,16.64335
51.0,-170.5,4.7,20,19.93915
51.0,-170.0,4.3,22,21.890454545454546
51.0,-169.5,5.0,13,24.676923076923078
51.0,-169.0,5.9,11,23.40909090909091
51.0,-168.5,3.0,3,19.666666666666668
51.0,-168.0,4.4,8,24.295
51.0,-167.5,3.8,5,15.62
51.0,-166.5,4.5,1,16.1
51.0,-166.0,3.4,2,20.531
51.0,-165.0,3.3,1,25.3
51.0,-164.5,3.3,1,29.2
51.0,-156.0,4.2,1,14.77
51.0,-148.0,4.9,1,33.0
51.0,-139.0,4.5,4,10.0
51.0,-138.0,3.8,1,15.06
51.0,-131.5,4.1,3,10.0
51.0,-131.0,6.0,32,10.0
51.0,-130.5,6.4,66,10.057727272727272
51.0,-130.0,6.0,36,10.401666666666666
51.0,-129.5,4.9,3,10.0
51.0,-129.0,4.0,1,10.0
51.0,-124.5,3.9,2,6.745
51.0,-121.0,3.4,1,5.0
51.0,-115.5,4.1,2,8.93
51.0,-115.0,3.6,1,1.0
51.0,-102.0,4.1,2,1.0
51.0,-101.5,3.4,1,1.0
51.0,-64.0,4.0,1,26.0
51.0,-31.5,4.4,1,10.0
51.0,-31.0,3.4,1,10.0
51.0,-30.0,5.2,20,12.265
51.0,-29.5,4.9,1,10.0
51.0,-3.5,3.3,1,10.0
51.0,-3.0,3.7,5,7.9
51.0,-1.5,2.9,1,3.0
51.0,-1.0,3.3,1,10.0
51.0,-0.5,3.3,3,6.666666666666667
51.0,1.0,4.6,2,6.75
51.0,1.5,2.7,3,10.0
51.0,2.0,3.1,2,10.0
51.0,2.5,3.1,5,9.0
51.0,3.0,2.9,3,8.333333333333334
51.0,3.5,2.3,1,10.0
51.0,5.5,4.8,16,9.6875
51.0,6.0,5.4,89,10.826966292134832
51.0,6.5,3.6,28,9.435714285714285
51.0,7.0,3.5,5,13.38
51.0,7.5,3.0,4,10.0
51.0,9.0,2.6,1,11.3
51.0,10.0,3.2,4,3.25
51.0,12.0,2.9,2,10.0
51.0,12.5,2.8,5,8.0
51.0,15.0,3.7,3,17.666666666666668
51.0,15.5,3.8,79,6.3924050632911396
51.0,16.0,4.5,444,6.048648648648649
51.0,16.5,3.1,1,28.1
51.0,18.5,3.1,1,10.0
51.0,19.0,2.9,4,6.25
51.0,19.5,4.3,4,15.75
51.0,20.0,3.3,5,10.0
51.0,20.5,2.6,1,10.0
51.0,21.0,3.2,1,10.0
51.0,83.0,4.5,1,21.6
51.0,85.5,4.4,1,33.0
51.0,87.0,4.1,1,10.0
51.0,89.5,4.8,1,10.0
51.0,90.0,4.4,3,10.0
51.0,90.5,4.7,1,10.0
51.0,92.0,5.0,2,21.5
51.0,92.5,4.4,1,11.8
51.0,93.0,5.0,3,22.2
51.0,93.5,4.3,2,10.0
51.0,94.0,4.4,1,10.0
51.0,97.0,4.2,1,10.0
51.0,98.0,6.4,27,20.86296296296296
51.0,98.5,5.3,11,19.345454545454547
51.0,99.5,4.1,1,10.0
51.0,100.0,4.6,5,10.0226
51.0,100.5,5.0,11,11.482727272727272
51.0,103.5,4.6,2,14.415
51.0,108.0,4.7,1,17.1
51.0,124.5,4.5,1,33.0
51.0,135.5,4.2,1,15.23
51.0,137.0,4.7,1,10.0
51.0,139.0,4.2,1,33.0
51.0,142.5,4.2,3,17.666666666666668
51.0,143.5,4.6,1,33.0
51.0,144.0,4.9,3,173.89999999999998
51.0,146.0,4.9,1,26.3
51.0,149.5,3.9,1,410.8
51.0,150.0,4.1,1,535.6
51.0,150.5,4.1,2,491.545
51.0,151.0,5.0,4,475.2325
51.0,151.5,4.4,3,437.2366666666667
51.0,152.0,4.2,1,389.6
51.0,152.5,4.4,1,345.8
51.0,153.0,4.5,1,189.9
51.0,154.5,4.3,2,246.25
51.0,155.0,6.2,4,171.60000000000002
51.0,155.5,5.4,6,168.17333333333332
51.0,156.0,4.9,19,133.06157894736842
51.0,156.5,5.2,33,124.78581818181817
51.0,157.0,5.8,32,76.6040625
51.0,157.5,6.9,42,56.65976190476191
51.0,158.0,7.5,33,51.28772727272727
51.0,158.5,4.9,8,39.725
51.0,159.0,5.4,13,34.323076923076925
51.0,159.5,5.4,9,25.727777777777778
51.0,160.0,5.1,7,34.1
51.0,160.5,4.9,8,26.37375
51.0,161.0,5.6,7,13.314285714285715
51.0,170.0,4.5,1,10.0
51.0,173.0,4.5,2,21.365000000000002
51.0,173.5,5.2,8,28.175
51.0,174.0,4.9,15,22.033333333333335
51.0,174.5,4.8,15,21.28666666666667
51.0,175.0,4.9,42,24.412690476190477
51.0,175.5,4.5,19,20.977894736842103
51.0,176.0,4.7,19,20.594736842105263
51.0,176.5,4.9,27,23.194814814814816
51.0,177.0,5.2,27,31.349259259259256
51.0,177.5,5.1,71,29.603521126760562
51.0,178.0,5.6,139,27.7083381294964
51.0,178.5,7.8,333,22.980003003003006
51.0,179.0,6.6,585,22.522823931623932
51.0,179.5,6.8,922,21.619695227765728
51.0,180.0,5.0,179,18.780564245810055
51.5,-180.0,6.7,436,48.48842201834863
51.5,-179.5,7.2,1017,39.803600786627335
51.5,-179.0,6.3,1445,27.10480692041523
51.5,-178.5,6.9,6089,18.827595335851537
51.5,-178.0,6.6,4060,26.829000246305416
51.5,-177.5,7.9,2620,34.982517938931295
51.5,-177.0,7.3,2414,37.227561723280864
51.5,-176.5,5.9,2784,34.15650574712644
51.5,-176.0,6.5,3277,29.948187976808057
51.5,-175.5,6.4,1423,31.68002529866479
51.5,-175.0,7.0,1970,23.495171065989847
51.5,-174.5,6.1,1229,21.251363710333603
51.5,-174.0,6.3,769,23.72177243172952
51.5,-173.5,6.1,659,25.50545675265554
51.5,-173.0,6.5,318,28.407094339622642
51.5,-172.5,4.7,93,29.097752688172044
51.5,-172.0,5.2,40,24.023249999999997
51.5,-171.5,6.0,103,33.784563106796114
51.5,-171.0,6.0,65,27.480923076923077
51.5,-170.5,4.8,56,30.019339285714288
51.5,-170.0,3.9,22,30.817272727272726
51.5,-169.5,4.6,16,21.104375
51.5,-169.0,4.8,23,22.79565217391304
51.5,-168.5,5.6,83,21.850156626506024
51.5,-168.0,5.3,55,20.972727272727273
51.5,-167.5,3.8,25,19.227999999999998
51.5,-167.0,5.8,40,20.990875
51.5,-166.5,4.8,15,26.198666666666668
51.5,-166.0,4.4,8,37.35125
51.5,-165.5,3.4,2,28.6
51.5,-165.0,2.2,1,1.4
51.5,-164.0,5.6,2,19.35
51.5,-162.5,2.8,1,10.0
51.5,-160.0,3.4,1,9.2
51.5,-158.0,4.3,1,33.0
51.5,-157.0,3.1,1,6.8
51.5,-132.5,4.2,1,1.0
51.5,-131.5,5.1,12,9.7175
51.5,-131.0,6.2,43,10.296976744186047
51.5,-130.5,6.6,19,10.271052631578948
51.5,-130.0,5.5,4,9.9625
51.5,-116.0,3.6,1,0.0
51.5,-90.0,3.9,1,18.0
51.5,-33.0,4.7,1,16.53
51.5,-31.0,4.1,2,10.0
51.5,-30.5,4.4,6,10.0
51.5,-30.0,4.8,12,10.0
51.5,-29.5,4.4,2,10.0
51.5,-4.0,4.3,2,7.275
51.5,-3.5,3.6,3,6.6000000000000005
51.5,-3.0,3.5,11,9.1
51.5,-2.0,2.9,1,10.0
51.5,-1.0,2.6,2,12.5
51.5,1.0,2.6,2,7.5
51.5,1.5,3.7,2,6.0
51.5,2.0,4.1,5,10.0
51.5,3.5,2.7,1,10.0
51.5,5.0,2.6,1,10.0
51.5,5.5,3.7,2,7.5
51.5,6.0,4.2,3,7.0
51.5,6.5,4.1,120,5.864166666666667
51.5,7.0,3.7,132,5.916666666666667
51.5,7.5,3.6,80,8.338750000000001
51.5,8.0,3.2,30,6.6
51.5,9.0,2.7,1,10.0
51.5,10.0,3.0,1,10.0
51.5,10.5,3.0,9,3.4444444444444446
51.5,11.5,4.9,2,10.0
51.5,12.0,3.3,2,15.3
51.5,14.5,3.2,2,10.0
51.5,15.0,3.1,1,5.0
51.5,15.5,4.1,58,6.724137931034483
51.5,16.0,5.0,2124,5.850508474576271
51.5,16.5,4.3,400,6.334
51.5,17.5,2.4,1,10.0
51.5,19.0,4.5,6,5.833333333333333
51.5,19.5,4.8,6,10.6
51.5,20.0,3.1,2,10.0
51.5,20.5,3.1,2,10.0
51.5,21.0,2.9,1,10.0
51.5,75.0,4.6,1,10.0
51.5,88.0,4.1,1,10.0
51.5,89.0,4.7,2,22.5
51.5,89.5,4.2,1,10.0
51.5,90.0,4.8,2,12.575
51.5,90.5,4.0,1,33.0
51.5,92.0,5.0,2,10.0
51.5,92.5,5.3,1,16.6
51.5,93.0,4.3,1,10.0
51.5,93.5,3.7,1,10.0
51.5,94.0,3.8,1,10.0
51.5,96.0,6.7,46,10.965217391304348
51.5,96.5,4.7,13,10.307692307692308
51.5,97.5,3.9,3,20.400000000000002
51.5,98.0,5.1,10,19.259999999999998
51.5,98.5,4.1,2,21.5
51.5,99.5,4.5,2,21.5
51.5,100.0,4.6,11,10.0
51.5,100.5,6.7,29,11.002758620689654
51.5,101.5,4.6,1,10.0
51.5,102.0,3.4,1,10.0
51.5,104.0,6.3,5,11.8
51.5,104.5,5.1,7,13.87142857142857
51.5,105.0,5.9,12,10.0
51.5,105.5,4.8,2,33.0
51.5,106.0,4.5,2,10.0
51.5,116.5,4.6,2,10.0
51.5,132.0,4.5,1,10.0
51.5,133.5,4.8,1,33.0
51.5,142.0,4.8,2,24.3
51.5,142.5,4.2,4,33.0
51.5,143.0,4.9,5,15.959999999999999
51.5,143.5,4.3,2,19.47
51.5,149.5,5.5,1,678.9
51.5,150.5,4.6,3,523.4
51.5,151.0,4.7,11,494.16
51.5,151.5,5.1,8,483.2325
51.5,152.0,4.8,4,442.6675
51.5,152.5,4.0,2,417.616
51.5,153.0,4.9,7,398.2
51.5,155.0,4.3,3,250.72000000000003
51.5,156.0,4.7,3,178.8066666666667
51.5,156.5,5.5,22,135.7490909090909
51.5,157.0,5.7,35,123.97017142857143
51.5,157.5,6.3,15,92.42206666666668
51.5,158.0,5.1,17,57.20058823529411
51.5,158.5,4.9,14,46.67257142857142
51.5,159.0,6.7,46,36.084782608695654
51.5,159.5,5.9,127,31.888220472440945
51.5,160.0,6.1,45,24.765977777777778
51.5,160.5,4.7,12,23.604166666666668
51.5,161.0,4.6,8,26.35
51.5,161.5,5.0,3,25.333333333333332
51.5,162.5,4.3,1,16.09
51.5,170.5,4.1,1,10.0
51.5,171.0,4.1,1,18.38
51.5,171.5,4.3,3,16.076666666666668
51.5,172.0,4.5,3,30.040000000000003
51.5,172.5,4.5,2,21.5
51.5,173.0,4.8,5,15.059999999999999
51.5,173.5,4.7,14,18.169285714285714
51.5,174.0,5.7,13,29.935384615384617
51.5,174.5,4.7,23,26.248695652173915
51.5,175.0,6.3,26,31.388461538461538
51.5,175.5,5.4,44,25.830931818181817
51.5,176.0,5.2,100,25.92411
51.5,176.5,5.6,180,26.247222222222224
51.5,177.0,6.9,147,31.295789115646258
51.5,177.5,5.5,181,43.301839779005526
51.5,178.0,7.1,411,53.13660827250609
51.5,178.5,6.3,1247,68.57122935044106
51.5,179.0,6.3,981,46.611774719673804
51.5,179.5,6.7,768,55.39410286458334
51.5,180.0,5.9,474,35.76273206751055
52.0,-180.0,6.2,139,113.72997122302158
52.0,-179.5,6.4,350,78.20028571428571
52.0,-179.0,6.6,1169,20.256135158254917
52.0,-178.5,6.2,918,43.551834422657954
52.0,-178.0,6.2,6998,6.072531580451558
52.0,-177.5,6.6,2063,18.677968007755695
52.0,-177.0,5.3,689,45.291483309143686
52.0,-176.5,6.0,756,57.289324074074074
52.0,-176.0,5.6,3111,34.58991192542591
52.0,-175.5,5.8,2356,34.915685483870966
52.0,-175.0,5.3,794,51.722920654911846
52.0,-174.5,5.1,1014,64.80076331360947
52.0,-174.0,5.3,883,56.18082899207248
52.0,-173.5,5.7,894,39.14421476510067
52.0,-173.0,5.7,323,49.06395975232198
52.0,-172.5,4.9,172,42.32525581395349
52.0,-172.0,7.3,169,40.89478698224852
52.0,-171.5,6.9,734,37.380096730245235
52.0,-171.0,5.9,358,32.69102513966481
52.0,-170.5,5.5,387,30.168625322997414
52.0,-170.0,5.9,259,27.303320463320464
52.0,-169.5,6.0,943,29.112277836691412
52.0,-169.0,5.6,261,20.491429118773947
52.0,-168.5,6.3,348,24.811804597701148
52.0,-168.0,5.9,371,21.10390835579515
52.0,-167.5,4.1,36,21.41611111111111
52.0,-167.0,5.3,77,24.569220779220778
52.0,-166.5,6.0,104,21.442788461538463
52.0,-166.0,4.8,76,22.379644736842106
52.0,-165.5,5.2,34,19.50785294117647
52.0,-165.0,4.0,24,21.0225
52.0,-164.5,4.6,9,22.88888888888889
52.0,-164.0,2.6,3,16.3
52.0,-163.5,3.0,2,14.350000000000001
52.0,-163.0,3.6,3,17.666666666666668
52.0,-162.5,3.7,2,21.5
52.0,-161.5,3.3,1,18.7
52.0,-159.5,3.3,2,17.5
52.0,-158.5,3.7,1,10.0
52.0,-144.5,4.8,1,10.0
52.0,-133.0,4.1,2,10.15
52.0,-132.5,5.1,11,10.981818181818182
52.0,-132.0,5.3,15,11.886666666666667
52.0,-131.5,6.6,15,11.666666666666666
52.0,-131.0,5.2,7,10.0
52.0,-130.5,4.7,2,10.0
52.0,-130.0,3.8,1,10.0
52.0,-126.5,3.5,1,1.0
52.0,-117.0,3.6,2,1.0
52.0,-115.5,3.5,4,2.75
52.0,-115.0,4.0,5,3.0
52.0,-107.0,3.1,1,5.0
52.0,-81.0,4.2,1,18.0
52.0,-61.0,3.8,1,11.0
52.0,-34.5,4.5,1,10.0
52.0,-34.0,4.3,1,10.0
52.0,-32.0,4.3,1,10.0
52.0,-31.5,5.4,11,10.0
52.0,-31.0,4.9,9,10.624444444444444
52.0,-30.5,4.6,23,9.829565217391306
52.0,-30.0,5.9,111,10.56063063063063
52.0,-29.5,4.4,3,10.0
52.0,-4.5,1.8,1,11.8
52.0,-3.5,4.5,1,10.0
52.0,-3.0,3.4,2,10.517
52.0,-2.5,3.9,4,9.825
52.0,-1.5,3.7,1,10.0
52.0,-1.0,3.1,1,10.0
52.0,-0.5,3.9,2,5.0
52.0,1.0,2.6,1,10.0
52.0,1.5,2.7,1,10.0
52.0,2.5,3.0,1,10.0
52.0,5.5,2.2,1,10.0
52.0,6.5,2.9,3,6.666666666666667
52.0,7.0,2.8,8,8.25
52.0,7.5,3.6,5,8.2
52.0,8.0,3.8,7,8.571428571428571
52.0,9.5,2.9,1,10.0
52.0,16.0,3.7,9,6.111111111111111
52.0,16.5,3.8,8,8.75
52.0,17.0,3.6,4,13.25
52.0,17.5,2.8,1,5.0
52.0,82.0,4.6,1,23.71
52.0,91.0,4.4,1,10.0
52.0,91.5,3.9,1,48.7
52.0,92.0,5.3,1,10.0
52.0,93.0,4.2,1,10.0
52.0,94.0,4.5,2,10.0
52.0,95.5,4.9,7,10.0
52.0,96.0,6.6,26,10.63076923076923
52.0,96.5,4.5,2,10.0
52.0,97.5,4.1,1,10.0
52.0,98.0,4.1,3,10.200000000000001
52.0,98.5,5.0,4,10.0
52.0,99.0,4.5,1,10.07
52.0,100.0,4.8,1,34.1
52.0,100.5,4.1,1,2.4
52.0,101.0,4.3,2,23.7
52.0,101.5,4.7,2,21.5
52.0,102.5,3.9,1,10.0
52.0,103.0,5.8,2,10.8
52.0,103.5,5.5,2,10.0
52.0,104.5,4.5,7,10.504000000000001
52.0,105.0,4.5,5,19.2
52.0,105.5,5.2,5,10.0
52.0,106.0,4.5,3,11.383333333333333
52.0,106.5,4.8,2,17.15
52.0,122.5,4.5,1,10.0
52.0,142.0,5.8,9,20.253333333333334
52.0,142.5,4.6,5,10.0
52.0,143.0,5.5,7,23.32857142857143
52.0,143.5,5.1,3,11.719999999999999
52.0,151.0,4.4,2,532.06
52.0,151.5,6.7,8,543.0600000000001
52.0,152.0,4.8,2,518.845
52.0,152.5,4.7,13,438.1730769230769
52.0,153.0,4.8,19,423.84473684210525
52.0,153.5,4.4,4,389.26
52.0,154.5,4.0,1,333.7
52.0,155.5,5.1,5,246.24
52.0,156.0,4.5,8,210.645
52.0,156.5,4.7,3,78.53333333333333
52.0,157.0,5.0,18,135.02166666666665
52.0,157.5,6.4,24,123.74208333333333
52.0,158.0,5.1,20,77.8655
52.0,158.5,7.0,35,51.92737142857143
52.0,159.0,5.9,46,52.08536956521739
52.0,159.5,6.9,65,40.28166153846154
52.0,160.0,5.4,65,37.54169230769231
52.0,160.5,6.1,94,31.466489361702127
52.0,161.0,5.4,12,29.075
52.0,162.0,5.1,1,33.0
52.0,162.5,4.3,1,33.0
52.0,164.0,4.1,1,33.0
52.0,170.0,4.7,2,20.740000000000002
52.0,170.5,5.3,17,18.80764705882353
52.0,171.0,5.5,7,22.767142857142858
52.0,171.5,5.5,15,22.83533333333333
52.0,172.0,5.3,10,21.5
52.0,172.5,4.9,10,25.359
52.0,173.0,5.0,16,26.118125
52.0,173.5,5.1,18,26.878888888888888
52.0,174.0,6.2,35,29.473000000000003
52.0,174.5,4.9,18,33.39611111111111
52.0,175.0,5.3,61,36.40611475409836
52.0,175.5,5.4,35,33.433485714285716
52.0,176.0,6.2,83,36.60412048192771
52.0,176.5,6.3,170,31.59311176470588
52.0,177.0,6.5,1598,11.965453692115142
52.0,177.5,5.1,314,14.468910828025479
52.0,178.0,6.4,479,81.1091732776618
52.0,178.5,7.9,2810,83.99309288256227
52.0,179.0,6.4,163,95.96163803680982
52.0,179.5,5.5,772,57.54256994818653
52.0,180.0,5.6,154,107.2151038961039
52.5,-180.0,4.6,7,127.28599999999999
52.5,-179.5,5.7,24,181.89041666666665
52.5,-179.0,6.4,24,201.09083333333334
52.5,-178.5,5.3,29,154.96027586206895
52.5,-178.0,4.5,5,155.9136
52.5,-177.5,4.0,4,182.885
52.5,-177.0,5.2,14,145.47285714285712
52.5,-176.5,4.7,54,190.6223148148148
52.5,-176.0,5.4,193,188.23817098445593
52.5,-175.5,5.0,125,163.55130400000002
52.5,-175.0,4.8,78,162.1355
52.5,-174.5,5.4,478,163.8682489539749
52.5,-174.0,5.4,919,50.73767247007617
52.5,-173.5,5.5,225,89.61871555555555
52.5,-173.0,5.0,128,102.7171953125
52.5,-172.5,4.9,50,101.32906000000001
52.5,-172.0,5.4,58,87.76491379310345
52.5,-171.5,4.7,109,53.26796330275229
52.5,-171.0,4.7,105,59.089476190476184
52.5,-170.5,5.2,292,42.46344178082192
52.5,-170.0,5.8,455,32.905492307692306
52.5,-169.5,6.9,3836,12.96191266944734
52.5,-169.0,5.8,2892,12.80210235131397
52.5,-168.5,6.6,750,28.44694
52.5,-168.0,6.8,1138,20.038685413005272
52.5,-167.5,6.2,302,22.563903973509934
52.5,-167.0,6.4,863,18.81927462340672
52.5,-166.5,5.9,510,19.164915686274508
52.5,-166.0,4.5,23,21.786956521739132
52.5,-165.5,4.9,65,19.729846153846154
52.5,-165.0,4.8,118,18.935669491525424
52.5,-164.5,4.6,87,20.244666666666667
52.5,-164.0,4.6,145,20.769234482758623
52.5,-163.5,5.5,117,21.65416239316239
52.5,-163.0,5.0,72,20.506805555555555
52.5,-162.5,4.9,25,23.1444
52.5,-162.0,3.6,17,19.558823529411764
52.5,-161.5,3.4,6,33.81666666666667
52.5,-161.0,3.3,2,11.0
52.5,-160.5,3.3,1,10.0
52.5,-160.0,3.2,1,10.0
52.5,-158.5,3.3,1,10.0
52.5,-157.5,3.5,1,33.0
52.5,-144.5,4.4,1,10.0
52.5,-133.0,4.6,9,11.11111111111111
52.5,-132.5,6.3,50,12.1842
52.5,-132.0,6.2,69,12.54695652173913
52.5,-131.5,5.2,26,10.5
52.5,-131.0,4.4,2,10.0
52.5,-127.0,4.2,2,3.7
52.5,-116.0,3.5,1,10.0
52.5,-115.5,2.9,1,5.0
52.5,-115.0,4.2,5,9.606
52.5,-114.0,3.8,1,5.0
52.5,-81.0,3.1,1,18.0
52.5,-50.0,4.5,1,10.0
52.5,-35.0,5.6,24,10.0
52.5,-34.5,5.4,22,9.768181818181818
52.5,-34.0,4.5,4,11.254999999999999
52.5,-33.5,6.8,10,10.0
52.5,-33.0,4.6,6,10.0
52.5,-32.5,5.4,14,10.652857142857142
52.5,-32.0,7.1,45,10.427555555555555
52.5,-31.5,4.9,14,9.977142857142857
52.5,-31.0,3.9,4,10.0
52.5,-30.5,4.6,9,10.0
52.5,-30.0,4.5,4,10.0
52.5,-29.0,4.1,1,10.0
52.5,-3.5,3.5,1,10.0
52.5,-3.0,4.7,2,14.0
52.5,-2.5,2.7,1,10.0
52.5,-2.0,4.8,5,9.7
52.5,-1.5,4.0,1,13.1
52.5,-1.0,2.3,1,5.0
52.5,-0.5,3.8,4,3.0
52.5,-0.0,3.4,1,10.0
52.5,1.0,4.4,3,8.333333333333334
52.5,1.5,2.9,1,10.0
52.5,2.5,3.0,1,10.0
52.5,4.5,3.8,4,7.0
52.5,5.0,3.0,1,10.0
52.5,7.5,4.7,5,7.4
52.5,16.5,2.1,1,5.0
52.5,17.5,3.0,1,5.0
52.5,81.5,4.3,1,33.0
52.5,86.5,4.1,1,8.0
52.5,90.0,4.5,1,14.69
52.5,92.5,4.6,1,10.0
52.5,94.0,3.9,1,10.0
52.5,95.5,4.1,1,14.87
52.5,96.0,4.0,1,33.0
52.5,97.5,5.1,2,10.0
52.5,98.0,5.7,1,12.1
52.5,100.5,4.3,1,10.0
52.5,101.0,4.3,1,10.0
52.5,101.5,4.8,2,12.5
52.5,106.0,3.8,2,21.5
52.5,106.5,5.4,4,11.75
52.5,107.0,4.5,7,11.142857142857142
52.5,107.5,4.6,2,14.685
52.5,139.5,4.9,3,10.0
52.5,142.5,5.4,10,49.69
52.5,143.0,7.1,23,26.27391304347826
52.5,143.5,5.2,3,17.666666666666668
52.5,144.0,4.8,1,11.5
52.5,151.0,3.4,1,600.0
52.5,151.5,5.5,1,580.2
52.5,152.0,4.4,4,453.93
52.5,152.5,5.4,28,491.54703571428576
52.5,153.0,5.8,25,470.9836
52.5,153.5,4.0,3,452.5333333333333
52.5,154.0,4.5,3,408.1666666666667
52.5,154.5,3.5,1,600.0
52.5,156.0,4.6,5,212.83599999999996
52.5,156.5,4.3,2,201.89999999999998
52.5,157.0,5.0,14,121.44228571428572
52.5,157.5,5.3,17,132.57482352941176
52.5,158.0,5.9,26,100.93438461538462
52.5,158.5,6.5,25,76.84508
52.5,159.0,6.0,50,63.7406
52.5,159.5,5.6,78,54.06969230769231
52.5,160.0,6.4,126,40.88146825396825
52.5,160.5,6.5,197,33.76268020304568
52.5,161.0,5.2,37,25.296486486486486
52.5,161.5,4.5,2,22.5
52.5,162.0,4.8,3,30.03333333333333
52.5,162.5,4.5,7,27.889999999999997
52.5,163.0,4.5,1,33.0
52.5,163.5,4.2,2,37.88
52.5,165.0,4.3,1,15.4
52.5,169.0,4.3,1,10.0
52.5,169.5,4.3,1,10.0
52.5,170.0,4.8,3,22.366666666666664
52.5,170.5,4.4,8,16.905
52.5,171.0,4.6,12,28.241666666666664
52.5,171.5,4.7,23,24.594347826086956
52.5,172.0,4.9,23,25.17782608695652
52.5,172.5,5.9,48,27.263125
52.5,173.0,5.3,28,33.13892857142857
52.5,173.5,5.5,23,35.30695652173913
52.5,174.0,6.0,28,46.354642857142856
52.5,174.5,5.3,6,78.08
52.5,175.0,4.6,9,66.22777777777777
52.5,175.5,5.7,16,53.8224375
52.5,176.0,4.8,11,86.8409090909091
52.5,176.5,4.4,12,65.85366666666667
52.5,177.0,6.5,14,51.83142857142857
52.5,177.5,4.5,9,41.42888888888889
52.5,178.0,4.4,22,75.96545454545455
52.5,178.5,4.2,28,68.365
52.5,179.0,4.4,16,82.4675
52.5,179.5,5.8,28,149.33200000000002
52.5,180.0,4.7,11,150.35545454545456
53.0,-180.0,3.5,1,147.5
53.0,-179.5,2.6,1,10.0
53.0,-179.0,2.5,1,171.48
53.0,-178.5,2.6,1,45.39
53.0,-177.5,2.1,1,9.9
53.0,-177.0,3.0,2,177.95
53.0,-176.5,4.6,6,117.46333333333332
53.0,-176.0,4.8,14,166.00571428571428
53.0,-175.5,4.6,15,173.05733333333333
53.0,-175.0,5.2,23,188.27173913043478
53.0,-174.5,5.1,65,201.91850769230768
53.0,-174.0,5.8,46,181.5605
53.0,-173.5,5.5,52,173.6134423076923
53.0,-173.0,4.3,23,179.2195652173913
53.0,-172.5,4.9,16,143.18631249999999
53.0,-172.0,4.7,13,109.98707692307691
53.0,-171.5,4.8,19,138.44842105263157
53.0,-171.0,5.6,42,169.27107142857145
53.0,-170.5,5.1,48,136.11335416666665
53.0,-170.0,6.7,175,62.583417142857144
53.0,-169.5,6.0,1287,12.961825174825174
53.0,-169.0,6.6,251,50.46950199203187
53.0,-168.5,5.7,635,33.663862992125985
53.0,-168.0,5.2,625,38.5382208
53.0,-167.5,5.1,910,37.11333076923077
53.0,-167.0,6.5,1432,29.482927374301678
53.0,-166.5,6.2,979,24.61238610827375
53.0,-166.0,4.4,129,21.217248062015504
53.0,-165.5,4.3,192,20.25734375
53.0,-165.0,4.4,58,21.907344827586208
53.0,-164.5,5.4,378,24.723343915343914
53.0,-164.0,4.0,144,23.267152777777778
53.0,-163.5,4.5,90,24.552333333333333
53.0,-163.0,5.3,87,19.075275862068967
53.0,-162.5,4.3,77,20.819090909090907
53.0,-162.0,5.4,171,21.843801169590645
53.0,-161.5,4.4,79,23.77367088607595
53.0,-161.0,4.7,76,29.338421052631578
53.0,-160.5,5.3,51,21.189411764705884
53.0,-160.0,3.6,41,21.240243902439026
53.0,-159.5,3.6,12,20.400833333333335
53.0,-159.0,3.2,3,18.900000000000002
53.0,-158.0,4.0,3,19.8
53.0,-157.5,3.4,1,10.0
53.0,-156.5,4.7,1,10.0
53.0,-155.5,3.0,1,10.0
53.0,-150.5,3.9,1,10.0
53.0,-150.0,4.4,1,10.0
53.0,-146.5,3.8,1,12.0
53.0,-146.0,3.4,1,10.0
53.0,-144.5,4.8,1,10.0
53.0,-133.5,4.2,1,20.0
53.0,-133.0,4.1,5,13.6
53.0,-132.5,5.4,21,12.685714285714285
53.0,-132.0,7.8,12,13.153333333333334
53.0,-131.5,4.2,5,10.0
53.0,-116.5,3.6,2,3.0
53.0,-116.0,3.7,4,3.0
53.0,-74.5,4.5,1,18.0
53.0,-35.5,4.8,21,10.0
53.0,-35.0,5.5,59,10.098474576271185
53.0,-34.5,5.4,9,10.0
53.0,-34.0,4.2,2,10.0
53.0,-32.5,4.5,3,11.626666666666667
53.0,-32.0,5.3,4,14.65
53.0,-31.5,4.7,2,10.0
53.0,-30.0,4.0,2,10.0
53.0,-6.0,1.5,1,10.0
53.0,-5.5,3.2,1,10.0
53.0,-4.5,3.8,5,10.66
53.0,-4.0,3.3,4,10.225
53.0,-3.5,3.3,2,11.0
53.0,-3.0,3.8,1,10.0
53.0,-2.5,3.6,5,6.32
53.0,-2.0,3.3,8,8.125
53.0,-1.0,4.2,9,6.877777777777777
53.0,-0.0,3.3,1,10.0
53.0,1.5,4.0,2,10.0
53.0,2.0,4.2,2,7.0
53.0,2.5,4.2,4,10.0
53.0,3.5,3.5,1,10.0
53.0,4.0,3.7,1,10.0
53.0,4.5,4.0,1,10.0
53.0,6.5,3.0,3,6.666666666666667
53.0,8.0,3.0,1,5.0
53.0,8.5,4.0,1,10.0
53.0,9.0,2.9,2,5.154999999999999
53.0,9.5,4.5,1,5.5
53.0,83.5,4.6,1,33.0
53.0,85.5,4.3,1,16.1
53.0,88.0,4.3,2,19.85
53.0,92.0,4.0,1,10.0
53.0,95.5,4.3,1,10.0
53.0,97.0,4.1,1,10.0
53.0,99.0,5.3,1,10.0
53.0,101.0,3.8,1,10.0
53.0,101.5,4.1,1,33.0
53.0,107.0,4.4,3,17.566666666666666
53.0,107.5,4.5,7,9.1
53.0,108.0,4.7,6,14.695
53.0,108.5,5.3,5,14.3
53.0,109.0,3.8,1,10.0
53.0,129.0,4.2,2,10.0
53.0,142.5,5.2,11,30.772727272727273
53.0,143.0,5.2,35,25.69542857142857
53.0,143.5,4.6,1,33.0
53.0,144.0,5.6,2,10.0
53.0,144.5,5.0,1,19.7
53.0,152.5,5.6,6,545.37
53.0,153.0,6.7,15,492.75699999999995
53.0,153.5,6.3,19,486.48189473684215
53.0,154.0,5.7,5,457.32399999999996
53.0,154.5,5.0,3,274.3333333333333
53.0,155.0,3.6,1,400.0
53.0,156.0,4.4,4,225.13299999999998
53.0,156.5,4.7,8,264.93125
53.0,157.0,4.9,5,215.144
53.0,157.5,5.3,10,156.866
53.0,158.0,5.3,15,107.97186666666667
53.0,158.5,5.2,24,110.76066666666667
53.0,159.0,5.4,23,76.92617391304347
53.0,159.5,6.4,73,60.78667123287671
53.0,160.0,6.9,105,50.19157142857143
53.0,160.5,5.3,73,38.560767123287675
53.0,161.0,5.0,22,35.416363636363634
53.0,161.5,4.7,6,32.876666666666665
53.0,162.0,4.2,1,32.12
53.0,162.5,5.0,8,26.8375
53.0,163.0,5.3,8,34.41875
53.0,163.5,4.2,1,39.43
53.0,164.0,4.7,1,33.0
53.0,168.0,4.3,1,33.0
53.0,169.0,5.4,5,12.874
53.0,169.5,4.1,1,33.0
53.0,170.0,4.8,5,16.06
53.0,170.5,5.5,21,22.31142857142857
53.0,171.0,6.4,44,26.674545454545456
53.0,171.5,5.4,27,26.46148148148148
53.0,172.0,5.3,11,23.978272727272724
53.0,172.5,6.2,20,34.42
53.0,173.0,6.0,18,32.37411111111111
53.0,173.5,5.1,16,36.8325
53.0,174.0,4.5,2,57.51
53.0,174.5,4.3,6,52.03333333333333
53.0,175.0,5.5,3,93.43333333333334
53.0,175.5,2.7,1,60.8
53.0,176.0,3.4,2,18.043
53.0,177.0,3.2,3,20.0
53.0,177.5,2.9,1,10.0
53.0,178.5,3.4,6,35.61666666666667
53.0,179.0,3.8,2,59.9
53.0,179.5,4.4,2,75.35
53.5,-180.0,2.8,1,6.1
53.5,-179.5,2.8,1,22.1
53.5,-179.0,3.6,2,95.925
53.5,-178.5,2.9,1,5.9
53.5,-177.5,2.5,1,4.8
53.5,-177.0,2.4,1,10.0
53.5,-176.5,2.9,2,15.25
53.5,-175.0,3.1,12,34.733333333333334
53.5,-174.5,3.4,5,68.2
53.5,-174.0,3.9,7,94.97142857142856
53.5,-173.5,4.4,4,110.95
53.5,-173.0,1.9,1,154.4
53.5,-172.5,3.1,2,256.46500000000003
53.5,-172.0,6.1,8,121.69624999999999
53.5,-171.5,4.4,5,148.482
53.5,-171.0,4.6,11,174.8490909090909
53.5,-170.5,4.7,19,151.88605263157896
53.5,-170.0,5.4,35,134.6398
53.5,-169.5,5.0,30,156.28913333333333
53.5,-169.0,5.1,41,126.04595121951219
53.5,-168.5,4.7,252,23.278630952380954
53.5,-168.0,4.4,500,26.884155999999997
53.5,-167.5,5.3,1286,27.773293157076207
53.5,-167.0,5.4,1503,32.68477977378576
53.5,-166.5,5.2,735,59.36245986394558
53.5,-166.0,5.3,1501,35.140295802798136
53.5,-165.5,6.0,1658,29.353946924004823
53.5,-165.0,4.9,1617,33.110299938157084
53.5,-164.5,6.6,1022,26.979289628180037
53.5,-164.0,5.2,644,24.528170807808824
53.5,-163.5,6.0,1420,23.29244225352113
53.5,-163.0,5.5,424,24.45182783018868
53.5,-162.5,4.8,79,25.56541772151899
53.5,-162.0,3.7,46,20.23108695652174
53.5,-161.5,4.6,85,22.863529411764706
53.5,-161.0,5.7,88,21.121136363636364
53.5,-160.5,5.5,81,21.321358024691357
53.5,-160.0,5.3,162,21.882654320987655
53.5,-159.5,5.0,73,19.134931506849313
53.5,-159.0,4.5,20,20.904
53.5,-158.5,4.2,8,15.325
53.5,-158.0,4.0,14,21.472857142857144
53.5,-157.5,3.6,13,18.762307692307694
53.5,-157.0,3.7,3,29.076666666666668
53.5,-156.5,5.3,3,21.266666666666666
53.5,-155.5,3.1,1,4.8
53.5,-155.0,3.1,1,10.0
53.5,-154.5,2.8,2,8.4
53.5,-152.5,2.9,1,11.9
53.5,-152.0,4.6,1,33.0
53.5,-151.5,3.3,1,15.34
53.5,-151.0,3.0,1,16.42
53.5,-150.5,5.7,4,10.5
53.5,-150.0,3.7,2,10.0
53.5,-145.0,3.6,1,10.0
53.5,-139.0,3.3,1,10.0
53.5,-135.5,3.8,1,35.0
53.5,-135.0,4.1,1,10.0
53.5,-134.5,3.5,1,10.0
53.5,-133.0,4.0,2,10.0
53.5,-132.0,4.1,4,7.025
53.5,-131.5,3.8,2,12.649999999999999
53.5,-131.0,3.2,1,10.0
53.5,-123.0,3.2,1,5.0
53.5,-116.5,3.6,1,5.0
53.5,-35.5,6.0,117,10.055384615384616
53.5,-35.0,5.2,76,10.056973684210528
53.5,-34.5,4.7,4,10.0
53.5,-31.5,4.0,1,10.0
53.5,-4.0,3.8,1,4.9
53.5,-2.5,1.5,1,9.1
53.5,-2.0,4.3,14,5.314285714285715
53.5,-1.5,1.9,3,0.9333333333333332
53.5,-1.0,3.2,10,3.29
53.5,-0.5,4.8,4,20.9
53.5,1.0,3.6,1,11.0
53.5,2.0,3.8,3,10.0
53.5,2.5,3.4,2,10.0
53.5,4.0,3.2,1,10.0
53.5,6.5,3.8,5,8.6
53.5,7.0,3.4,2,4.0
53.5,11.0,3.5,1,10.0
53.5,63.5,4.2,1,10.0
53.5,76.5,3.0,1,0.0
53.5,82.0,4.3,2,8.745
53.5,82.5,4.1,1,52.8
53.5,84.5,4.0,1,10.0
53.5,87.5,4.2,2,12.504999999999999
53.5,88.0,4.1,1,10.0
53.5,90.0,4.5,1,33.0
53.5,92.0,5.0,1,31.38
53.5,98.5,4.6,2,12.724
53.5,99.0,4.2,1,10.0
53.5,101.5,4.3,1,10.0
53.5,107.5,3.9,1,10.0
53.5,108.0,4.5,5,10.92
53.5,108.5,5.3,15,9.966666666666667
53.5,109.0,4.5,2,10.68
53.5,110.0,4.4,2,10.0
53.5,112.0,4.9,1,13.0
53.5,125.5,4.6,1,10.0
53.5,127.0,4.2,1,10.0
53.5,132.5,4.8,1,10.0
53.5,142.5,5.6,10,19.77
53.5,143.0,4.7,5,14.6
53.5,143.5,3.6,1,33.0
53.5,144.5,4.1,1,33.0
53.5,152.5,3.5,1,400.0
53.5,153.0,6.3,3,603.2533333333333
53.5,153.5,4.5,11,502.7081818181818
53.5,154.0,4.8,25,478.42760000000004
53.5,154.5,4.3,2,448.735
53.5,155.0,4.1,1,389.9
53.5,155.5,4.0,1,398.18
53.5,156.0,4.7,2,188.0
53.5,156.5,4.7,1,330.4
53.5,157.0,4.2,4,93.575
53.5,157.5,4.6,9,145.29666666666668
53.5,158.0,4.8,11,131.4
53.5,158.5,4.4,9,132.84555555555556
53.5,159.0,5.0,26,98.86592307692308
53.5,159.5,5.7,33,65.10727272727273
53.5,160.0,5.8,41,52.671463414634154
53.5,160.5,5.8,87,51.155988505747125
53.5,161.0,5.2,23,36.41252173913044
53.5,161.5,5.8,66,29.914848484848488
53.5,162.0,5.6,24,29.105416666666667
53.5,162.5,5.3,2,21.5
53.5,163.0,5.2,6,34.38
53.5,163.5,4.7,3,29.243333333333336
53.5,164.0,4.5,3,30.756666666666664
53.5,166.0,4.0,1,10.0
53.5,167.0,4.0,1,33.0
53.5,167.5,4.5,1,20.8
53.5,168.0,4.7,2,35.85
53.5,168.5,4.5,2,10.0
53.5,169.0,4.7,9,31.18
53.5,169.5,5.9,14,29.490714285714287
53.5,170.0,7.1,30,26.421333333333333
53.5,170.5,6.0,30,24.991666666666667
53.5,171.0,4.6,11,24.727272727272727
53.5,171.5,6.0,14,23.351428571428574
53.5,172.0,5.1,8,21.84
53.5,172.5,4.5,4,27.8525
53.5,173.0,3.4,1,2.2
53.5,173.5,3.7,1,33.0
53.5,176.0,4.7,1,33.0
53.5,178.5,3.2,2,17.314
53.5,179.0,4.4,1,31.6
53.5,179.5,4.3,2,13.04
53.5,180.0,4.2,3,17.593333333333334
54.0,-176.5,2.7,1,15.01
54.0,-176.0,2.5,1,15.87
54.0,-175.5,2.5,1,10.0
54.0,-175.0,3.5,3,12.133333333333333
54.0,-174.5,2.7,3,18.24
54.0,-174.0,3.2,6,14.701666666666668
54.0,-173.0,2.8,1,10.0
54.0,-172.0,4.0,2,13.29
54.0,-171.5,2.8,4,18.1
54.0,-171.0,3.6,5,100.78399999999999
54.0,-170.5,2.9,3,56.31
54.0,-170.0,4.9,3,195.63400000000001
54.0,-169.5,4.7,13,197.90061538461538
54.0,-169.0,4.0,4,126.89750000000001
54.0,-168.5,3.9,12,24.841666666666665
54.0,-168.0,4.3,72,30.612916666666667
54.0,-167.5,5.2,20,85.16715
54.0,-167.0,5.4,1471,10.806871515975526
54.0,-166.5,5.9,1893,16.081921288959325
54.0,-166.0,5.4,1142,34.47165674255692
54.0,-165.5,5.1,638,72.68680877742946
54.0,-165.0,4.6,695,60.09666043165467
54.0,-164.5,5.0,946,45.349691331923886
54.0,-164.0,6.2,1850,31.337126486486486
54.0,-163.5,5.0,1092,29.443791208791207
54.0,-163.0,5.2,672,21.585250000000002
54.0,-162.5,5.7,499,18.954951903807615
54.0,-162.0,4.8,88,19.327238636363635
54.0,-161.5,5.1,138,23.519057971014494
54.0,-161.0,6.4,65,24.63055384615385
54.0,-160.5,4.6,68,27.662985294117647
54.0,-160.0,5.2,234,20.81596153846154
54.0,-159.5,5.9,319,21.731316614420063
54.0,-159.0,3.8,18,21.590555555555554
54.0,-158.5,3.8,14,21.428571428571427
54.0,-158.0,4.4,19,16.873684210526317
54.0,-157.5,5.8,17,26.03929411764706
54.0,-157.0,4.7,9,20.61111111111111
54.0,-156.5,4.5,12,29.974999999999998
54.0,-156.0,3.9,6,28.616666666666664
54.0,-155.5,3.8,9,9.833333333333334
54.0,-155.0,3.6,5,15.8632
54.0,-154.5,2.8,1,10.2
54.0,-154.0,2.5,2,24.6
54.0,-153.5,4.2,3,16.023333333333333
54.0,-153.0,3.1,2,10.85
54.0,-152.5,3.7,2,11.05
54.0,-152.0,5.0,2,12.15
54.0,-150.5,3.6,1,10.0
54.0,-149.5,4.0,1,13.2
54.0,-148.5,3.5,1,10.0
54.0,-148.0,3.7,1,10.0
54.0,-147.5,3.7,1,25.0
54.0,-134.0,5.1,9,13.044444444444444
54.0,-133.5,6.2,7,16.571428571428573
54.0,-132.0,4.0,2,6.6
54.0,-131.5,5.3,13,11.152230769230767
54.0,-123.0,3.4,2,5.5
54.0,-122.0,3.9,1,10.513
54.0,-117.0,4.6,1,5.0
54.0,-82.0,3.7,1,18.0
54.0,-79.5,2.9,1,10.191
54.0,-36.0,4.6,2,10.615
54.0,-35.5,5.6,123,10.407967479674797
54.0,-35.0,5.8,177,10.060282485875707
54.0,-34.5,4.8,2,10.0
54.0,-11.0,4.0,1,3.0
54.0,-3.5,3.2,1,8.0
54.0,-3.0,3.7,3,6.266666666666667
54.0,-2.5,3.0,1,10.0
54.0,-1.5,3.6,1,6.0
54.0,-1.0,2.2,2,7.5
54.0,-0.5,3.0,1,9.5
54.0,1.0,3.5,1,24.9
54.0,12.5,3.5,1,10.0
54.0,86.0,4.3,1,10.0
54.0,86.5,4.6,1,10.0
54.0,87.0,4.9,1,33.0
54.0,87.5,3.6,1,33.0
54.0,88.0,4.6,2,7.5
54.0,89.0,4.3,1,10.0
54.0,101.5,4.0,1,10.0
54.0,109.0,5.4,6,19.416666666666668
54.0,109.5,4.5,2,8.75
54.0,110.0,4.2,1,13.7
54.0,111.5,4.6,2,10.0
54.0,123.5,6.0,1,12.0
54.0,127.0,4.2,1,10.0
54.0,128.0,5.1,1,10.0
54.0,128.5,4.7,1,9.44
54.0,134.5,4.5,1,10.0
54.0,140.0,4.2,1,10.0
54.0,141.5,3.6,1,10.0
54.0,142.0,5.2,2,22.75
54.0,143.0,4.8,2,10.0
54.0,143.5,4.3,2,10.0
54.0,153.0,7.7,2,636.45
54.0,153.5,4.3,3,628.1
54.0,154.0,5.0,3,498.5
54.0,154.5,7.3,1,492.3
54.0,155.0,4.5,2,411.04999999999995
54.0,156.5,3.6,1,300.0
54.0,157.0,4.0,1,269.8
54.0,157.5,4.4,2,128.7295
54.0,158.0,4.5,4,91.6
54.0,158.5,7.2,24,156.33333333333334
54.0,159.0,5.4,34,68.92382352941176
54.0,159.5,6.6,102,49.999117647058824
54.0,160.0,5.6,33,69.58339393939394
54.0,160.5,5.8,78,52.3525641025641
54.0,161.0,5.9,35,41.55942857142857
54.0,161.5,6.4,175,33.88805714285714
54.0,162.0,6.1,92,32.0195652173913
54.0,162.5,5.0,7,34.33857142857143
54.0,163.0,5.4,6,31.78333333333333
54.0,163.5,4.7,6,29.599999999999998
54.0,164.0,4.9,10,28.488999999999997
54.0,164.5,4.1,1,10.0
54.0,166.5,4.8,2,30.45
54.0,167.0,4.2,1,37.82
54.0,167.5,4.5,2,37.05
54.0,168.0,4.8,6,21.416666666666668
54.0,168.5,5.3,16,28.046875
54.0,169.0,5.4,64,17.10234375
54.0,169.5,5.3,52,16.61398076923077
54.0,170.0,5.0,8,14.947375000000001
54.0,170.5,4.8,17,26.646470588235296
54.0,171.0,6.8,25,19.4756
54.0,171.5,6.1,5,24.624000000000002
54.0,172.5,4.6,1,33.0
54.0,175.5,3.9,1,33.0
54.5,-175.0,3.3,2,10.0
54.5,-174.5,3.2,1,20.0
54.5,-174.0,3.6,2,17.23
54.5,-171.5,3.2,2,17.919999999999998
54.5,-171.0,3.5,4,18.625
54.5,-170.5,2.9,2,8.85
54.5,-170.0,3.4,3,75.98333333333333
54.5,-169.5,6.0,4,209.97500000000002
54.5,-169.0,2.9,2,12.1145
54.5,-168.0,4.3,5,130.96
54.5,-167.5,1.8,4,19.175
54.5,-167.0,3.3,2,188.66500000000002
54.5,-166.5,4.1,13,116.27846153846153
54.5,-166.0,4.8,62,88.09920967741935
54.5,-165.5,4.7,85,117.37796470588236
54.5,-165.0,4.7,146,70.11390410958903
54.5,-164.5,5.2,337,41.69044807121662
54.5,-164.0,6.5,327,55.28337003058104
54.5,-163.5,4.9,1484,22.379503369272236
54.5,-163.0,4.7,415,47.48124578313253
54.5,-162.5,5.3,834,30.18199520383693
54.5,-162.0,5.6,724,29.16271961325967
54.5,-161.5,7.0,3519,18.18430065359477
54.5,-161.0,7.2,1369,20.249434623813002
54.5,-160.5,5.6,464,20.75571551724138
54.5,-160.0,5.9,2583,17.790471544715448
54.5,-159.5,7.6,2143,24.576365842277184
54.5,-159.0,5.6,64,24.54975
54.5,-158.5,4.1,35,19.938657142857142
54.5,-158.0,4.0,37,19.244054054054054
54.5,-157.5,4.8,13,17.77769230769231
54.5,-157.0,5.0,172,23.60813953488372
54.5,-156.5,5.0,65,17.966153846153844
54.5,-156.0,5.4,20,16.2505
54.5,-155.5,3.8,4,23.15
54.5,-155.0,3.3,11,22.018181818181816
54.5,-154.5,3.1,8,16.7375
54.5,-154.0,4.2,11,17.200909090909093
54.5,-153.5,3.9,15,12.68
54.5,-153.0,3.9,10,19.28
54.5,-152.5,3.6,3,12.420000000000002
54.5,-152.0,3.8,1,10.0
54.5,-151.5,3.7,2,10.45
54.5,-150.0,3.3,1,10.0
54.5,-149.5,4.1,2,21.5
54.5,-147.0,3.1,1,10.0
54.5,-142.5,5.2,1,10.0
54.5,-140.0,3.9,1,10.0
54.5,-137.0,3.0,1,9.9
54.5,-136.5,3.3,1,10.0
54.5,-135.0,3.5,1,9.2
54.5,-134.5,5.9,2,15.0
54.5,-134.0,4.4,16,19.395625
54.5,-133.5,2.2,2,15.85
54.5,-132.0,2.8,1,14.2
54.5,-130.5,2.0,1,16.5
54.5,-118.0,4.0,1,15.03
54.5,-117.5,4.4,1,1.0
54.5,-117.0,4.4,1,5.0
54.5,-60.0,4.3,1,10.58
54.5,-53.0,4.2,1,10.0
54.5,-35.5,4.8,6,10.0
54.5,-35.0,5.0,30,10.030333333333335
54.5,-4.0,2.3,1,10.0
54.5,-3.0,3.5,4,8.475
54.5,-1.5,2.8,1,10.0
54.5,-0.5,2.4,1,5.0
54.5,19.5,4.0,1,10.0
54.5,58.0,4.4,2,10.0
54.5,78.0,4.4,1,10.0
54.5,82.5,3.8,1,10.0
54.5,84.0,4.8,1,10.0
54.5,86.0,5.6,4,8.725
54.5,87.0,5.0,2,10.0
54.5,89.0,3.5,1,10.0
54.5,94.0,4.4,1,15.51
54.5,95.0,5.5,2,21.5
54.5,108.5,3.1,1,10.0
54.5,109.0,4.3,1,10.0
54.5,110.0,5.3,3,10.433333333333334
54.5,111.5,4.3,3,11.64
54.5,120.5,4.0,1,10.0
54.5,125.5,4.3,1,10.0
54.5,126.5,4.7,1,10.0
54.5,133.5,4.3,1,16.49
54.5,142.0,4.4,1,10.0
54.5,143.0,4.7,6,16.333333333333332
54.5,152.0,4.5,1,33.0
54.5,153.0,4.4,3,604.48
54.5,153.5,4.6,2,614.8
54.5,155.5,4.1,1,435.126
54.5,156.0,3.8,1,33.0
54.5,157.0,3.9,2,176.4
54.5,157.5,4.1,2,282.78999999999996
54.5,158.0,5.0,2,248.45
54.5,158.5,6.2,12,136.3216666666667
54.5,159.0,4.8,7,94.10142857142857
54.5,159.5,5.5,19,102.79594736842105
54.5,160.0,4.8,17,101.78629411764706
54.5,160.5,5.6,25,75.9792
54.5,161.0,5.0,30,49.44466666666666
54.5,161.5,5.6,91,44.41085714285714
54.5,162.0,5.1,56,38.24482142857143
54.5,162.5,6.4,45,36.662
54.5,163.0,6.6,28,25.74642857142857
54.5,163.5,5.4,7,22.66714285714286
54.5,164.0,5.7,23,16.786956521739132
54.5,164.5,5.1,32,15.9425
54.5,165.0,4.5,7,12.802857142857144
54.5,165.5,4.3,2,21.5
54.5,166.0,4.6,4,27.8625
54.5,166.5,5.5,12,32.775
54.5,167.0,4.3,2,22.5
54.5,167.5,5.2,11,26.477272727272727
54.5,168.0,5.0,27,23.49888888888889
54.5,168.5,6.3,61,22.064098360655738
54.5,169.0,7.7,52,13.715000000000002
54.5,169.5,5.5,6,11.666666666666666
54.5,170.0,4.2,3,26.766666666666666
54.5,170.5,5.6,18,11.165555555555555
54.5,171.0,4.8,1,10.0
54.5,171.5,2.7,1,20.0
54.5,172.5,4.4,1,10.0
55.0,-179.5,3.3,1,10.0
55.0,-168.0,3.0,2,9.14
55.0,-167.5,2.4,2,8.45
55.0,-167.0,4.4,2,15.0
55.0,-166.5,2.4,4,48.925
55.0,-166.0,3.7,9,150.09155555555557
55.0,-165.5,4.8,21,148.59795238095236
55.0,-165.0,4.7,37,143.54205405405403
55.0,-164.5,2.9,22,128.98486363636363
55.0,-164.0,5.1,142,46.42995774647888
55.0,-163.5,4.2,178,82.56155617977528
55.0,-163.0,4.8,225,84.49672444444444
55.0,-162.5,4.3,283,56.70924381625442
55.0,-162.0,4.6,445,48.76430337078652
55.0,-161.5,6.2,396,64.00829545454546
55.0,-161.0,6.1,448,46.80580580357143
55.0,-160.5,6.9,1382,25.14465484804631
55.0,-160.0,5.9,707,22.42306082036775
55.0,-159.5,5.7,955,18.231398952879584
55.0,-159.0,6.1,240,22.6860625
55.0,-158.5,7.8,328,22.550016768292682
55.0,-158.0,5.5,288,27.88111111111111
55.0,-157.5,6.9,253,27.55596837944664
55.0,-157.0,5.4,189,24.735185185185184
55.0,-156.5,5.6,79,22.68227848101266
55.0,-156.0,5.6,27,18.744444444444444
55.0,-155.5,4.5,21,12.399999999999999
55.0,-155.0,4.4,14,14.421428571428569
55.0,-154.5,4.1,12,17.86583333333333
55.0,-154.0,3.6,19,20.383684210526315
55.0,-153.5,3.7,17,16.687058823529412
55.0,-153.0,5.0,17,19.778176470588235
55.0,-152.5,2.6,4,14.757
55.0,-152.0,3.3,6,15.4
55.0,-151.5,3.6,6,7.341666666666666
55.0,-151.0,2.7,1,10.0
55.0,-150.5,3.6,1,4.5
55.0,-149.5,2.8,1,5.1
55.0,-149.0,2.8,1,13.2
55.0,-148.5,3.7,1,10.0
55.0,-142.5,3.3,1,15.05
55.0,-140.0,3.5,1,12.0
55.0,-136.0,2.9,1,10.0
55.0,-135.5,3.2,5,14.12
55.0,-135.0,7.5,12,11.341666666666667
55.0,-134.5,6.8,40,14.469999999999999
55.0,-134.0,3.3,2,19.67
55.0,-133.5,2.2,1,8.3
55.0,-133.0,3.9,5,16.1
55.0,-132.5,3.2,5,9.78
55.0,-130.5,3.8,2,12.3
55.0,-116.0,3.5,1,5.0
55.0,-59.5,4.4,1,10.0
55.0,-59.0,4.3,1,10.0
55.0,-35.5,5.2,4,10.0
55.0,-35.0,4.5,2,10.0
55.0,-7.5,2.0,2,9.4
55.0,-3.5,3.6,4,10.125
55.0,-3.0,2.6,1,14.0
55.0,4.5,3.4,1,10.0
55.0,5.5,3.0,1,10.0
55.0,11.0,2.5,1,10.0
55.0,13.0,2.1,1,10.0
55.0,19.0,4.3,1,10.0
55.0,20.0,4.8,2,7.05
55.0,22.0,2.0,1,10.0
55.0,52.0,3.7,1,10.0
55.0,58.0,5.0,2,10.0
55.0,58.5,4.5,1,33.0
55.0,61.5,4.2,1,0.0
55.0,93.0,4.5,1,10.0
55.0,95.0,4.8,1,19.3
55.0,97.0,3.8,1,33.0
55.0,103.0,4.2,1,33.0
55.0,108.0,3.5,1,9.0
55.0,109.0,4.3,2,10.0
55.0,109.5,4.7,6,17.666666666666668
55.0,110.0,4.5,4,12.0175
55.0,110.5,4.7,5,18.15
55.0,111.0,5.2,7,16.004285714285714
55.0,111.5,5.1,15,10.229333333333333
55.0,112.0,4.9,6,10.0
55.0,113.0,4.6,3,13.5
55.0,113.5,4.5,3,10.0
55.0,123.0,4.1,1,31.4
55.0,124.0,4.5,1,33.0
55.0,125.5,4.0,1,10.0
55.0,126.0,4.2,1,13.0
55.0,135.0,5.0,2,25.25
55.0,140.0,4.2,1,33.0
55.0,142.5,5.2,1,10.0
55.0,153.0,8.3,2,599.4000000000001
55.0,153.5,4.3,1,602.2
55.0,155.5,4.3,1,442.5
55.0,156.5,4.8,1,10.0
55.0,158.0,4.0,1,320.45
55.0,158.5,4.4,3,241.16
55.0,159.0,4.6,5,184.136
55.0,159.5,5.3,6,111.48333333333333
55.0,160.0,5.0,14,114.52035714285715
55.0,160.5,5.3,29,92.84431034482759
55.0,161.0,4.9,14,74.69500000000001
55.0,161.5,5.5,46,43.47239130434782
55.0,162.0,7.8,92,39.787217391304345
55.0,162.5,6.2,93,38.866021505376345
55.0,163.0,5.6,63,26.595079365079364
55.0,163.5,5.1,25,20.5896
55.0,164.0,4.9,18,19.126666666666665
55.0,164.5,7.3,121,12.438264462809917
55.0,165.0,5.9,30,22.19766666666667
55.0,165.5,6.0,84,30.34309523809524
55.0,166.0,5.5,19,28.144736842105264
55.0,166.5,4.7,8,26.8
55.0,167.0,5.4,16,13.223125
55.0,167.5,5.2,9,16.69222222222222
55.0,168.0,5.3,12,23.0325
55.0,168.5,4.1,5,28.8
55.0,169.5,4.4,1,15.25
55.5,-171.0,4.8,1,0.5
55.5,-166.5,2.4,2,18.7
55.5,-166.0,2.4,2,23.45
55.5,-165.5,2.8,2,21.25
55.5,-165.0,2.7,6,100.79833333333333
55.5,-164.5,4.8,5,96.5
55.5,-164.0,5.5,10,201.097
55.5,-163.5,4.5,16,166.0124375
55.5,-163.0,4.3,39,151.63051282051282
55.5,-162.5,4.1,75,124.70139999999999
55.5,-162.0,4.7,412,58.4507791262136
55.5,-161.5,4.6,316,72.43436708860759
55.5,-161.0,3.7,113,92.782
55.5,-160.5,4.7,147,68.96222448979591
55.5,-160.0,4.0,233,41.621047210300425
55.5,-159.5,4.4,346,33.91285260115607
55.5,-159.0,5.0,309,37.29967637540453
55.5,-158.5,5.1,488,24.995081967213114
55.5,-158.0,8.2,145,22.767586206896553
55.5,-157.5,4.8,119,21.568067226890754
55.5,-157.0,5.9,162,22.13364197530864
55.5,-156.5,5.0,88,26.577272727272728
55.5,-156.0,4.6,76,27.419473684210526
55.5,-155.5,5.8,70,20.72142857142857
55.5,-155.0,4.2,25,16.406399999999998
55.5,-154.5,4.7,31,25.654838709677417
55.5,-154.0,5.1,38,21.181578947368422
55.5,-153.5,4.5,15,13.54
55.5,-153.0,6.1,10,12.809999999999999
55.5,-152.5,3.9,12,16.508333333333333
55.5,-152.0,4.7,54,11.022407407407409
55.5,-151.5,5.0,38,10.561842105263159
55.5,-151.0,3.8,12,11.8275
55.5,-150.5,3.6,9,10.868888888888888
55.5,-150.0,4.4,19,10.82421052631579
55.5,-149.5,5.0,83,9.513638554216866
55.5,-149.0,5.0,153,10.14364705882353
55.5,-148.5,3.9,1,6.01
55.5,-148.0,3.1,1,10.0
55.5,-144.5,3.6,1,10.0
55.5,-143.0,3.3,1,10.0
55.5,-142.5,4.4,3,10.633333333333333
55.5,-138.0,3.6,1,25.0
55.5,-137.0,2.9,1,20.0
55.5,-136.0,3.5,5,12.739999999999998
55.5,-135.5,4.7,52,13.024999999999999
55.5,-135.0,4.9,251,16.811235059760957
55.5,-134.5,3.2,36,15.291666666666666
55.5,-132.5,3.3,1,0.0
55.5,-131.5,2.5,1,9.6
55.5,-123.0,3.0,1,10.0
55.5,-118.0,3.3,1,0.0
55.5,-35.5,4.6,4,10.0
55.5,-35.0,5.4,42,10.554285714285713
55.5,-34.5,4.7,2,10.0
55.5,-34.0,4.7,1,18.14
55.5,-6.5,2.4,1,13.2
55.5,-5.0,2.2,2,12.7
55.5,4.5,4.0,1,10.0
55.5,5.0,4.4,1,10.0
55.5,12.0,2.5,1,28.6
55.5,13.5,4.3,1,10.0
55.5,58.5,4.5,1,33.0
55.5,88.0,4.1,1,10.0
55.5,109.0,4.1,1,14.41
55.5,109.5,4.4,5,10.0
55.5,110.0,4.7,14,10.15
55.5,110.5,5.4,39,10.53076923076923
55.5,111.0,4.8,3,10.0
55.5,111.5,4.7,5,12.08
55.5,112.0,4.2,1,33.0
55.5,113.0,4.1,1,33.0
55.5,114.0,4.2,1,10.0
55.5,119.0,4.2,1,10.0
55.5,133.0,4.3,1,10.0
55.5,143.5,4.8,2,10.0
55.5,155.0,4.9,2,22.5
55.5,158.0,4.5,1,338.1
55.5,158.5,4.7,3,217.53333333333333
55.5,159.0,5.6,3,296.14000000000004
55.5,159.5,4.6,3,164.39666666666668
55.5,160.0,6.9,19,181.86436842105263
55.5,160.5,5.3,23,106.48308695652173
55.5,161.0,5.3,22,109.02618181818183
55.5,161.5,5.7,27,78.42996296296296
55.5,162.0,6.1,61,52.30237704918033
55.5,162.5,5.5,84,36.64689285714286
55.5,163.0,5.4,60,31.94676666666667
55.5,163.5,4.9,7,27.25857142857143
55.5,164.0,5.5,17,18.794117647058822
55.5,164.5,6.1,37,17.475135135135137
55.5,165.0,5.1,12,24.9175
55.5,165.5,5.5,40,16.11225
55.5,166.0,6.7,27,21.994444444444444
55.5,166.5,6.2,70,18.16042857142857
55.5,167.0,5.8,11,19.007272727272728
55.5,167.5,4.3,1,33.0
55.5,168.0,4.2,1,33.0
56.0,-172.5,3.7,1,14.44
56.0,-170.5,3.4,1,16.82
56.0,-170.0,3.7,3,15.0
56.0,-169.5,3.0,2,20.835
56.0,-169.0,3.0,2,0.7000000000000001
56.0,-168.5,3.2,3,11.033333333333331
56.0,-167.5,2.7,1,31.8
56.0,-167.0,2.6,1,10.6
56.0,-166.5,2.8,1,10.0
56.0,-166.0,3.9,8,10.4625
56.0,-164.5,2.7,1,16.88
56.0,-164.0,4.4,3,143.36666666666667
56.0,-163.5,2.8,1,129.7
56.0,-162.5,4.9,7,77.48571428571428
56.0,-162.0,5.0,44,140.87324999999998
56.0,-161.5,4.7,130,151.85996923076922
56.0,-161.0,4.4,87,152.9125172413793
56.0,-160.5,4.3,122,112.90190163934427
56.0,-160.0,3.9,69,71.31072463768115
56.0,-159.5,4.2,241,50.4860580912863
56.0,-159.0,3.5,142,59.78302816901409
56.0,-158.5,5.1,129,52.81286821705426
56.0,-158.0,4.7,210,48.508095238095244
56.0,-157.5,4.8,203,32.635960591133006
56.0,-157.0,5.7,90,30.056666666666665
56.0,-156.5,5.1,216,39.610416666666666
56.0,-156.0,5.0,75,33.81466666666667
56.0,-155.5,5.5,46,22.971739130434784
56.0,-155.0,3.5,23,29.86521739130435
56.0,-154.5,5.8,49,20.46326530612245
56.0,-154.0,5.2,38,16.742105263157896
56.0,-153.5,5.6,150,24.784666666666666
56.0,-153.0,5.8,170,20.24411764705882
56.0,-152.5,6.2,80,16.30125
56.0,-152.0,5.9,51,11.902156862745098
56.0,-151.5,4.7,23,11.253478260869565
56.0,-151.0,3.4,8,9.93375
56.0,-150.5,4.5,98,11.914693877551022
56.0,-150.0,5.2,1275,14.704510588235294
56.0,-149.5,5.3,1203,14.486265170407314
56.0,-149.0,7.9,457,13.275343544857769
56.0,-148.5,5.0,148,15.87433108108108
56.0,-148.0,3.8,5,8.394
56.0,-147.5,6.0,3,11.933333333333332
56.0,-143.0,3.3,2,13.370000000000001
56.0,-142.5,3.0,1,10.0
56.0,-142.0,3.0,1,10.0
56.0,-141.0,3.5,1,12.0
56.0,-140.0,2.6,1,10.0
56.0,-138.0,3.6,1,10.0
56.0,-136.0,3.4,7,14.299999999999999
56.0,-135.5,4.7,51,18.550980392156863
56.0,-135.0,5.9,48,14.075000000000001
56.0,-134.5,3.2,8,13.3125
56.0,-134.0,2.2,3,10.666666666666666
56.0,-130.5,3.0,3,11.133333333333333
56.0,-130.0,3.1,7,6.631428571428572
56.0,-120.5,4.3,3,7.733333333333333
56.0,-120.0,5.3,1,10.0
56.0,-116.5,5.3,10,9.046000000000001
56.0,-35.5,4.5,1,10.0
56.0,-35.0,5.3,6,10.853333333333333
56.0,-34.5,5.0,10,10.803999999999998
56.0,-6.5,3.0,1,10.0
56.0,-6.0,3.5,2,12.55
56.0,-5.5,3.1,3,7.333333333333333
56.0,-5.0,2.5,1,10.0
56.0,-4.5,3.0,4,6.175
56.0,-4.0,2.7,3,6.333333333333333
56.0,-3.5,2.2,5,4.82
56.0,-3.0,2.3,2,5.5
56.0,11.0,3.0,4,3.5749999999999997
56.0,11.5,3.0,2,0.0
56.0,12.5,2.7,1,10.0
56.0,18.0,4.2,1,10.0
56.0,91.5,3.8,1,10.0
56.0,109.0,4.8,1,10.0
56.0,109.5,3.8,2,10.0
56.0,110.0,5.9,61,10.506065573770492
56.0,110.5,5.9,43,10.0
56.0,111.0,4.9,4,10.0
56.0,111.5,5.6,5,11.940000000000001
56.0,112.0,5.0,3,12.163333333333332
56.0,112.5,4.2,1,10.0
56.0,113.5,5.0,19,12.403157894736841
56.0,114.0,5.4,21,12.809999999999999
56.0,114.5,5.8,7,14.554285714285713
56.0,115.0,4.5,4,10.0
56.0,115.5,4.3,1,10.0
56.0,118.0,5.0,3,11.013333333333334
56.0,118.5,3.9,1,10.0
56.0,120.0,5.1,1,10.0
56.0,120.5,4.1,1,10.0
56.0,130.0,4.5,1,10.0
56.0,138.0,3.8,1,10.0
56.0,157.0,4.7,1,17.23
56.0,158.0,4.3,1,62.34
56.0,158.5,6.4,1,344.0
56.0,160.0,5.0,7,150.32571428571427
56.0,160.5,5.2,19,116.76894736842105
56.0,161.0,5.8,32,123.5498125
56.0,161.5,4.7,17,69.28411764705882
56.0,162.0,6.1,30,55.258
56.0,162.5,5.2,34,42.03641176470588
56.0,163.0,5.5,32,32.59459375
56.0,163.5,5.6,24,29.659583333333334
56.0,164.0,6.4,37,27.81916216216216
56.0,164.5,5.7,62,25.7091935483871
56.0,165.0,6.5,16,19.85
56.0,165.5,4.7,9,32.56333333333333
56.0,166.0,4.2,3,25.333333333333332
56.0,166.5,4.5,4,21.5
56.5,-180.0,4.0,1,16.0
56.5,-173.0,3.6,2,8.7975
56.5,-171.0,3.2,2,18.55
56.5,-170.5,3.2,6,16.786666666666665
56.5,-170.0,3.7,12,14.020666666666665
56.5,-169.5,4.3,29,17.756793103448278
56.5,-169.0,5.4,55,13.169018181818183
56.5,-168.5,4.4,16,13.96125
56.5,-168.0,4.5,6,16.816666666666666
56.5,-167.5,4.8,3,10.333333333333334
56.5,-167.0,3.5,2,15.55
56.5,-164.0,3.3,1,8.1
56.5,-162.5,4.6,2,218.5
56.5,-162.0,5.8,9,204.7188888888889
56.5,-161.5,5.2,8,184.395
56.5,-161.0,4.2,2,192.3
56.5,-160.5,2.0,1,14.2
56.5,-160.0,3.2,11,105.9
56.5,-159.5,4.3,57,49.56842105263158
56.5,-159.0,4.5,138,34.797391304347826
56.5,-158.5,4.6,117,60.43290598290598
56.5,-158.0,5.5,149,73.28979865771812
56.5,-157.5,4.8,182,57.706593406593406
56.5,-157.0,4.9,311,47.450160771704184
56.5,-156.5,6.9,603,52.04462686567164
56.5,-156.0,5.0,182,47.83956043956044
56.5,-155.5,4.5,107,37.61401869158878
56.5,-155.0,5.4,197,26.198984771573603
56.5,-154.5,5.0,109,29.90091743119266
56.5,-154.0,4.8,87,19.74137931034483
56.5,-153.5,5.3,61,21.168852459016392
56.5,-153.0,5.2,81,21.866666666666667
56.5,-152.5,5.4,103,17.619223300970873
56.5,-152.0,5.7,111,13.547567567567567
56.5,-151.5,5.5,27,17.685185185185187
56.5,-151.0,4.3,5,11.48
56.5,-150.5,4.0,24,17.043333333333333
56.5,-150.0,4.7,168,16.301964285714284
56.5,-149.5,4.8,507,16.755737672583827
56.5,-149.0,5.5,573,16.893005235602097
56.5,-148.5,5.5,944,16.987408898305084
56.5,-148.0,5.3,50,15.2796
56.5,-147.5,4.8,13,12.825384615384614
56.5,-146.5,3.1,1,11.257
56.5,-146.0,2.8,1,15.04
56.5,-145.5,3.2,2,11.7
56.5,-144.5,3.6,2,10.9
56.5,-141.5,3.4,3,10.0
56.5,-140.5,4.2,1,10.0
56.5,-138.5,3.2,1,31.3
56.5,-138.0,3.3,1,10.0
56.5,-136.5,3.1,5,16.86
56.5,-136.0,4.8,14,13.742857142857144
56.5,-135.5,3.1,3,12.033333333333333
56.5,-135.0,2.9,8,10.2125
56.5,-134.5,2.9,7,12.757142857142856
56.5,-132.5,2.6,1,13.5
56.5,-131.5,4.3,5,9.3
56.5,-131.0,2.9,12,7.991666666666667
56.5,-130.5,2.8,1,1.8
56.5,-122.0,4.0,2,3.0
56.5,-121.0,5.0,8,2.95
56.5,-120.5,4.2,10,4.6
56.5,-35.0,4.6,3,10.0
56.5,-34.5,5.4,47,10.380425531914893
56.5,-34.0,4.8,10,11.244
56.5,-33.5,4.7,2,13.15
56.5,-5.5,2.7,5,7.6
56.5,-5.0,1.9,1,7.5
56.5,-4.5,2.5,2,10.0
56.5,3.0,3.8,2,10.0
56.5,7.5,3.3,1,10.0
56.5,8.0,3.8,1,10.0
56.5,10.5,3.2,1,10.0
56.5,11.0,2.7,1,17.3
56.5,11.5,2.8,1,10.0
56.5,12.0,4.2,1,9.8
56.5,12.5,3.9,1,10.0
56.5,109.5,3.4,1,10.0
56.5,110.0,4.4,2,10.0
56.5,111.5,4.5,2,21.5
56.5,112.5,4.9,5,20.892000000000003
56.5,113.0,4.5,3,9.476666666666667
56.5,113.5,4.7,6,10.0
56.5,114.0,4.4,1,10.0
56.5,115.5,4.9,2,21.5
56.5,116.0,4.8,1,10.0
56.5,116.5,4.2,1,10.0
56.5,117.0,4.6,1,33.0
56.5,117.5,5.0,6,10.0
56.5,118.0,5.4,8,11.875
56.5,118.5,4.2,4,12.25
56.5,119.0,4.3,2,10.0
56.5,121.0,4.1,3,17.366666666666664
56.5,121.5,5.1,6,16.801666666666666
56.5,122.0,4.3,1,33.0
56.5,123.0,4.5,1,10.0
56.5,126.5,4.2,1,10.0
56.5,129.5,5.3,2,8.91
56.5,134.5,4.2,1,10.0
56.5,156.0,4.9,1,33.0
56.5,158.0,4.3,1,122.7
56.5,158.5,5.1,2,82.24
56.5,160.0,4.7,1,90.0
56.5,160.5,4.0,2,155.715
56.5,161.0,4.6,2,12.9245
56.5,161.5,4.5,5,55.33200000000001
56.5,162.0,4.9,6,14.6935
56.5,162.5,4.7,10,40.367000000000004
56.5,163.0,4.9,11,28.538363636363638
56.5,163.5,4.6,11,22.39090909090909
56.5,164.0,6.3,29,19.33137931034483
56.5,164.5,4.7,3,24.903333333333336
56.5,166.0,4.3,2,33.0
57.0,-170.5,2.8,2,14.524000000000001
57.0,-169.0,3.7,5,15.1238
57.0,-168.5,3.4,5,12.0
57.0,-168.0,3.0,1,30.0
57.0,-167.5,3.0,1,54.24
57.0,-167.0,3.5,1,40.4
57.0,-159.5,2.5,2,100.1
57.0,-159.0,3.2,5,68.86
57.0,-158.5,3.2,68,15.915000000000001
57.0,-158.0,6.2,1063,8.984910630291626
57.0,-157.5,5.0,558,20.705842293906812
57.0,-157.0,4.7,335,52.101791044776114
57.0,-156.5,4.7,449,41.754120267260575
57.0,-156.0,5.0,384,45.80911458333333
57.0,-155.5,4.7,542,46.70350553505535
57.0,-155.0,5.3,601,37.046256239600666
57.0,-154.5,6.4,500,31.5382
57.0,-154.0,5.3,378,31.0010582010582
57.0,-153.5,6.9,117,30.01025641025641
57.0,-153.0,5.4,148,16.712162162162162
57.0,-152.5,4.5,60,17.916666666666668
57.0,-152.0,4.4,21,19.823809523809523
57.0,-151.5,4.4,12,17.991666666666667
57.0,-151.0,5.9,34,21.120588235294118
57.0,-150.5,3.3,29,16.43793103448276
57.0,-150.0,4.1,27,12.863703703703704
57.0,-149.5,4.6,39,12.101025641025641
57.0,-149.0,3.5,33,14.055757575757575
57.0,-148.5,3.1,13,11.104615384615386
57.0,-148.0,3.2,12,12.085833333333333
57.0,-147.5,3.6,2,10.0
57.0,-147.0,4.6,6,12.933333333333332
57.0,-146.5,3.1,3,9.866666666666667
57.0,-146.0,4.5,40,13.4285
57.0,-145.5,2.9,1,17.77
57.0,-145.0,3.2,2,12.530000000000001
57.0,-144.0,2.7,2,11.95
57.0,-143.5,4.4,16,13.20625
57.0,-143.0,4.6,40,13.44375
57.0,-142.5,3.4,6,17.05
57.0,-142.0,2.8,1,10.0
57.0,-141.0,3.2,2,11.1
57.0,-140.5,2.9,5,12.378
57.0,-140.0,3.2,2,10.0
57.0,-139.5,5.7,17,10.396470588235294
57.0,-138.5,2.7,2,8.75
57.0,-138.0,3.7,3,12.9
57.0,-137.5,3.8,2,17.5
57.0,-137.0,3.5,4,15.375
57.0,-136.5,3.4,12,9.174999999999999
57.0,-136.0,3.1,20,8.395
57.0,-135.5,4.6,216,5.443888888888888
57.0,-135.0,1.8,1,1.6
57.0,-134.5,3.4,1,16.6
57.0,-133.0,2.8,1,1.0
57.0,-132.5,2.8,6,6.516666666666667
57.0,-132.0,3.5,4,7.334999999999999
57.0,-131.5,4.2,6,6.866666666666667
57.0,-130.5,2.1,1,10.5
57.0,-122.0,4.6,4,9.656
57.0,-38.0,4.3,1,10.0
57.0,-36.0,4.1,1,10.0
57.0,-35.0,4.7,1,10.0
57.0,-34.5,5.6,7,10.715714285714286
57.0,-34.0,5.7,38,10.68
57.0,-33.5,5.7,30,10.01
57.0,-33.0,4.4,2,10.0
57.0,-6.0,3.5,2,13.1
57.0,-5.5,3.8,7,8.981428571428571
57.0,-5.0,3.0,1,7.5
57.0,-4.0,2.7,2,7.8
57.0,2.0,4.6,3,10.0
57.0,7.0,3.3,2,10.0
57.0,7.5,4.4,2,10.0
57.0,11.5,3.1,5,13.040000000000001
57.0,12.0,2.7,1,10.0
57.0,18.0,2.4,1,10.0
57.0,59.0,4.2,1,15.36
57.0,89.0,4.6,1,10.0
57.0,112.0,4.2,1,23.64
57.0,113.0,4.2,2,13.8
57.0,113.5,4.4,1,15.16
57.0,117.5,4.7,1,10.0
57.0,118.0,6.0,2,11.15
57.0,118.5,4.1,3,10.0
57.0,119.5,4.7,1,33.0
57.0,120.0,4.5,2,10.0
57.0,120.5,4.6,7,15.857142857142858
57.0,121.0,4.0,4,14.5
57.0,122.0,4.2,1,10.0
57.0,122.5,3.9,1,10.0
57.0,123.0,5.1,3,17.400000000000002
57.0,125.0,4.7,2,10.0
57.0,131.5,4.5,2,33.0
57.0,139.5,4.3,1,10.0
57.0,154.5,3.3,1,40.9
57.0,155.0,4.0,1,39.13
57.0,158.0,4.9,3,43.53333333333333
57.0,160.5,4.1,1,10.0
57.0,162.0,4.5,1,7.14
57.0,162.5,5.2,7,55.69428571428572
57.0,163.0,6.6,17,19.07588235294118
57.0,163.5,5.0,2,10.0
57.5,-168.0,3.2,1,10.0
57.5,-159.0,2.8,1,227.8
57.5,-158.5,2.5,2,6.75
57.5,-158.0,3.5,11,40.58181818181818
57.5,-157.5,3.6,44,97.79545454545455
57.5,-157.0,4.3,104,73.34346153846154
57.5,-156.5,4.9,410,74.66475609756097
57.5,-156.0,4.9,709,43.292101551480954
57.5,-155.5,5.3,901,57.80900110987792
57.5,-155.0,5.0,1031,51.96420950533462
57.5,-154.5,7.0,1017,38.501081612586034
57.5,-154.0,6.5,644,35.61459627329192
57.5,-153.5,4.6,269,34.96654275092937
57.5,-153.0,4.1,198,36.07171717171717
57.5,-152.5,4.7,205,24.94439024390244
57.5,-152.0,4.3,65,17.476923076923075
57.5,-151.5,3.5,20,27.73
57.5,-151.0,3.5,29,23.479310344827585
57.5,-150.5,4.4,15,16.18
57.5,-150.0,3.7,21,17.485714285714284
57.5,-149.5,3.3,5,19.48
57.5,-149.0,5.5,11,11.781818181818181
57.5,-148.5,3.0,1,13.6
57.5,-148.0,2.8,1,10.0
57.5,-147.5,2.9,1,22.9
57.5,-147.0,2.4,1,7.4
57.5,-146.5,3.2,6,8.766666666666667
57.5,-146.0,4.0,27,10.37951851851852
57.5,-145.5,3.0,4,10.1075
57.5,-144.0,2.6,4,11.725000000000001
57.5,-143.5,3.6,5,12.559999999999999
57.5,-143.0,6.9,251,11.837729083665339
57.5,-142.5,3.4,46,10.465217391304348
57.5,-142.0,2.8,1,1.0
57.5,-141.0,2.5,1,94.6
57.5,-140.5,4.3,5,11.290000000000001
57.5,-138.5,4.4,20,13.725
57.5,-138.0,3.6,16,16.6125
57.5,-137.5,3.7,6,15.666666666666666
57.5,-137.0,3.4,8,10.425
57.5,-136.5,4.5,23,9.069565217391304
57.5,-136.0,3.3,9,4.511111111111111
57.5,-135.0,2.4,2,10.149999999999999
57.5,-134.5,1.8,1,25.8
57.5,-133.5,2.3,3,7.833333333333333
57.5,-133.0,3.5,11,8.718181818181819
57.5,-132.5,3.5,25,6.776
57.5,-132.0,3.1,4,11.425
57.5,-131.0,2.6,2,5.085
57.5,-130.0,1.8,6,7.533333333333334
57.5,-129.5,1.9,1,10.2
57.5,-129.0,1.5,1,10.0
57.5,-123.0,4.4,1,5.0
57.5,-122.0,3.4,1,6.19
57.5,-36.5,4.5,1,10.0
57.5,-34.5,4.5,1,10.0
57.5,-34.0,4.7,2,10.0
57.5,-33.5,5.6,37,10.197297297297297
57.5,-33.0,5.5,62,9.995000000000001
57.5,-32.5,5.6,10,10.36
57.5,-32.0,4.4,1,10.0
57.5,-5.5,2.9,2,9.15
57.5,-5.0,1.7,1,7.8
57.5,-4.5,1.1,2,7.25
57.5,6.0,2.5,3,10.0
57.5,6.5,2.3,1,10.0
57.5,7.0,4.0,7,12.385714285714286
57.5,9.5,3.3,1,10.0
57.5,10.5,2.6,5,8.02
57.5,12.0,3.6,1,5.0
57.5,17.0,3.7,1,10.0
57.5,22.0,2.5,1,0.0
57.5,106.5,4.1,1,33.0
57.5,118.5,4.7,1,33.0
57.5,120.0,5.1,5,10.0
57.5,120.5,5.9,44,13.5375
57.5,121.0,5.6,27,10.355185185185185
57.5,121.5,3.9,1,10.0
57.5,123.5,4.3,1,10.0
57.5,127.0,4.0,1,10.0
57.5,127.5,4.2,1,10.0
57.5,128.0,3.9,1,10.0
57.5,137.5,4.4,1,10.0
57.5,142.5,4.2,1,10.0
57.5,145.5,4.5,1,14.84
57.5,161.5,4.5,1,33.0
57.5,162.0,5.4,3,45.800000000000004
57.5,162.5,4.3,2,24.11
57.5,163.0,6.0,2,21.5
58.0,-175.0,4.1,1,20.0
58.0,-159.5,2.0,1,7.6
58.0,-159.0,1.8,1,16.7
58.0,-158.5,4.0,6,14.1
58.0,-158.0,2.4,3,7.8999999999999995
58.0,-157.5,3.9,82,55.83780487804878
58.0,-157.0,5.4,325,20.52236923076923
58.0,-156.5,5.2,686,74.55755102040817
58.0,-156.0,4.3,997,75.2696188565697
58.0,-155.5,4.9,4807,7.523207821928342
58.0,-155.0,5.5,2344,27.640725255972697
58.0,-154.5,5.0,831,51.8935138387485
58.0,-154.0,5.1,790,52.21924050632911
58.0,-153.5,4.4,604,47.700827814569536
58.0,-153.0,4.7,351,46.37321937321937
58.0,-152.5,4.4,140,36.35
58.0,-152.0,4.7,213,26.747276995305164
58.0,-151.5,5.2,472,26.695974576271187
58.0,-151.0,5.5,131,31.653435114503818
58.0,-150.5,4.0,31,25.11935483870968
58.0,-150.0,2.9,6,25.466666666666665
58.0,-149.5,2.8,7,14.728571428571428
58.0,-149.0,3.6,9,14.166666666666666
58.0,-148.5,2.7,15,8.353333333333333
58.0,-148.0,4.3,4,8.3
58.0,-146.5,2.8,1,0.8
58.0,-146.0,3.7,5,11.0
58.0,-145.5,2.8,14,11.549999999999999
58.0,-145.0,2.5,2,4.25
58.0,-144.5,3.6,4,8.825
58.0,-144.0,3.1,3,6.666666666666667
58.0,-143.5,3.3,40,12.863525000000001
58.0,-143.0,6.3,232,11.642586206896551
58.0,-142.5,4.5,206,10.633980582524272
58.0,-142.0,2.7,3,9.533333333333333
58.0,-141.5,1.8,1,6.3
58.0,-140.0,3.1,5,11.84
58.0,-139.5,5.0,18,10.904555555555556
58.0,-139.0,3.9,39,13.864102564102565
58.0,-138.5,3.8,55,15.64909090909091
58.0,-138.0,4.6,208,13.598798076923078
58.0,-137.5,4.2,138,12.134710144927535
58.0,-137.0,6.1,128,9.57890625
58.0,-136.5,3.9,36,9.805555555555555
58.0,-136.0,1.7,2,9.8
58.0,-135.5,1.0,1,9.0
58.0,-135.0,2.3,3,8.966666666666667
58.0,-134.0,2.8,9,17.044444444444444
58.0,-133.5,3.1,4,5.025
58.0,-133.0,3.9,17,3.1594117647058826
58.0,-132.5,3.2,11,8.854545454545455
58.0,-132.0,3.3,2,1.0
58.0,-130.0,1.7,1,5.1
58.0,-125.0,4.3,1,10.0
58.0,-51.5,4.6,1,10.0
58.0,-33.5,4.5,2,10.0
58.0,-33.0,4.5,3,10.0
58.0,-32.5,5.5,71,10.0
58.0,-32.0,5.3,34,10.202941176470588
58.0,-30.5,4.3,1,10.0
58.0,0.5,3.3,1,10.0
58.0,1.0,3.3,3,13.4
58.0,6.0,3.0,7,8.571428571428571
58.0,6.5,4.4,32,9.553125
58.0,7.0,3.0,2,10.0
58.0,7.5,2.6,3,10.933333333333332
58.0,8.0,2.7,2,5.0
58.0,8.5,2.4,1,10.0
58.0,10.0,2.7,1,10.0
58.0,11.0,3.2,1,35.0
58.0,11.5,2.8,1,10.0
58.0,12.0,3.4,1,13.38
58.0,46.5,4.2,1,14.78
58.0,112.0,4.2,1,10.0
58.0,120.0,4.6,1,10.0
58.0,126.5,4.7,1,10.0
58.0,130.5,4.2,1,10.0
58.0,148.5,4.8,1,33.0
58.0,149.0,4.8,2,16.625
58.0,153.0,5.0,3,11.24
58.0,163.0,4.6,3,33.0
58.0,163.5,4.2,3,17.666666666666668
58.0,164.0,4.7,1,33.0
58.0,164.5,5.4,1,8.7
58.5,-175.5,6.7,7,20.02857142857143
58.5,-159.0,2.3,2,11.6
58.5,-158.5,2.5,15,8.513333333333334
58.5,-158.0,2.5,7,10.242857142857142
58.5,-157.5,4.3,20,13.035
58.5,-157.0,3.4,27,26.659259259259258
58.5,-156.5,6.6,88,148.97840909090908
58.5,-156.0,4.7,433,122.33085450346421
58.5,-155.5,5.2,351,96.61737891737891
58.5,-155.0,4.8,3149,20.522457923150206
58.5,-154.5,4.4,1368,18.720577485380115
58.5,-154.0,5.4,1207,68.44504556752278
58.5,-153.5,5.0,1051,45.19814462416746
58.5,-153.0,5.6,507,54.37140039447732
58.5,-152.5,4.6,466,39.97961373390558
58.5,-152.0,5.3,173,31.532369942196535
58.5,-151.5,5.2,223,23.91659192825112
58.5,-151.0,5.0,275,25.273454545454545
58.5,-150.5,5.2,116,26.489655172413794
58.5,-150.0,5.2,29,26.658620689655173
58.5,-149.5,3.1,4,19.75
58.5,-149.0,2.8,2,18.3
58.5,-148.5,3.4,19,12.957894736842105
58.5,-148.0,3.8,8,17.325
58.5,-147.5,2.9,3,29.433333333333334
58.5,-147.0,3.2,5,13.86
58.5,-146.5,3.8,2,69.2
58.5,-146.0,2.7,4,14.350000000000001
58.5,-145.5,4.1,6,20.849999999999998
58.5,-145.0,2.3,1,5.8
58.5,-144.5,2.8,7,9.200000000000001
58.5,-144.0,3.5,11,8.6
58.5,-143.5,4.0,120,9.370000000000001
58.5,-143.0,5.1,157,10.144146496815287
58.5,-142.5,4.5,148,10.431418918918919
58.5,-142.0,2.8,10,8.01
58.5,-141.5,4.5,41,10.164390243902439
58.5,-141.0,4.0,9,12.411111111111111
58.5,-140.5,3.4,3,17.333333333333332
58.5,-140.0,3.1,8,10.125
58.5,-139.5,3.0,25,11.284
58.5,-139.0,5.2,43,12.19767441860465
58.5,-138.5,4.3,11,31.3
58.5,-138.0,4.7,113,10.938053097345133
58.5,-137.5,5.1,255,9.685411764705883
58.5,-137.0,6.0,562,8.721049822064057
58.5,-136.5,3.0,45,8.317777777777778
58.5,-136.0,1.9,13,9.1
58.5,-135.5,3.1,4,18.175
58.5,-135.0,2.4,9,12.622222222222222
58.5,-134.5,2.4,9,10.100000000000001
58.5,-134.0,3.0,16,8.21875
58.5,-133.5,3.6,205,6.134341463414634
58.5,-133.0,2.9,6,6.916666666666667
58.5,-34.0,4.7,1,13.85
58.5,-32.5,4.7,3,10.0
58.5,-32.0,5.9,49,10.221020408163264
58.5,-31.5,5.0,14,9.985714285714286
58.5,-31.0,4.5,1,10.0
58.5,-30.5,5.4,3,10.0
58.5,1.0,3.5,1,10.0
58.5,2.5,2.5,1,10.0
58.5,3.0,2.4,1,10.0
58.5,6.0,2.4,2,10.0
58.5,6.5,2.7,8,2.5
58.5,7.0,2.5,1,10.0
58.5,10.5,2.9,5,10.0
58.5,14.0,3.4,1,10.0
58.5,68.0,3.9,1,33.0
58.5,102.0,4.6,1,14.42
58.5,120.5,4.3,1,33.0
58.5,142.5,4.4,1,10.0
58.5,147.5,4.5,2,21.5
58.5,148.5,4.7,1,17.5
58.5,157.0,4.4,1,10.0
58.5,157.5,5.0,7,19.857142857142858
58.5,158.0,5.7,5,14.6
58.5,158.5,5.0,1,10.0
58.5,159.0,5.6,10,11.806000000000001
58.5,160.5,4.7,1,22.7
58.5,163.0,5.2,1,33.0
58.5,163.5,4.0,2,52.415
58.5,164.0,5.5,2,49.535
58.5,164.5,5.8,1,33.0
59.0,-178.0,4.0,1,10.0
59.0,-160.5,4.2,1,0.0
59.0,-159.0,3.3,6,5.566666666666666
59.0,-158.5,3.0,16,10.725
59.0,-158.0,3.5,15,11.033333333333333
59.0,-157.5,3.7,49,10.553061224489797
59.0,-157.0,2.5,16,10.200000000000001
59.0,-156.5,2.9,9,13.822222222222221
59.0,-156.0,3.1,8,72.5
59.0,-155.5,3.6,26,71.19615384615385
59.0,-155.0,3.7,131,106.76870229007635
59.0,-154.5,6.6,1159,111.56174288179464
59.0,-154.0,5.0,1013,76.69113524185587
59.0,-153.5,5.1,1470,54.00189795918367
59.0,-153.0,5.8,1605,66.18752647975077
59.0,-152.5,5.8,1471,63.59075458871516
59.0,-152.0,5.3,766,55.210574412532644
59.0,-151.5,5.7,275,42.568363636363635
59.0,-151.0,4.8,210,33.16047619047619
59.0,-150.5,3.7,127,32.26456692913386
59.0,-150.0,4.5,53,24.247169811320752
59.0,-149.5,4.2,28,22.539285714285715
59.0,-149.0,2.9,13,17.161538461538463
59.0,-148.5,3.3,13,14.784615384615384
59.0,-148.0,3.0,14,19.400000000000002
59.0,-147.5,3.7,25,20.38
59.0,-147.0,2.9,6,16.516666666666666
59.0,-146.5,2.4,6,13.516666666666666
59.0,-146.0,3.7,27,17.877777777777776
59.0,-145.5,5.1,70,17.47714285714286
59.0,-145.0,5.0,43,13.43720930232558
59.0,-144.5,4.4,14,7.935714285714285
59.0,-144.0,2.4,5,7.859999999999999
59.0,-143.5,2.7,11,8.654545454545454
59.0,-143.0,4.3,64,9.8203125
59.0,-142.5,4.3,29,9.137931034482758
59.0,-142.0,4.2,8,12.735
59.0,-141.5,3.9,22,12.336363636363636
59.0,-141.0,2.2,1,14.0
59.0,-140.5,2.5,5,6.4799999999999995
59.0,-140.0,3.6,6,9.933333333333334
59.0,-139.5,3.2,29,13.33103448275862
59.0,-139.0,2.8,46,10.534782608695652
59.0,-138.5,3.1,32,11.81875
59.0,-138.0,4.8,408,9.26764705882353
59.0,-137.5,4.6,317,10.098107255520505
59.0,-137.0,5.0,399,9.286466165413534
59.0,-136.5,5.2,610,6.881311475409837
59.0,-136.0,4.5,218,6.9550458715596335
59.0,-135.5,3.6,91,6.747252747252747
59.0,-135.0,3.6,44,6.025
59.0,-134.5,4.2,95,6.589473684210526
59.0,-134.0,3.1,28,5.878571428571428
59.0,-133.5,1.0,1,5.1
59.0,-71.5,4.1,1,5.0
59.0,-55.0,4.0,1,18.0
59.0,-32.0,3.9,1,10.0
59.0,-31.5,4.7,2,10.0
59.0,-31.0,5.4,17,10.0
59.0,-30.5,5.4,14,10.0
59.0,-30.0,4.8,2,10.0
59.0,-16.5,3.9,1,10.0
59.0,1.0,2.7,1,33.0
59.0,1.5,4.1,2,10.0
59.0,2.0,5.0,3,10.0
59.0,2.5,2.8,3,11.0
59.0,4.5,1.6,1,10.0
59.0,5.5,2.5,5,6.9
59.0,6.0,3.1,29,8.124137931034483
59.0,10.0,2.7,2,12.5
59.0,10.5,2.6,1,10.0
59.0,11.0,3.8,2,5.0
59.0,11.5,3.4,1,10.0
59.0,15.0,2.6,1,5.0
59.0,18.5,2.5,1,0.0
59.0,59.0,3.6,1,10.0
59.0,147.0,4.7,1,10.0
59.0,149.0,4.7,1,16.26
59.0,157.5,4.0,1,10.0
59.0,159.0,5.2,17,11.541764705882352
59.0,161.0,4.5,1,10.0
59.0,163.5,4.2,1,72.2
59.0,164.0,4.2,2,34.05
59.0,164.5,5.1,1,10.0
59.0,165.5,4.4,1,10.0
59.5,-165.0,3.1,1,11.1
59.5,-162.5,1.3,1,12.6
59.5,-161.0,1.6,1,12.6
59.5,-160.0,2.7,2,6.1
59.5,-159.5,1.8,2,9.4
59.5,-159.0,3.5,7,6.528571428571429
59.5,-158.5,3.3,5,5.08
59.5,-158.0,1.6,2,8.4
59.5,-157.5,2.8,6,10.466666666666667
59.5,-157.0,3.6,7,7.714285714285714
59.5,-156.5,2.6,17,8.282352941176471
59.5,-156.0,2.6,31,8.229032258064516
59.5,-155.5,3.8,43,13.325581395348838
59.5,-155.0,3.1,71,9.195774647887324
59.5,-154.5,4.5,141,75.02340425531915
59.5,-154.0,5.2,306,111.54346405228759
59.5,-153.5,7.1,3144,96.57388994910941
59.5,-153.0,5.9,6638,91.39932961735462
59.5,-152.5,5.6,4561,74.4586713440035
59.5,-152.0,5.5,2032,60.50226377952756
59.5,-151.5,5.0,878,42.441230068337134
59.5,-151.0,4.3,466,38.12575107296137
59.5,-150.5,4.7,357,32.35686274509804
59.5,-150.0,3.6,175,20.123428571428573
59.5,-149.5,3.5,73,18.913698630136988
59.5,-149.0,3.6,56,15.20892857142857
59.5,-148.5,3.1,29,11.189655172413794
59.5,-148.0,3.6,42,16.26904761904762
59.5,-147.5,3.2,32,15.753125
59.5,-147.0,3.5,27,13.848148148148148
59.5,-146.5,4.7,77,9.884415584415585
59.5,-146.0,3.5,16,8.825
59.5,-145.5,2.5,10,12.190000000000001
59.5,-145.0,4.9,59,7.683050847457627
59.5,-144.5,5.1,25,8.088
59.5,-144.0,3.3,12,11.258333333333333
59.5,-143.5,5.6,4,35.925000000000004
59.5,-143.0,2.5,14,12.678571428571429
59.5,-142.5,4.3,4,12.225
59.5,-142.0,2.0,8,13.95
59.5,-141.5,2.1,20,9.615
59.5,-141.0,2.6,18,7.050000000000001
59.5,-140.5,2.2,4,11.350000000000001
59.5,-140.0,2.9,25,12.708
59.5,-139.5,5.3,115,11.390434782608697
59.5,-139.0,5.6,506,9.118181818181819
59.5,-138.5,4.3,171,7.696491228070175
59.5,-138.0,3.5,109,6.5143119266055045
59.5,-137.5,4.6,136,10.013382352941177
59.5,-137.0,5.7,219,8.189086757990868
59.5,-136.5,5.5,518,8.491293436293436
59.5,-136.0,4.1,224,8.129017857142857
59.5,-135.5,3.4,69,6.918840579710144
59.5,-135.0,4.6,36,7.800000000000001
59.5,-134.5,3.2,36,7.5744444444444445
59.5,-134.0,2.5,3,12.200000000000001
59.5,-133.0,1.1,1,10.0
59.5,-122.5,3.6,1,10.0
59.5,-76.5,4.2,2,18.0
59.5,-54.5,4.2,1,10.0
59.5,-54.0,4.5,1,10.0
59.5,-48.5,3.2,1,10.0
59.5,-31.0,4.4,2,10.0
59.5,-30.5,5.3,59,9.964406779661017
59.5,-30.0,5.3,19,9.917894736842106
59.5,-29.5,4.4,2,10.0
59.5,-2.5,2.7,1,15.5
59.5,1.5,4.7,3,6.666666666666667
59.5,2.0,3.9,1,10.0
59.5,2.5,2.5,1,10.0
59.5,3.0,2.1,1,5.0
59.5,4.5,2.0,1,10.0
59.5,5.0,4.1,3,10.0
59.5,5.5,3.7,24,6.479166666666667
59.5,6.0,3.0,40,9.01
59.5,6.5,2.6,4,8.775
59.5,7.0,1.2,1,15.0
59.5,7.5,3.1,3,9.0
59.5,8.5,0.9,1,0.0
59.5,10.0,2.6,2,7.5
59.5,10.5,2.3,2,5.0
59.5,11.0,1.6,1,0.0
59.5,12.5,3.4,1,10.0
59.5,18.5,2.7,10,11.0
59.5,22.0,2.8,3,0.03333333333333333
59.5,23.0,2.7,2,0.0
59.5,23.5,2.7,1,0.0
59.5,27.0,2.5,1,5.0
59.5,56.5,4.8,1,10.0
59.5,146.5,4.7,1,10.0
59.5,147.0,5.4,2,12.1
59.5,150.5,4.2,1,10.0
59.5,160.5,4.6,2,33.0
59.5,164.5,4.5,1,33.0
59.5,179.5,4.1,1,8.6
60.0,-176.0,4.9,1,10.0
60.0,-164.5,1.9,1,15.9
60.0,-164.0,1.6,1,5.3
60.0,-162.0,3.6,2,16.65
60.0,-161.5,1.6,1,3.0
60.0,-160.5,2.4,5,7.4
60.0,-160.0,2.7,4,10.325
60.0,-159.5,4.4,21,7.623809523809523
60.0,-159.0,3.7,43,10.672093023255814
60.0,-158.5,2.6,2,17.45
60.0,-158.0,3.3,1,0.4
60.0,-157.5,1.4,2,10.05
60.0,-157.0,1.4,2,1.2000000000000002
60.0,-156.5,2.5,6,9.866666666666665
60.0,-156.0,4.4,5,20.360000000000003
60.0,-155.5,2.3,7,5.671428571428571
60.0,-155.0,2.7,4,16.875
60.0,-154.5,3.7,15,95.94
60.0,-154.0,4.7,191,142.6240837696335
60.0,-153.5,5.9,5988,132.76504676018703
60.0,-153.0,6.4,15493,101.74608468340541
60.0,-152.5,5.5,9271,87.50477294790205
60.0,-152.0,5.8,4946,68.62981601293976
60.0,-151.5,5.3,3528,56.00294784580499
60.0,-151.0,4.6,2512,50.675636942675155
60.0,-150.5,4.3,1042,37.59606525911708
60.0,-150.0,3.3,322,30.195652173913043
60.0,-149.5,3.5,301,18.019601328903654
60.0,-149.0,3.9,452,10.061283185840708
60.0,-148.5,3.5,461,11.35119305856833
60.0,-148.0,3.3,691,12.457163531114327
60.0,-147.5,4.6,279,13.072043010752688
60.0,-147.0,4.2,375,9.509866666666666
60.0,-146.5,4.1,173,8.28208092485549
60.0,-146.0,5.4,87,6.403448275862069
60.0,-145.5,3.2,233,4.935622317596566
60.0,-145.0,2.7,44,13.775
60.0,-144.5,2.9,15,14.06
60.0,-144.0,3.5,10,30.51
60.0,-143.5,2.9,58,7.036206896551724
60.0,-143.0,3.0,71,14.971830985915492
60.0,-142.5,3.8,49,9.795918367346939
60.0,-142.0,3.9,397,7.171284634760705
60.0,-141.5,4.8,2527,7.880846853977048
60.0,-141.0,5.0,3554,8.04679234665166
60.0,-140.5,5.4,2089,7.364911440880804
60.0,-140.0,4.1,1948,9.328388090349076
60.0,-139.5,5.4,1013,8.013919052319842
60.0,-139.0,3.9,351,8.308831908831909
60.0,-138.5,3.7,41,6.892682926829269
60.0,-138.0,4.4,144,6.8492500000000005
60.0,-137.5,4.2,78,8.978076923076923
60.0,-137.0,5.0,715,6.793132867132868
60.0,-136.5,6.3,2326,5.701573516766982
60.0,-136.0,2.3,8,8.55
60.0,-135.5,1.9,2,13.149999999999999
60.0,-135.0,1.3,1,7.4
60.0,-134.5,1.8,1,3.3
60.0,-134.0,3.6,9,13.577777777777778
60.0,-77.5,4.0,1,18.0
60.0,-74.0,4.0,1,10.0
60.0,-73.5,4.1,2,10.0
60.0,-59.5,4.3,1,10.0
60.0,-56.0,4.5,2,14.0
60.0,-55.5,4.4,1,10.0
60.0,-31.0,4.3,1,10.0
60.0,-30.5,3.8,1,10.0
60.0,-30.0,5.2,17,10.0
60.0,-29.5,5.3,9,10.0
60.0,0.5,3.0,1,10.0
60.0,2.0,3.4,1,10.0
60.0,2.5,2.4,2,10.0
60.0,3.0,2.4,1,10.0
60.0,4.0,2.2,1,5.0
60.0,4.5,3.6,33,5.154545454545454
60.0,5.0,2.8,29,7.948275862068965
60.0,5.5,1.9,11,9.627272727272727
60.0,6.0,3.7,20,9.4
60.0,6.5,2.7,15,5.573333333333333
60.0,7.0,2.0,5,6.82
60.0,7.5,2.5,2,2.5
60.0,8.0,1.6,2,5.0
60.0,8.5,2.4,1,10.0
60.0,9.0,2.3,6,10.0
60.0,10.5,1.7,2,7.5
60.0,11.0,3.5,6,8.35
60.0,15.0,3.7,1,10.0
60.0,17.0,3.9,1,10.0
60.0,22.0,2.7,1,10.0
60.0,22.5,2.6,3,0.06666666666666667
60.0,50.0,4.1,1,10.0
60.0,60.0,4.7,2,8.95
60.0,60.5,4.2,1,10.27
60.0,113.0,4.1,1,33.0
60.0,146.0,4.2,1,13.1
60.0,151.0,4.7,1,10.0
60.0,151.5,4.3,1,10.0
60.0,152.0,4.6,1,10.0
60.0,156.5,4.1,1,10.0
60.0,160.0,3.8,1,33.0
60.0,161.5,4.5,2,25.700000000000003
60.0,163.0,4.0,1,13.09
60.0,163.5,5.8,5,14.0
60.0,164.0,4.0,1,10.0
60.0,165.5,4.5,2,10.0
60.0,166.0,4.7,2,21.5
60.0,166.5,4.1,2,27.0
60.0,170.0,5.0,1,10.0
60.5,-178.0,4.9,3,18.966666666666665
60.5,-177.5,5.2,8,11.96125
60.5,-177.0,4.0,5,14.0
60.5,-176.5,3.7,1,15.0
60.5,-162.5,0.9,1,12.1
60.5,-162.0,4.4,3,16.766666666666666
60.5,-160.5,1.8,2,10.25
60.5,-160.0,2.6,11,9.0
60.5,-159.5,3.2,17,9.41764705882353
60.5,-159.0,3.4,32,9.290625
60.5,-158.5,2.1,8,9.025
60.5,-158.0,3.5,3,13.533333333333333
60.5,-157.5,1.6,4,11.4
60.5,-156.5,3.2,9,9.122222222222224
60.5,-156.0,3.2,4,7.375
60.5,-155.5,1.2,1,8.3
60.5,-155.0,3.1,3,6.933333333333334
60.5,-154.5,1.8,6,8.033333333333333
60.5,-154.0,3.4,28,40.92142857142857
60.5,-153.5,4.5,447,118.0543624161074
60.5,-153.0,6.1,2382,93.5318765743073
60.5,-152.5,5.3,4944,83.22438915857606
60.5,-152.0,4.7,5475,80.77857534246576
60.5,-151.5,5.2,2819,62.775062078751326
60.5,-151.0,4.3,4006,47.7121927109336
60.5,-150.5,4.5,2078,41.356015399422525
60.5,-150.0,4.3,855,35.71730994152047
60.5,-149.5,4.9,623,23.018780096308188
60.5,-149.0,4.4,429,17.923076923076923
60.5,-148.5,4.3,573,12.670331588132635
60.5,-148.0,3.4,1241,10.13593875906527
60.5,-147.5,5.3,3457,9.70407868093723
60.5,-147.0,4.9,1066,14.684709193245778
60.5,-146.5,5.3,386,14.63238341968912
60.5,-146.0,3.6,87,15.28735632183908
60.5,-145.5,3.4,322,12.311490683229815
60.5,-145.0,3.1,658,11.736626139817629
60.5,-144.5,3.2,128,10.22421875
60.5,-144.0,3.2,289,6.8726643598615915
60.5,-143.5,5.2,803,7.725404732254047
60.5,-143.0,4.3,3530,7.765835694050992
60.5,-142.5,4.1,820,11.383292682926829
60.5,-142.0,3.8,681,8.028781204111601
60.5,-141.5,4.0,1802,10.434794672586015
60.5,-141.0,4.3,1460,11.089821232876712
60.5,-140.5,6.0,1250,10.4562
60.5,-140.0,3.3,536,8.591175373134329
60.5,-139.5,3.9,314,7.643949044585987
60.5,-139.0,3.2,96,8.326041666666667
60.5,-138.5,3.7,81,8.711111111111112
60.5,-138.0,4.4,113,8.035132743362832
60.5,-137.5,3.8,71,8.25887323943662
60.5,-137.0,4.6,39,6.231538461538461
60.5,-136.5,4.3,1,10.0
60.5,-136.0,3.5,7,7.114285714285714
60.5,-135.5,1.5,1,6.7
60.5,-134.5,2.5,1,10.5
60.5,-134.0,1.9,2,18.5
60.5,-129.5,4.1,1,9.92
60.5,-70.5,3.9,1,18.0
60.5,-60.0,4.3,1,18.0
60.5,-59.0,3.8,1,18.0
60.5,-58.5,4.2,1,10.0
60.5,-58.0,4.3,2,11.09
60.5,-57.5,3.9,1,18.0
60.5,-57.0,4.2,1,17.61
60.5,-44.5,4.4,5,10.0
60.5,-44.0,5.0,11,10.211818181818181
60.5,-43.5,4.5,1,10.0
60.5,-43.0,4.5,2,10.0
60.5,-29.0,4.6,5,10.0
60.5,-28.5,4.7,7,10.0
60.5,-28.0,4.5,1,10.0
60.5,-1.5,3.3,1,29.1
60.5,1.5,3.4,2,13.75
60.5,2.0,2.4,2,10.0
60.5,3.0,4.5,3,10.0
60.5,3.5,2.7,2,14.25
60.5,4.0,2.4,6,9.166666666666666
60.5,4.5,4.0,26,11.319230769230769
60.5,5.0,2.5,107,8.585981308411215
60.5,5.5,3.7,74,6.135135135135135
60.5,6.0,1.6,2,10.0
60.5,6.5,1.8,1,5.0
60.5,9.5,2.7,1,5.0
60.5,10.5,2.7,1,10.0
60.5,11.5,3.4,2,16.45
60.5,25.5,2.6,1,3.0
60.5,60.0,4.5,3,10.0
60.5,60.5,3.9,1,10.0
60.5,142.5,4.9,1,23.9
60.5,145.0,4.5,1,13.92
60.5,149.0,4.2,1,14.7
60.5,163.5,4.5,1,15.85
60.5,164.5,4.0,1,10.0
60.5,165.5,5.0,18,14.427777777777777
60.5,166.0,6.1,32,14.521875
60.5,166.5,4.9,13,11.61923076923077
60.5,167.0,5.7,12,20.675
60.5,167.5,6.6,8,15.875
60.5,170.5,4.1,1,10.0
60.5,171.0,4.8,1,14.89
60.5,172.0,4.1,2,10.0
60.5,175.0,4.3,1,36.6
61.0,-178.0,4.5,2,10.0
61.0,-177.5,4.4,1,14.19
61.0,-170.5,2.2,1,13.42
61.0,-168.5,3.7,1,24.2
61.0,-168.0,3.1,1,1.1
61.0,-167.0,4.9,3,8.266666666666667
61.0,-162.5,1.4,1,14.7
61.0,-161.0,3.5,2,14.4
61.0,-160.5,2.5,6,8.25
61.0,-160.0,2.2,10,10.489999999999998
61.0,-159.5,3.8,17,10.341176470588236
61.0,-159.0,2.4,50,9.152000000000001
61.0,-158.5,3.9,19,10.131578947368421
61.0,-158.0,4.3,13,9.076923076923077
61.0,-157.5,2.5,5,6.4799999999999995
61.0,-157.0,1.8,5,5.56
61.0,-156.5,2.7,17,12.964705882352941
61.0,-156.0,2.5,19,9.421052631578947
61.0,-155.5,3.0,11,20.68181818181818
61.0,-155.0,1.9,6,5.733333333333333
61.0,-154.5,1.6,16,11.61875
61.0,-154.0,2.3,73,9.741095890410959
61.0,-153.5,2.7,37,24.075675675675676
61.0,-153.0,4.4,165,78.31018181818182
61.0,-152.5,5.1,3399,86.13611650485436
61.0,-152.0,5.3,3164,81.34127370417194
61.0,-151.5,4.5,3812,71.32347848898216
61.0,-151.0,5.8,5117,43.229314051201875
61.0,-150.5,5.2,3718,37.590882194728344
61.0,-150.0,5.5,2473,36.83208491710473
61.0,-149.5,5.1,1696,29.649233490566036
61.0,-149.0,4.9,900,20.390555555555554
61.0,-148.5,4.0,441,18.93968253968254
61.0,-148.0,3.8,655,15.068091603053436
61.0,-147.5,4.6,2132,15.44549718574109
61.0,-147.0,4.8,3033,17.273953181668315
61.0,-146.5,4.3,1658,16.011700844390834
61.0,-146.0,4.1,472,18.15550847457627
61.0,-145.5,3.4,243,18.446090534979422
61.0,-145.0,3.3,88,15.173863636363636
61.0,-144.5,3.1,40,16.285
61.0,-144.0,3.9,32,14.0125
61.0,-143.5,2.9,113,13.266371681415928
61.0,-143.0,2.5,87,10.820689655172414
61.0,-142.5,2.9,73,12.67945205479452
61.0,-142.0,2.5,80,10.17
61.0,-141.5,4.2,204,8.277941176470588
61.0,-141.0,2.9,300,8.706999999999999
61.0,-140.5,5.1,926,9.000860691144709
61.0,-140.0,4.1,662,6.952311178247735
61.0,-139.5,3.3,134,7.316417910447761
61.0,-139.0,3.7,56,7.130803571428571
61.0,-138.5,5.1,331,8.632607250755287
61.0,-138.0,4.7,113,6.517
61.0,-137.5,2.4,6,7.983333333333333
61.0,-137.0,0.6,1,4.6
61.0,-136.5,1.2,1,0.5
61.0,-136.0,2.7,2,6.75
61.0,-135.5,1.6,1,3.3
61.0,-135.0,2.0,1,21.6
61.0,-134.0,3.6,2,9.299999999999999
61.0,-133.5,3.6,1,33.0
61.0,-131.5,3.8,1,18.0
61.0,-130.5,3.3,2,12.5
61.0,-125.5,3.9,1,10.0
61.0,-119.0,3.7,1,20.0
61.0,-118.0,3.8,1,35.0
61.0,-80.0,3.7,2,14.0
61.0,-60.5,3.7,1,10.0
61.0,-60.0,5.2,1,10.0
61.0,-59.0,4.6,1,18.0
61.0,-58.0,4.8,1,10.0
61.0,-56.0,4.2,1,10.0
61.0,-44.5,4.4,1,10.0
61.0,-44.0,4.7,7,10.308285714285715
61.0,-43.5,4.3,1,10.0
61.0,-43.0,4.8,1,10.0
61.0,-29.0,4.3,1,10.0
61.0,-28.5,4.4,3,10.0
61.0,-28.0,5.1,14,10.178571428571429
61.0,-27.5,4.6,1,10.0
61.0,1.5,2.0,1,10.0
61.0,2.5,3.7,4,10.0
61.0,3.0,2.8,5,11.0
61.0,3.5,2.8,10,12.85
61.0,4.0,3.1,17,8.535294117647059
61.0,4.5,3.2,7,10.042857142857143
61.0,5.0,2.5,19,8.521052631578948
61.0,5.5,2.6,1,10.0
61.0,6.0,1.7,5,9.0
61.0,7.0,2.0,5,7.0
61.0,7.5,2.3,6,8.35
61.0,9.5,1.8,1,10.0
61.0,11.0,2.1,1,0.0
61.0,11.5,2.8,1,10.0
61.0,17.0,2.8,1,10.0
61.0,17.5,2.3,1,5.0
61.0,28.5,2.5,1,10.0
61.0,29.0,2.6,1,0.0
61.0,78.0,4.0,1,33.0
61.0,136.5,3.7,1,31.6
61.0,144.5,4.2,1,13.27
61.0,160.5,4.6,1,35.0
61.0,163.0,4.6,2,14.65
61.0,165.5,6.6,59,18.346355932203387
61.0,166.0,5.8,30,13.65
61.0,166.5,5.0,43,14.913953488372092
61.0,167.0,7.6,106,16.949056603773585
61.0,167.5,5.5,20,16.675
61.5,-171.5,3.8,1,10.0
61.5,-168.0,3.0,1,0.4
61.5,-167.0,1.9,1,17.9
61.5,-162.0,2.6,2,8.1
61.5,-161.0,1.4,1,9.5
61.5,-160.5,3.4,4,12.225
61.5,-160.0,3.9,10,9.89
61.5,-159.5,3.8,42,9.442857142857143
61.5,-159.0,2.2,16,9.2875
61.5,-158.5,4.6,7,17.114285714285714
61.5,-158.0,2.3,9,7.699999999999999
61.5,-157.5,2.7,18,12.316666666666668
61.5,-157.0,3.6,40,11.395
61.5,-156.5,3.3,18,9.333333333333334
61.5,-156.0,2.1,12,10.041666666666666
61.5,-155.5,2.4,10,14.02
61.5,-155.0,3.1,11,7.081818181818182
61.5,-154.5,1.9,22,7.454545454545454
61.5,-154.0,3.5,315,7.64
61.5,-153.5,2.6,38,9.413157894736841
61.5,-153.0,3.0,20,19.58
61.5,-152.5,4.5,2240,18.66935267857143
61.5,-152.0,5.8,4389,66.23380268853953
61.5,-151.5,4.7,4437,66.12857110660356
61.5,-151.0,5.4,5734,59.575252877572375
61.5,-150.5,5.0,5954,46.41585488747061
61.5,-150.0,7.1,21556,39.369420115049174
61.5,-149.5,5.3,3565,33.147545582047684
61.5,-149.0,3.6,592,28.93614864864865
61.5,-148.5,4.7,1453,14.821816930488643
61.5,-148.0,4.6,2840,16.306975352112676
61.5,-147.5,4.7,2202,20.401771117166213
61.5,-147.0,4.6,3620,18.55232044198895
61.5,-146.5,5.1,9320,23.155568669527895
61.5,-146.0,4.5,794,28.427329974811084
61.5,-145.5,4.8,89,24.32696629213483
61.5,-145.0,4.4,82,28.621951219512194
61.5,-144.5,3.1,92,23.692391304347826
61.5,-144.0,2.9,61,43.80491803278689
61.5,-143.5,2.4,58,29.66896551724138
61.5,-143.0,2.6,27,29.744444444444444
61.5,-142.5,3.5,123,12.014634146341463
61.5,-142.0,3.9,390,8.38076923076923
61.5,-141.5,4.1,932,7.639484978540772
61.5,-141.0,4.5,2245,8.216516703786192
61.5,-140.5,5.3,1541,7.732197923426346
61.5,-140.0,5.7,629,8.240508744038156
61.5,-139.5,4.2,78,9.424307692307693
61.5,-139.0,4.1,35,10.934285714285714
61.5,-138.5,3.2,14,9.328571428571427
61.5,-138.0,2.7,33,5.893939393939394
61.5,-137.5,1.2,5,9.02
61.5,-137.0,2.3,10,12.510000000000002
61.5,-136.5,1.6,4,8.125
61.5,-136.0,4.6,6,11.333333333333334
61.5,-135.0,2.5,3,4.3
61.5,-134.5,3.0,2,9.75
61.5,-133.5,1.5,1,1.9
61.5,-131.5,3.1,1,49.2
61.5,-130.5,4.5,2,2.5
61.5,-110.5,4.6,2,12.995000000000001
61.5,-65.0,4.2,1,18.0
61.5,-59.5,4.1,1,18.0
61.5,-58.0,4.3,1,10.0
61.5,-43.5,3.9,1,10.0
61.5,-42.5,4.8,1,10.0
61.5,-28.5,4.4,1,10.0
61.5,-28.0,4.4,1,10.0
61.5,-27.5,5.0,6,11.871666666666668
61.5,-27.0,4.3,2,10.0
61.5,-26.5,4.2,4,10.0
61.5,2.0,2.8,3,10.0
61.5,2.5,5.2,6,10.833333333333334
61.5,3.0,2.6,5,9.0
61.5,3.5,3.1,8,10.0625
61.5,4.0,3.6,16,7.85625
61.5,4.5,2.9,20,9.25
61.5,5.0,2.7,15,9.386666666666667
61.5,5.5,3.0,14,10.37142857142857
61.5,6.0,2.3,6,9.166666666666666
61.5,6.5,1.9,2,10.0
61.5,7.0,2.2,10,9.01
61.5,8.0,2.6,1,10.0
61.5,8.5,2.5,1,10.0
61.5,14.0,1.5,1,10.0
61.5,14.5,4.6,1,15.84
61.5,69.5,4.2,1,10.0
61.5,144.5,4.6,1,10.0
61.5,156.5,4.7,1,7.6
61.5,164.5,4.0,1,33.0
61.5,166.5,5.8,1,10.0
61.5,167.0,4.2,2,13.7
61.5,167.5,6.1,37,12.953783783783784
61.5,168.0,4.6,12,13.775
61.5,168.5,5.4,8,13.525
61.5,169.0,4.3,3,10.0
61.5,173.0,4.3,1,16.2
62.0,-168.5,3.0,1,10.0
62.0,-164.0,1.3,1,6.2
62.0,-160.0,4.1,1,10.0
62.0,-159.5,2.5,4,8.35
62.0,-159.0,1.6,3,8.366666666666667
62.0,-158.5,2.7,9,9.3
62.0,-158.0,2.7,16,14.73125
62.0,-157.5,3.5,49,12.0
62.0,-157.0,2.8,5,15.38
62.0,-156.5,2.9,6,10.483333333333333
62.0,-156.0,3.3,21,9.847619047619048
62.0,-155.5,2.9,16,8.74375
62.0,-155.0,4.2,67,10.025373134328358
62.0,-154.5,4.7,114,8.871052631578946
62.0,-154.0,3.7,219,6.7634703196347035
62.0,-153.5,3.5,311,5.771382636655948
62.0,-153.0,3.6,213,5.804225352112676
62.0,-152.5,4.5,384,63.678125
62.0,-152.0,6.2,2573,100.33754372328022
62.0,-151.5,5.3,2384,78.11300335570469
62.0,-151.0,5.4,5267,61.87985570533511
62.0,-150.5,5.4,4840,35.30572314049587
62.0,-150.0,4.9,6061,29.94000989935654
62.0,-149.5,4.9,6478,32.843142945353506
62.0,-149.0,4.6,3491,22.153680893726726
62.0,-148.5,5.0,2658,23.052859292701278
62.0,-148.0,4.4,2074,29.196239151398263
62.0,-147.5,4.8,1320,32.76560606060606
62.0,-147.0,5.1,553,34.22386980108499
62.0,-146.5,2.5,148,28.402027027027028
62.0,-146.0,2.8,142,20.923239436619717
62.0,-145.5,4.5,2248,20.11276690391459
62.0,-145.0,3.4,749,18.745794392523365
62.0,-144.5,2.1,43,14.762093023255813
62.0,-144.0,4.5,298,9.480268456375839
62.0,-143.5,2.6,58,9.467241379310344
62.0,-143.0,4.0,63,15.219047619047618
62.0,-142.5,4.1,71,13.138028169014083
62.0,-142.0,5.0,126,7.76031746031746
62.0,-141.5,4.2,259,8.784942084942086
62.0,-141.0,4.2,182,8.333681318681318
62.0,-140.5,3.5,23,8.442608695652174
62.0,-140.0,2.2,10,9.190000000000001
62.0,-139.5,2.4,9,6.0
62.0,-139.0,4.0,36,8.830555555555556
62.0,-138.5,2.0,6,7.233333333333334
62.0,-138.0,2.5,3,0.16666666666666666
62.0,-137.5,2.4,4,8.05
62.0,-137.0,2.6,2,4.95
62.0,-136.5,3.7,6,8.283333333333333
62.0,-136.0,3.0,6,14.816666666666668
62.0,-135.5,4.6,13,6.323076923076924
62.0,-135.0,2.8,3,6.466666666666666
62.0,-134.5,3.5,4,6.025
62.0,-133.5,3.6,1,0.0
62.0,-133.0,4.6,1,1.0
62.0,-132.5,3.9,1,10.0
62.0,-127.5,3.9,1,1.0
62.0,-124.5,4.5,12,5.572500000000001
62.0,-124.0,4.7,21,6.0476190476190474
62.0,-79.5,3.8,1,5.0
62.0,-27.0,4.5,16,10.0
62.0,-26.5,5.2,129,10.0
62.0,-26.0,4.5,12,10.0
62.0,-25.5,4.6,2,10.0
62.0,-24.5,4.2,1,10.0
62.0,1.0,4.8,2,21.5
62.0,1.5,4.1,3,18.0
62.0,2.0,4.1,9,9.135555555555555
62.0,2.5,4.6,7,14.857142857142858
62.0,3.0,2.7,6,10.0
62.0,3.5,3.5,7,9.785714285714286
62.0,4.0,3.3,19,9.952631578947368
62.0,4.5,3.4,20,9.105
62.0,5.0,3.5,23,8.47391304347826
62.0,5.5,2.7,10,9.290000000000001
62.0,6.0,2.9,5,10.0
62.0,7.0,2.5,2,10.0
62.0,17.5,3.4,1,10.0
62.0,139.5,4.5,1,5.6
62.0,145.5,5.3,2,15.55
62.0,146.0,4.4,1,10.0
62.0,154.0,4.9,1,21.3
62.0,157.5,4.3,1,10.0
62.0,161.5,4.3,1,10.0
62.0,165.0,4.3,1,16.15
62.0,167.5,4.4,1,10.0
62.0,168.0,4.7,3,10.0
62.0,168.5,4.2,1,10.0
62.0,169.5,4.7,1,33.0
62.0,171.0,4.9,7,10.0
62.0,173.0,4.2,1,10.0
62.0,175.0,4.0,1,10.0
62.5,-172.5,2.7,1,10.0
62.5,-170.5,2.8,1,10.0
62.5,-170.0,2.6,1,10.0
62.5,-169.5,2.2,1,22.0
62.5,-169.0,3.1,1,34.2
62.5,-168.5,2.1,1,10.3
62.5,-168.0,2.8,1,10.0
62.5,-166.5,2.8,1,0.0
62.5,-164.5,3.0,3,12.033333333333331
62.5,-162.5,2.9,1,10.0
62.5,-162.0,1.9,1,13.3
62.5,-160.5,1.9,1,7.9
62.5,-160.0,2.8,2,7.9
62.5,-159.5,1.6,3,4.2
62.5,-159.0,3.7,3,15.966666666666667
62.5,-158.5,2.3,5,11.68
62.5,-158.0,2.9,4,8.525
62.5,-157.5,2.4,13,10.076923076923077
62.5,-157.0,2.9,7,7.357142857142857
62.5,-156.5,3.0,16,8.75
62.5,-156.0,1.5,9,9.055555555555555
62.5,-155.5,2.0,10,10.73
62.5,-155.0,2.6,32,9.69375
62.5,-154.5,4.0,24,11.033333333333333
62.5,-154.0,2.8,96,8.563541666666667
62.5,-153.5,3.2,149,7.383892617449665
62.5,-153.0,3.4,209,11.606698564593302
62.5,-152.5,4.5,800,61.503
62.5,-152.0,4.2,2117,56.418516769012754
62.5,-151.5,6.3,3289,73.7038917604135
62.5,-151.0,4.8,4828,75.53311930405965
62.5,-150.5,5.1,2048,54.365625
62.5,-150.0,4.7,2379,29.16490121899958
62.5,-149.5,4.8,3742,42.642864778193484
62.5,-149.0,4.3,3218,29.92377252952144
62.5,-148.5,5.2,1923,33.13244929797192
62.5,-148.0,4.6,1090,33.36504587155964
62.5,-147.5,4.0,219,33.94566210045662
62.5,-147.0,3.3,103,17.287378640776698
62.5,-146.5,2.8,61,26.21311475409836
62.5,-146.0,3.4,67,16.45820895522388
62.5,-145.5,4.5,134,19.33955223880597
62.5,-145.0,2.3,21,27.823809523809523
62.5,-144.5,3.0,42,11.071428571428571
62.5,-144.0,4.3,30,8.860000000000001
62.5,-143.5,3.9,229,7.279912663755458
62.5,-143.0,5.0,642,7.631152647975077
62.5,-142.5,5.3,643,6.512752721617418
62.5,-142.0,3.1,35,9.834285714285715
62.5,-141.5,3.6,62,10.827419354838709
62.5,-141.0,3.3,12,11.041666666666666
62.5,-140.5,3.6,12,11.700000000000001
62.5,-140.0,3.6,6,10.200000000000001
62.5,-139.5,1.8,3,7.0
62.5,-139.0,3.7,6,10.901666666666666
62.5,-138.5,2.6,3,9.266666666666667
62.5,-138.0,1.6,1,24.4
62.5,-137.5,2.4,21,9.423809523809524
62.5,-137.0,4.3,75,12.437333333333333
62.5,-136.5,3.5,7,7.8428571428571425
62.5,-136.0,2.1,4,12.475
62.5,-135.5,3.4,5,10.02
62.5,-135.0,2.1,1,8.9
62.5,-134.5,1.3,1,1.4
62.5,-134.0,3.3,2,14.25
62.5,-133.5,4.1,2,7.02
62.5,-128.5,4.2,1,5.0
62.5,-128.0,4.5,3,4.513333333333333
62.5,-126.5,3.8,1,10.0
62.5,-125.5,4.0,6,2.5
62.5,-125.0,4.1,3,4.0
62.5,-124.5,5.1,10,4.614
62.5,-124.0,4.3,3,10.0
62.5,-75.5,3.8,1,18.0
62.5,-30.5,4.8,1,10.0
62.5,-28.0,4.1,1,10.0
62.5,-27.0,3.7,1,10.0
62.5,-26.5,4.9,21,10.0
62.5,-26.0,5.4,12,10.425833333333333
62.5,-25.5,5.2,9,10.0
62.5,-25.0,4.3,1,10.0
62.5,1.0,2.6,1,10.0
62.5,2.0,4.8,3,11.666666666666666
62.5,3.0,1.6,1,27.8
62.5,3.5,4.2,2,10.0
62.5,4.0,4.2,3,10.0
62.5,4.5,4.2,5,8.84
62.5,5.0,2.6,4,8.75
62.5,5.5,2.9,6,9.666666666666666
62.5,6.0,1.3,1,0.0
62.5,6.5,3.7,4,10.0
62.5,7.0,2.3,1,10.0
62.5,7.5,2.0,3,10.0
62.5,8.0,1.7,1,10.0
62.5,17.5,3.2,1,5.0
62.5,138.5,4.9,1,10.0
62.5,145.0,4.2,1,10.0
62.5,154.0,4.6,1,10.0
62.5,170.5,4.2,1,10.0
62.5,171.0,6.4,5,10.0
62.5,171.5,5.3,4,12.3
62.5,175.5,4.2,1,10.0
62.5,177.5,4.7,1,10.0
63.0,-178.0,4.5,1,10.0
63.0,-173.0,2.6,1,20.0
63.0,-172.5,4.5,15,17.448666666666668
63.0,-172.0,3.8,10,15.365
63.0,-171.5,4.2,2,22.8
63.0,-171.0,3.5,2,14.15
63.0,-170.5,4.6,1,10.0
63.0,-169.5,2.5,1,11.9
63.0,-169.0,2.3,1,8.5
63.0,-168.5,3.1,4,9.6
63.0,-168.0,4.6,10,12.370000000000001
63.0,-167.5,3.0,6,9.4
63.0,-167.0,1.4,1,10.0
63.0,-166.5,2.4,1,17.0
63.0,-166.0,2.7,3,18.266666666666666
63.0,-165.0,3.0,2,10.0
63.0,-164.0,1.5,1,11.8
63.0,-163.0,2.7,2,18.299999999999997
63.0,-161.5,1.4,1,7.6
63.0,-160.5,1.9,2,22.0
63.0,-160.0,2.3,5,14.24
63.0,-159.5,3.2,2,14.55
63.0,-158.5,2.0,2,21.15
63.0,-157.5,2.1,4,10.6
63.0,-157.0,3.4,24,10.983333333333334
63.0,-156.5,3.2,20,10.045
63.0,-156.0,3.5,28,6.814285714285715
63.0,-155.5,3.3,17,7.641176470588236
63.0,-155.0,2.3,11,9.6
63.0,-154.5,3.2,19,10.947368421052632
63.0,-154.0,3.3,34,8.63529411764706
63.0,-153.5,3.7,47,11.861702127659575
63.0,-153.0,3.6,133,10.285714285714286
63.0,-152.5,4.1,405,13.269382716049384
63.0,-152.0,3.7,910,17.363516483516484
63.0,-151.5,5.0,12353,18.128907957581156
63.0,-151.0,5.3,10539,98.02411044691146
63.0,-150.5,5.7,12314,102.9618320610687
63.0,-150.0,5.1,3414,78.49132981839485
63.0,-149.5,5.4,5519,69.13567675303497
63.0,-149.0,5.3,3240,46.64231481481482
63.0,-148.5,5.5,2293,45.166550370693415
63.0,-148.0,4.2,898,51.39944320712694
63.0,-147.5,3.5,323,14.21609907120743
63.0,-147.0,2.9,161,23.508695652173913
63.0,-146.5,2.4,47,29.859574468085107
63.0,-146.0,2.7,23,9.152173913043478
63.0,-145.5,4.9,362,6.859668508287292
63.0,-145.0,5.2,1674,4.873237753882916
63.0,-144.5,5.4,3171,5.232986439608956
63.0,-144.0,5.0,1962,4.663149847094801
63.0,-143.5,5.1,2057,6.513806514341273
63.0,-143.0,3.3,139,7.188489208633094
63.0,-142.5,2.5,9,8.2
63.0,-142.0,2.5,8,7.1375
63.0,-141.5,2.5,5,12.5
63.0,-141.0,1.4,3,8.833333333333334
63.0,-140.5,2.5,7,12.985714285714286
63.0,-140.0,1.1,2,22.0
63.0,-139.5,1.5,1,8.6
63.0,-139.0,1.1,1,28.1
63.0,-138.5,2.0,3,11.566666666666668
63.0,-138.0,4.5,10,10.27
63.0,-137.5,2.1,2,14.350000000000001
63.0,-137.0,2.3,3,1.2
63.0,-136.5,2.4,3,15.799999999999999
63.0,-136.0,3.0,5,13.680000000000001
63.0,-135.5,3.7,4,10.7
63.0,-130.5,4.1,2,10.0
63.0,-126.0,3.9,1,1.0
63.0,-125.5,4.1,1,5.0
63.0,-85.0,3.7,1,18.0
63.0,-60.5,3.8,1,10.0
63.0,-60.0,4.4,1,18.0
63.0,-26.5,4.4,1,10.0
63.0,-25.5,4.5,3,10.0
63.0,-25.0,4.8,8,9.995000000000001
63.0,-24.5,4.9,9,6.111111111111111
63.0,-24.0,4.3,1,10.0
63.0,1.5,3.1,1,10.0
63.0,2.5,3.4,1,10.0
63.0,5.0,2.4,1,10.0
63.0,5.5,2.3,1,10.0
63.0,6.0,3.3,2,23.0
63.0,6.5,2.8,1,10.0
63.0,8.0,2.4,2,10.0
63.0,15.0,2.5,1,0.0
63.0,17.0,2.9,1,10.0
63.0,27.0,2.1,1,5.0
63.0,27.5,2.1,1,5.0
63.0,51.5,3.5,1,10.0
63.0,144.5,4.7,1,10.0
63.0,148.0,4.6,2,41.15
63.0,151.0,4.4,1,15.29
63.0,154.0,4.4,1,10.0
63.0,155.0,4.4,1,17.08
63.0,158.5,4.9,1,10.0
63.0,161.5,3.9,1,10.0
63.0,172.0,4.5,2,16.355
63.0,172.5,4.3,3,19.02
63.0,178.0,4.0,1,10.0
63.0,178.5,4.4,1,10.0
63.0,179.0,4.3,1,6.85
63.0,179.5,4.6,1,10.0
63.5,-178.5,4.7,1,33.0
63.5,-172.5,2.8,1,15.44
63.5,-171.5,3.4,1,6.4
63.5,-171.0,3.7,3,9.733333333333334
63.5,-170.5,1.9,1,13.3
63.5,-169.5,2.4,4,18.85
63.5,-169.0,2.2,4,18.65
63.5,-168.5,3.2,2,9.05
63.5,-168.0,2.5,8,11.4875
63.5,-167.5,3.6,4,7.75
63.5,-167.0,4.3,5,13.059999999999999
63.5,-166.5,3.6,5,6.32
63.5,-166.0,3.4,8,11.612499999999999
63.5,-165.5,4.2,8,12.72875
63.5,-165.0,3.0,2,16.8
63.5,-164.5,3.2,4,5.7
63.5,-164.0,2.4,3,16.2
63.5,-163.5,2.5,2,22.349999999999998
63.5,-163.0,1.6,1,17.2
63.5,-162.5,3.7,3,13.433333333333332
63.5,-162.0,3.1,4,15.85
63.5,-161.5,1.8,1,0.7
63.5,-161.0,3.6,9,8.833333333333334
63.5,-160.0,1.5,1,8.1
63.5,-159.5,2.9,2,8.2
63.5,-159.0,1.6,2,12.75
63.5,-158.0,3.5,20,14.125
63.5,-157.5,2.2,2,10.25
63.5,-157.0,2.7,10,9.860000000000001
63.5,-156.5,3.4,10,14.27
63.5,-156.0,3.4,13,9.430769230769231
63.5,-155.5,3.7,52,7.6173076923076914
63.5,-155.0,2.2,22,10.15
63.5,-154.5,2.5,38,9.234210526315788
63.5,-154.0,3.1,95,10.612631578947369
63.5,-153.5,3.2,184,10.85054347826087
63.5,-153.0,3.7,299,11.507692307692308
63.5,-152.5,4.8,727,11.725171939477304
63.5,-152.0,3.9,1356,8.032005899705014
63.5,-151.5,4.5,8006,7.77025980514614
63.5,-151.0,5.2,15358,9.980935017580414
63.5,-150.5,4.8,4400,72.08859090909091
63.5,-150.0,4.3,2624,87.41886432926829
63.5,-149.5,4.8,2625,84.34754285714286
63.5,-149.0,4.9,2189,38.15701233439927
63.5,-148.5,4.9,2345,17.57914712153518
63.5,-148.0,6.6,6719,10.337282333680607
63.5,-147.5,7.9,17543,8.794339622641509
63.5,-147.0,4.5,7463,6.497856090044218
63.5,-146.5,3.8,1278,7.2503129890453835
63.5,-146.0,5.1,3096,6.888856589147287
63.5,-145.5,5.7,3463,5.763875252671094
63.5,-145.0,5.4,4425,4.652022598870056
63.5,-144.5,4.0,282,4.876241134751773
63.5,-144.0,3.3,111,6.751351351351351
63.5,-143.5,2.8,30,7.193333333333333
63.5,-143.0,2.2,11,5.863636363636363
63.5,-142.5,2.5,1,45.3
63.5,-142.0,2.6,2,11.95
63.5,-141.5,1.0,2,2.6
63.5,-140.5,1.0,2,14.35
63.5,-140.0,1.5,7,11.271428571428572
63.5,-139.5,1.5,4,9.275
63.5,-139.0,1.3,2,8.3
63.5,-138.5,2.8,2,11.95
63.5,-138.0,2.6,5,12.48
63.5,-137.5,1.7,1,10.0
63.5,-137.0,3.2,3,8.833333333333334
63.5,-136.5,4.4,6,9.516666666666667
63.5,-135.5,1.4,1,14.8
63.5,-134.5,3.5,1,0.0
63.5,-131.5,3.9,2,0.5
63.5,-131.0,2.4,1,10.0
63.5,-129.5,3.9,1,10.0
63.5,-129.0,5.2,3,11.666666666666666
63.5,-127.0,4.2,2,7.5
63.5,-126.5,5.3,3,4.906666666666667
63.5,-124.0,4.2,1,10.0
63.5,-24.5,5.1,3,6.666666666666667
63.5,-24.0,5.2,18,9.722222222222221
63.5,-23.5,4.5,2,10.0
63.5,-23.0,4.9,3,10.0
63.5,-22.5,4.8,1,10.0
63.5,-19.5,4.5,4,10.0
63.5,-19.0,4.5,8,9.225
63.5,-1.0,3.8,1,10.0
63.5,0.5,2.6,1,33.0
63.5,2.5,4.6,2,10.0
63.5,8.5,2.2,1,10.0
63.5,9.0,2.7,5,10.0
63.5,9.5,2.5,1,15.0
63.5,10.5,2.1,1,2.6
63.5,11.0,1.9,1,10.0
63.5,18.0,3.4,1,10.0
63.5,27.0,2.3,1,5.0
63.5,146.5,4.1,1,10.0
63.5,150.5,3.9,1,15.8
63.5,158.0,4.8,2,10.0
63.5,158.5,4.8,2,10.0
63.5,170.0,3.7,1,10.0
63.5,179.5,4.8,1,10.0
64.0,-175.5,2.7,1,15.06
64.0,-174.0,2.9,1,25.4
64.0,-173.5,2.9,2,24.4
64.0,-173.0,2.8,1,20.5
64.0,-172.0,2.3,3,16.9
64.0,-171.0,2.9,2,12.95
64.0,-169.5,2.7,14,16.12142857142857
64.0,-169.0,4.2,4,11.175
64.0,-168.5,2.7,3,11.566666666666668
64.0,-168.0,2.0,3,12.366666666666667
64.0,-167.5,2.2,6,6.333333333333333
64.0,-167.0,2.9,5,10.6
64.0,-166.5,3.0,5,8.4
64.0,-166.0,3.2,6,8.1
64.0,-165.5,4.3,13,12.307692307692308
64.0,-165.0,2.5,8,17.1
64.0,-164.5,3.9,15,9.993333333333334
64.0,-164.0,3.1,11,6.154545454545455
64.0,-163.5,2.3,3,8.266666666666667
64.0,-163.0,2.2,1,10.0
64.0,-162.5,3.7,3,17.7
64.0,-162.0,3.6,6,17.78333333333333
64.0,-161.5,3.1,6,13.116666666666665
64.0,-161.0,2.5,5,8.34
64.0,-160.5,1.7,6,15.4
64.0,-160.0,3.5,18,11.988888888888889
64.0,-159.5,1.9,1,32.2
64.0,-159.0,2.6,2,13.4
64.0,-158.0,1.5,2,5.8999999999999995
64.0,-157.5,2.2,1,30.9
64.0,-156.5,1.8,2,8.1
64.0,-156.0,2.1,9,9.488888888888889
64.0,-155.5,4.4,12,10.141666666666667
64.0,-155.0,2.6,19,11.157894736842104
64.0,-154.5,2.5,31,11.899999999999999
64.0,-154.0,3.0,44,9.220454545454546
64.0,-153.5,3.2,81,8.977777777777778
64.0,-153.0,4.7,158,10.372784810126582
64.0,-152.5,3.5,135,10.394074074074075
64.0,-152.0,4.3,79,11.30759493670886
64.0,-151.5,4.3,106,11.219811320754717
64.0,-151.0,4.1,130,11.362307692307692
64.0,-150.5,5.0,609,9.460426929392446
64.0,-150.0,5.8,1117,14.041808415398389
64.0,-149.5,5.0,987,77.9276595744681
64.0,-149.0,4.6,1909,60.899371398638024
64.0,-148.5,4.4,1710,57.874970760233914
64.0,-148.0,3.6,629,33.26820349761526
64.0,-147.5,4.8,514,15.211673151750974
64.0,-147.0,3.7,326,11.58558282208589
64.0,-146.5,3.6,141,10.424113475177304
64.0,-146.0,4.4,98,9.044897959183674
64.0,-145.5,2.8,106,11.976415094339623
64.0,-145.0,2.3,29,10.49655172413793
64.0,-144.5,2.1,15,7.38
64.0,-144.0,2.1,4,10.3
64.0,-143.5,1.4,2,3.1500000000000004
64.0,-143.0,2.7,1,14.4
64.0,-142.5,1.4,4,6.75
64.0,-142.0,1.3,2,12.85
64.0,-141.5,1.3,1,14.3
64.0,-141.0,3.4,14,10.614285714285714
64.0,-140.5,3.6,44,9.377272727272727
64.0,-140.0,3.3,4,7.725
64.0,-139.5,2.9,10,7.08
64.0,-139.0,3.4,11,8.645454545454545
64.0,-138.5,4.0,19,8.026315789473685
64.0,-138.0,4.3,10,9.02
64.0,-137.0,4.5,3,8.433333333333334
64.0,-136.5,1.8,1,6.4
64.0,-136.0,2.2,43,6.465116279069767
64.0,-135.5,2.4,7,8.1
64.0,-135.0,4.3,2,13.9
64.0,-134.5,2.4,2,10.350000000000001
64.0,-133.0,4.9,2,2.5
64.0,-131.5,3.7,1,5.0
64.0,-131.0,5.1,5,3.78
64.0,-130.0,4.6,3,9.336666666666666
64.0,-87.5,3.5,1,18.0
64.0,-87.0,4.1,1,18.0
64.0,-83.0,2.6,1,18.0
64.0,-40.5,4.2,1,10.0
64.0,-40.0,4.3,2,10.0
64.0,-23.5,4.7,6,10.0
64.0,-23.0,4.6,13,9.998461538461537
64.0,-22.5,5.6,20,9.675
64.0,-22.0,5.6,70,9.343871428571429
64.0,-21.5,5.4,15,10.0
64.0,-21.0,6.5,8,9.875
64.0,-20.5,6.5,3,10.0
64.0,-19.5,5.0,2,10.0
64.0,-19.0,4.3,5,10.0
64.0,-18.5,4.4,3,10.0
64.0,-18.0,4.5,7,9.292857142857143
64.0,-17.5,4.4,1,6.9
64.0,-4.0,3.2,1,10.0
64.0,5.5,3.2,1,10.0
64.0,6.0,4.2,1,10.0
64.0,9.0,2.8,1,10.0
64.0,9.5,2.7,3,0.03333333333333333
64.0,10.0,2.5,1,10.0
64.0,20.5,2.9,2,10.0
64.0,21.0,3.8,1,10.0
64.0,133.5,4.6,1,10.0
64.0,145.0,4.4,2,10.0
64.0,146.0,4.2,2,10.0
64.0,149.0,5.2,1,20.8
64.0,153.5,4.3,1,10.0
64.0,155.5,4.7,1,10.0
64.0,170.0,4.9,1,10.0
64.5,-174.0,2.6,1,20.6
64.5,-173.5,4.0,6,20.51666666666667
64.5,-173.0,3.8,7,18.1
64.5,-172.5,3.3,5,16.146
64.5,-172.0,4.2,3,15.633333333333333
64.5,-171.5,3.1,2,12.3
64.5,-171.0,3.3,5,12.58
64.5,-170.5,3.2,14,15.228571428571428
64.5,-170.0,1.8,2,7.5
64.5,-169.5,2.2,4,17.4
64.5,-169.0,3.4,3,10.0
64.5,-168.5,1.9,3,6.666666666666667
64.5,-168.0,3.3,3,18.86666666666667
64.5,-167.5,2.0,4,5.0
64.5,-167.0,2.3,5,11.84
64.5,-166.5,3.7,7,9.114285714285714
64.5,-166.0,3.9,8,10.2875
64.5,-165.5,4.7,13,9.5
64.5,-165.0,3.5,25,13.488
64.5,-164.5,4.1,10,11.7
64.5,-164.0,4.1,24,8.275
64.5,-163.5,4.4,62,12.464516129032257
64.5,-163.0,3.9,24,10.666666666666666
64.5,-162.5,4.5,23,12.339130434782609
64.5,-162.0,3.7,8,11.575
64.5,-161.5,2.7,10,11.89
64.5,-161.0,2.6,3,9.5
64.5,-160.5,3.5,39,10.23076923076923
64.5,-160.0,2.9,59,8.916949152542374
64.5,-159.5,3.8,20,9.995000000000001
64.5,-159.0,3.2,6,16.55
64.5,-158.5,4.5,46,11.93913043478261
64.5,-158.0,4.2,23,10.78695652173913
64.5,-157.5,2.9,13,12.069230769230769
64.5,-157.0,3.2,17,13.91764705882353
64.5,-156.5,2.7,2,12.05
64.5,-156.0,3.2,21,13.123809523809525
64.5,-155.5,2.9,8,10.2
64.5,-155.0,2.7,7,20.614285714285717
64.5,-154.5,2.3,22,12.772727272727273
64.5,-154.0,3.9,59,11.105084745762712
64.5,-153.5,3.2,98,10.208163265306123
64.5,-153.0,3.5,120,9.674166666666668
64.5,-152.5,5.1,346,10.449421965317919
64.5,-152.0,4.6,256,10.7828125
64.5,-151.5,3.7,293,11.72184300341297
64.5,-151.0,3.3,700,11.623714285714286
64.5,-150.5,3.1,600,12.312666666666667
64.5,-150.0,3.9,1144,14.41075174825175
64.5,-149.5,4.1,3123,16.32651296829971
64.5,-149.0,4.6,2610,15.278544061302682
64.5,-148.5,4.5,1068,11.771722846441948
64.5,-148.0,4.4,2530,14.04296442687747
64.5,-147.5,4.7,2598,9.860739030023096
64.5,-147.0,4.8,2985,8.038492462311558
64.5,-146.5,4.9,508,8.637992125984253
64.5,-146.0,3.1,104,10.283653846153847
64.5,-145.5,2.9,36,8.758333333333333
64.5,-145.0,3.1,34,8.205882352941176
64.5,-144.5,2.1,8,14.45
64.5,-143.0,4.0,2,61.8
64.5,-142.0,2.0,1,10.5
64.5,-141.5,2.8,25,12.332
64.5,-141.0,2.7,30,8.877633333333334
64.5,-140.5,4.5,49,7.738775510204081
64.5,-140.0,3.2,43,9.790697674418604
64.5,-139.5,3.0,36,9.205555555555556
64.5,-139.0,3.7,42,8.533333333333333
64.5,-138.5,4.8,91,8.536263736263736
64.5,-138.0,3.5,11,12.336363636363636
64.5,-137.5,4.9,17,6.382352941176471
64.5,-137.0,2.9,5,13.9
64.5,-136.5,2.8,2,1.5499999999999998
64.5,-136.0,2.3,2,7.45
64.5,-135.5,1.8,1,18.0
64.5,-135.0,4.4,8,10.85
64.5,-134.5,5.1,12,13.524999999999999
64.5,-134.0,3.1,3,31.233333333333334
64.5,-133.0,3.9,1,1.0
64.5,-131.5,3.9,1,10.0
64.5,-131.0,5.4,9,7.444444444444445
64.5,-130.5,4.3,2,18.0
64.5,-128.5,4.7,2,15.0
64.5,-91.0,4.4,1,18.0
64.5,-77.0,3.5,1,15.06
64.5,-40.0,4.2,1,10.0
64.5,-21.0,5.2,2,10.0
64.5,-20.5,4.5,2,10.0
64.5,-19.0,4.5,2,10.225
64.5,-18.0,5.5,165,8.596181818181817
64.5,-17.5,5.6,310,8.220516129032259
64.5,-17.0,5.5,22,8.252727272727272
64.5,5.5,2.9,1,15.0
64.5,6.0,2.7,1,10.0
64.5,9.5,2.8,1,10.0
64.5,17.0,4.2,1,33.0
64.5,20.5,3.7,2,10.15
64.5,21.0,4.1,2,15.8
64.5,21.5,3.5,1,10.0
64.5,30.5,3.9,1,10.0
64.5,60.5,4.4,1,13.64
64.5,168.5,5.0,2,10.0
65.0,-175.0,3.4,1,10.0
65.0,-174.5,2.7,1,1.4
65.0,-174.0,3.0,3,13.166666666666666
65.0,-173.5,4.2,7,18.714285714285715
65.0,-173.0,4.6,24,15.622083333333334
65.0,-172.5,3.4,10,12.67
65.0,-172.0,3.5,3,22.822999999999997
65.0,-171.5,4.0,11,18.636363636363637
65.0,-171.0,4.3,26,14.584615384615384
65.0,-170.5,5.2,15,18.013333333333332
65.0,-170.0,5.2,7,10.442857142857141
65.0,-169.5,3.1,2,6.0
65.0,-169.0,4.2,10,16.09
65.0,-168.5,3.6,19,10.563157894736841
65.0,-168.0,4.0,34,11.411764705882353
65.0,-167.5,3.8,39,10.292307692307691
65.0,-167.0,3.6,34,9.81235294117647
65.0,-166.5,3.0,18,8.75
65.0,-166.0,3.0,21,10.842857142857142
65.0,-165.5,4.4,29,9.141379310344828
65.0,-165.0,4.2,37,8.856756756756756
65.0,-164.5,4.4,52,10.157692307692308
65.0,-164.0,3.2,35,12.551428571428572
65.0,-163.5,3.3,7,8.871428571428572
65.0,-163.0,3.5,149,5.9630872483221475
65.0,-162.5,4.0,76,9.746052631578948
65.0,-162.0,3.3,14,10.792857142857143
65.0,-161.5,3.2,18,6.777777777777778
65.0,-161.0,4.5,8,8.8625
65.0,-160.5,2.1,3,7.1000000000000005
65.0,-160.0,2.3,4,8.55
65.0,-159.0,2.9,1,10.0
65.0,-158.5,2.8,25,12.412
65.0,-158.0,2.6,41,12.609756097560975
65.0,-157.5,2.1,12,10.950000000000001
65.0,-157.0,2.8,5,15.84
65.0,-156.5,2.1,3,6.733333333333334
65.0,-156.0,3.3,19,9.626315789473685
65.0,-155.5,3.4,54,10.924074074074074
65.0,-155.0,4.9,38,11.50263157894737
65.0,-154.5,3.6,83,10.560240963855422
65.0,-154.0,5.6,30,8.353333333333333
65.0,-153.5,2.4,29,9.489655172413793
65.0,-153.0,3.4,96,9.626041666666667
65.0,-152.5,4.3,268,10.189552238805971
65.0,-152.0,3.6,298,11.18489932885906
65.0,-151.5,5.1,439,12.158314350797266
65.0,-151.0,4.2,667,13.021739130434783
65.0,-150.5,4.7,737,12.842876526458618
65.0,-150.0,3.6,624,11.628685897435897
65.0,-149.5,3.6,1032,14.852228682170542
65.0,-149.0,5.0,7288,13.54169868276619
65.0,-148.5,6.0,2573,13.167741935483871
65.0,-148.0,3.9,1492,14.086729222520109
65.0,-147.5,4.5,3124,10.874135723431499
65.0,-147.0,3.3,738,11.294850948509486
65.0,-146.5,3.0,289,10.267474048442907
65.0,-146.0,3.5,123,9.099186991869919
65.0,-145.5,2.8,56,8.851785714285715
65.0,-145.0,3.5,35,9.531428571428572
65.0,-144.5,2.6,24,9.35
65.0,-144.0,1.9,21,9.128571428571428
65.0,-143.5,1.9,31,10.01290322580645
65.0,-143.0,1.9,10,7.4799999999999995
65.0,-142.5,2.3,7,12.057142857142859
65.0,-142.0,3.1,4,23.625
65.0,-141.5,3.7,25,9.136000000000001
65.0,-141.0,2.8,18,9.116666666666667
65.0,-140.5,4.0,23,11.802173913043477
65.0,-140.0,3.4,53,5.599056603773585
65.0,-139.5,3.5,67,9.12089552238806
65.0,-139.0,4.6,55,12.523636363636363
65.0,-138.5,3.2,42,14.326190476190478
65.0,-138.0,3.0,8,17.5375
65.0,-137.5,4.2,5,12.62
65.0,-136.5,1.0,1,26.4
65.0,-135.5,2.3,1,12.5
65.0,-135.0,4.0,12,13.775
65.0,-134.5,4.4,14,10.771428571428572
65.0,-134.0,4.6,25,8.9864
65.0,-133.5,4.8,19,13.415789473684208
65.0,-133.0,4.6,3,15.766666666666666
65.0,-131.5,3.2,1,35.0
65.0,-131.0,3.9,1,1.0
65.0,-130.5,4.5,1,1.0
65.0,-129.5,3.9,1,5.0
65.0,-129.0,5.6,3,4.566666666666666
65.0,-123.0,4.0,1,10.0
65.0,-113.5,4.1,2,18.0
65.0,-88.5,4.2,1,5.0
65.0,-88.0,2.5,1,18.0
65.0,-87.5,3.8,2,5.25
65.0,-87.0,4.4,4,18.0
65.0,-86.5,4.6,1,18.0
65.0,-39.5,4.5,1,10.0
65.0,-39.0,4.2,1,10.0
65.0,-20.0,4.2,1,10.4
65.0,-17.5,5.6,6,9.126666666666667
65.0,-17.0,4.5,2,8.52
65.0,-16.5,4.3,2,10.0
65.0,-0.5,3.0,1,10.0
65.0,0.5,4.4,1,15.0
65.0,2.5,3.1,1,10.0
65.0,4.5,3.3,1,10.0
65.0,5.5,2.8,1,10.0
65.0,6.0,3.2,1,33.0
65.0,7.0,4.0,1,10.0
65.0,11.5,2.5,1,0.0
65.0,12.5,3.3,1,10.0
65.0,22.5,4.2,1,14.86
65.0,25.5,3.5,1,10.0
65.0,136.0,3.3,1,33.0
65.0,137.5,3.9,1,10.0
65.0,139.0,4.4,1,10.0
65.0,144.0,4.5,1,10.0
65.0,146.0,5.1,2,10.0
65.0,146.5,5.5,1,12.0
65.0,147.0,4.8,2,21.5
65.0,149.5,4.7,1,10.0
65.0,167.5,4.0,1,10.0
65.5,-175.5,2.6,1,22.4
65.5,-175.0,3.0,6,11.75
65.5,-174.5,3.5,1,20.0
65.5,-174.0,4.5,5,16.78
65.5,-173.5,3.4,4,20.125
65.5,-173.0,3.7,3,13.633333333333333
65.5,-172.5,3.1,4,12.45
65.5,-172.0,3.4,9,20.371222222222222
65.5,-171.5,3.2,10,18.25
65.5,-171.0,3.1,7,16.857142857142858
65.5,-170.5,2.7,7,23.8
65.5,-170.0,3.3,5,11.24
65.5,-169.5,3.7,4,17.85
65.5,-169.0,4.6,10,15.378
65.5,-168.5,3.9,22,9.768181818181818
65.5,-168.0,4.1,21,14.042857142857141
65.5,-167.5,4.4,71,7.721549295774648
65.5,-167.0,5.0,219,8.954018264840183
65.5,-166.5,4.4,127,9.62992125984252
65.5,-166.0,4.8,19,12.4
65.5,-165.5,3.5,30,7.62
65.5,-165.0,3.8,126,7.11984126984127
65.5,-164.5,4.7,45,8.882222222222222
65.5,-164.0,4.0,42,10.033333333333333
65.5,-163.5,3.1,32,10.640625
65.5,-163.0,3.6,287,5.877735191637631
65.5,-162.5,3.6,114,9.15263157894737
65.5,-162.0,4.8,100,8.998
65.5,-161.5,1.8,7,4.971428571428571
65.5,-161.0,1.4,2,11.149999999999999
65.5,-160.0,1.2,1,10.7
65.5,-159.5,2.0,1,8.0
65.5,-159.0,3.5,3,21.933333333333334
65.5,-158.5,2.9,62,9.396774193548387
65.5,-158.0,3.3,70,7.687142857142858
65.5,-157.5,2.0,3,13.533333333333333
65.5,-157.0,1.5,9,11.7
65.5,-156.5,1.9,7,10.0
65.5,-156.0,3.0,9,8.055555555555555
65.5,-155.5,2.4,14,10.485714285714286
65.5,-155.0,4.4,115,6.275652173913044
65.5,-154.5,3.4,20,9.86
65.5,-154.0,3.0,30,9.423333333333334
65.5,-153.5,5.1,330,9.531515151515151
65.5,-153.0,2.7,42,11.104761904761904
65.5,-152.5,3.6,80,15.033750000000001
65.5,-152.0,3.5,148,14.079729729729731
65.5,-151.5,3.7,169,11.962721893491125
65.5,-151.0,3.3,195,8.796410256410256
65.5,-150.5,3.7,81,11.525925925925927
65.5,-150.0,4.7,600,10.276
65.5,-149.5,3.0,128,10.46484375
65.5,-149.0,3.1,254,8.12992125984252
65.5,-148.5,3.5,315,9.50920634920635
65.5,-148.0,3.5,648,10.721296296296297
65.5,-147.5,2.6,42,8.428571428571429
65.5,-147.0,3.8,32,8.325
65.5,-146.5,2.3,38,8.31578947368421
65.5,-146.0,2.3,18,7.083333333333333
65.5,-145.5,3.6,169,12.571005917159763
65.5,-145.0,3.9,598,9.147324414715719
65.5,-144.5,4.8,777,7.463191763191762
65.5,-144.0,4.3,91,10.076923076923077
65.5,-143.5,3.7,47,9.176595744680851
65.5,-143.0,3.6,46,9.121739130434783
65.5,-142.5,3.3,13,8.13076923076923
65.5,-142.0,4.0,15,6.293333333333334
65.5,-141.5,3.3,7,9.057142857142857
65.5,-141.0,3.5,13,8.638461538461538
65.5,-140.5,2.9,6,9.933333333333334
65.5,-140.0,3.9,21,9.061904761904762
65.5,-139.5,4.0,13,9.361538461538462
65.5,-139.0,4.0,3,12.166666666666666
65.5,-138.5,3.4,5,12.52
65.5,-138.0,4.0,23,7.121739130434783
65.5,-137.5,2.4,8,9.7875
65.5,-137.0,4.5,19,7.226315789473685
65.5,-136.5,3.6,8,11.15
65.5,-136.0,3.0,3,4.366666666666667
65.5,-135.5,2.8,9,15.988888888888889
65.5,-135.0,3.4,40,19.457
65.5,-134.5,4.3,37,11.735135135135135
65.5,-134.0,5.1,26,10.348846153846154
65.5,-133.5,4.5,11,8.510909090909092
65.5,-133.0,4.0,2,5.5
65.5,-128.0,3.8,1,10.0
65.5,-124.0,4.5,2,10.5
65.5,-122.5,4.6,1,9.03
65.5,-95.5,4.0,1,18.0
65.5,-91.5,3.9,1,10.0
65.5,-88.5,3.9,1,18.0
65.5,-86.0,4.5,1,5.0
65.5,-52.5,4.4,2,10.0
65.5,-38.5,4.0,1,10.0
65.5,-37.5,4.8,1,10.0
65.5,-18.0,3.0,1,10.0
65.5,-1.5,2.9,1,1.8
65.5,6.0,3.4,1,10.0
65.5,18.0,3.1,2,16.05
65.5,23.0,3.1,1,10.0
65.5,124.5,4.5,1,21.7
65.5,132.5,4.4,1,10.0
65.5,134.5,4.0,1,15.26
65.5,137.0,4.3,1,20.1
65.5,138.0,4.4,2,10.0
65.5,143.0,4.4,1,33.0
65.5,149.0,4.8,2,13.3
66.0,-176.0,4.2,2,6.4
66.0,-175.0,4.4,10,13.95
66.0,-174.5,3.8,4,7.5
66.0,-174.0,4.5,4,12.725
66.0,-173.5,3.0,2,10.6
66.0,-173.0,4.0,5,22.740000000000002
66.0,-172.5,2.9,4,19.25
66.0,-172.0,2.8,8,20.125
66.0,-171.5,2.7,5,13.88
66.0,-171.0,2.6,4,8.575
66.0,-170.5,2.9,3,19.233333333333334
66.0,-170.0,4.5,5,10.919999999999998
66.0,-169.5,4.9,5,16.619999999999997
66.0,-169.0,1.9,1,9.8
66.0,-168.0,3.9,3,13.0
66.0,-167.5,3.9,7,14.22857142857143
66.0,-167.0,3.4,10,9.42
66.0,-166.5,3.4,63,8.417619047619048
66.0,-166.0,4.0,78,7.098717948717949
66.0,-165.5,2.9,7,12.757142857142856
66.0,-165.0,3.2,11,9.299999999999999
66.0,-164.5,3.4,24,10.391666666666667
66.0,-164.0,3.6,15,7.906666666666666
66.0,-163.5,3.7,29,10.637931034482758
66.0,-163.0,3.0,37,10.197297297297297
66.0,-162.5,3.4,18,13.305555555555555
66.0,-162.0,4.2,23,8.582608695652175
66.0,-161.5,2.6,6,13.483333333333334
66.0,-161.0,3.0,5,8.8
66.0,-160.5,1.2,2,5.65
66.0,-160.0,1.1,2,8.399999999999999
66.0,-159.0,1.6,3,9.933333333333334
66.0,-158.5,3.0,25,8.516
66.0,-158.0,3.6,19,7.1000000000000005
66.0,-157.5,2.7,118,8.102542372881356
66.0,-157.0,4.1,1060,6.522556603773585
66.0,-156.5,3.1,170,11.59
66.0,-156.0,4.4,59,11.235593220338982
66.0,-155.5,4.4,139,7.827338129496403
66.0,-155.0,4.1,109,6.7678899082568815
66.0,-154.5,3.1,7,11.328571428571427
66.0,-154.0,3.0,15,7.826666666666667
66.0,-153.5,3.1,38,6.78421052631579
66.0,-153.0,2.7,20,13.95
66.0,-152.5,3.0,21,11.466666666666667
66.0,-152.0,3.9,78,12.02051282051282
66.0,-151.5,3.2,342,10.523684210526316
66.0,-151.0,4.4,663,10.371191553544495
66.0,-150.5,4.0,402,13.20273631840796
66.0,-150.0,3.9,472,12.163559322033898
66.0,-149.5,3.9,342,13.400584795321638
66.0,-149.0,3.8,243,13.948148148148148
66.0,-148.5,4.3,296,14.535135135135134
66.0,-148.0,4.4,318,12.769811320754718
66.0,-147.5,4.3,141,10.160283687943261
66.0,-147.0,3.2,132,9.115151515151515
66.0,-146.5,3.5,41,12.91219512195122
66.0,-146.0,2.8,29,9.586206896551724
66.0,-145.5,3.0,23,13.521739130434783
66.0,-145.0,3.0,22,8.504545454545454
66.0,-144.5,2.4,13,11.038461538461538
66.0,-144.0,3.0,21,11.452380952380953
66.0,-143.5,3.4,49,12.187755102040818
66.0,-143.0,3.7,33,11.527272727272727
66.0,-142.5,4.0,143,12.33006993006993
66.0,-142.0,4.2,162,9.948765432098766
66.0,-141.5,4.0,95,11.871157894736841
66.0,-141.0,3.3,34,8.682647058823528
66.0,-140.5,4.1,8,16.5
66.0,-140.0,3.1,4,8.875
66.0,-139.5,2.5,5,13.02
66.0,-138.5,2.6,2,10.6
66.0,-137.5,1.8,1,23.1
66.0,-137.0,1.3,1,4.0
66.0,-136.5,4.1,4,10.075
66.0,-136.0,2.5,4,14.0
66.0,-135.5,4.6,103,13.243883495145631
66.0,-135.0,4.5,77,11.851948051948053
66.0,-134.5,3.1,2,8.8
66.0,-90.5,4.0,1,18.0
66.0,-85.5,4.2,1,18.0
66.0,-52.5,4.9,2,10.0
66.0,-37.5,4.6,5,10.698
66.0,-19.0,4.8,1,10.0
66.0,-18.5,4.6,5,10.0
66.0,-18.0,4.3,3,10.0
66.0,0.5,4.2,1,10.0
66.0,5.5,5.1,2,10.0
66.0,6.0,3.4,1,10.0
66.0,6.5,3.6,1,33.0
66.0,8.0,3.8,1,10.0
66.0,12.5,2.8,1,10.0
66.0,13.5,1.3,1,0.0
66.0,124.5,3.8,1,10.0
66.0,125.0,3.5,1,10.0
66.5,-176.0,3.3,1,33.7
66.5,-175.5,2.6,1,10.0
66.5,-175.0,4.9,8,14.3875
66.5,-174.5,5.3,6,17.45
66.5,-174.0,2.5,2,10.0
66.5,-173.5,3.1,2,29.744999999999997
66.5,-173.0,3.5,6,20.466666666666665
66.5,-172.5,4.5,3,11.033333333333333
66.5,-172.0,2.8,1,1.9
66.5,-171.5,3.5,3,27.96666666666667
66.5,-171.0,3.5,15,17.296
66.5,-170.5,4.6,10,14.15
66.5,-170.0,4.2,4,15.575
66.5,-169.5,2.7,2,14.600000000000001
66.5,-169.0,3.2,1,25.6
66.5,-167.5,3.6,1,15.9
66.5,-166.0,2.9,2,12.1
66.5,-165.5,3.3,1,9.5
66.5,-164.0,4.1,7,7.714285714285714
66.5,-163.5,3.0,8,11.5125
66.5,-163.0,2.7,12,13.841666666666667
66.5,-162.5,3.4,22,7.9
66.5,-162.0,4.0,26,13.703846153846154
66.5,-161.5,3.7,7,15.142857142857142
66.5,-161.0,2.7,4,10.775
66.5,-160.5,2.3,5,11.780000000000001
66.5,-160.0,3.1,4,17.925
66.5,-159.0,2.9,2,16.950000000000003
66.5,-158.5,3.0,13,10.546153846153846
66.5,-158.0,4.3,72,15.176388888888889
66.5,-157.5,5.2,3386,7.268047844063792
66.5,-157.0,5.4,4049,6.736272659916029
66.5,-156.5,2.3,15,4.693333333333333
66.5,-156.0,2.9,7,5.357142857142857
66.5,-155.5,4.0,7,9.757142857142856
66.5,-155.0,2.6,10,9.68
66.5,-154.5,4.3,68,5.335294117647059
66.5,-154.0,3.4,14,11.992857142857144
66.5,-153.5,4.2,79,8.825316455696203
66.5,-153.0,3.9,44,8.338636363636363
66.5,-152.5,1.4,10,7.910000000000001
66.5,-152.0,2.4,22,12.72272727272727
66.5,-151.5,3.3,29,14.006896551724138
66.5,-151.0,3.7,55,9.959999999999999
66.5,-150.5,2.8,80,12.10875
66.5,-150.0,4.0,396,9.072474747474747
66.5,-149.5,4.4,127,11.433070866141732
66.5,-149.0,3.7,89,12.287640449438202
66.5,-148.5,3.3,110,13.015454545454546
66.5,-148.0,5.1,145,13.461379310344828
66.5,-147.5,3.7,234,14.366239316239316
66.5,-147.0,4.2,196,14.829081632653061
66.5,-146.5,3.2,72,17.57638888888889
66.5,-146.0,3.8,23,14.865217391304347
66.5,-145.5,1.8,4,7.949999999999999
66.5,-145.0,3.9,12,13.225
66.5,-144.5,3.4,14,12.907142857142857
66.5,-144.0,3.2,42,9.061904761904762
66.5,-143.5,2.8,16,7.75625
66.5,-143.0,4.0,18,13.305555555555555
66.5,-142.5,5.4,229,10.424454148471614
66.5,-142.0,4.6,179,11.651396648044692
66.5,-141.5,3.0,49,10.826530612244898
66.5,-141.0,3.0,28,10.732142857142858
66.5,-140.5,2.7,9,10.377777777777778
66.5,-140.0,1.6,1,0.2
66.5,-139.5,2.0,4,7.45
66.5,-139.0,1.8,3,2.1666666666666665
66.5,-136.5,2.6,3,21.0
66.5,-136.0,4.7,181,19.718839779005524
66.5,-135.5,4.7,183,16.084590163934426
66.5,-135.0,4.2,5,12.98
66.5,-131.0,4.2,2,1.0
66.5,-130.5,4.2,4,12.18
66.5,-95.0,5.3,1,18.0
66.5,-65.0,4.4,1,10.0
66.5,-54.0,3.9,1,10.0
66.5,-36.0,4.0,1,31.5
66.5,-19.0,5.5,2,10.0
66.5,-18.5,5.5,6,10.0
66.5,-18.0,5.2,10,10.0122
66.5,-17.5,5.3,17,10.464705882352941
66.5,-17.0,4.3,2,10.0
66.5,-2.0,4.0,1,10.0
66.5,6.0,3.9,1,10.0
66.5,7.5,3.3,3,17.766666666666666
66.5,13.0,3.6,10,7.81
66.5,13.5,3.3,9,4.2444444444444445
66.5,14.0,2.7,1,10.0
66.5,14.5,3.1,4,8.75
66.5,15.0,3.3,7,7.857142857142857
66.5,179.0,5.2,1,10.4
66.5,179.5,4.5,1,10.0
67.0,-177.0,4.2,1,10.0
67.0,-175.5,3.4,1,10.0
67.0,-175.0,2.5,1,10.0
67.0,-174.5,2.7,1,10.0
67.0,-173.5,5.1,2,13.9
67.0,-173.0,6.1,6,14.383333333333333
67.0,-172.5,3.4,1,26.0
67.0,-171.5,4.6,8,17.2875
67.0,-171.0,3.7,2,17.549999999999997
67.0,-170.5,2.7,2,15.7
67.0,-170.0,5.1,11,19.654545454545453
67.0,-169.5,4.7,7,12.0
67.0,-169.0,2.5,2,24.200000000000003
67.0,-168.5,3.2,1,29.9
67.0,-168.0,2.5,4,13.875
67.0,-167.5,2.5,2,15.45
67.0,-167.0,2.4,1,5.7
67.0,-166.5,3.1,1,20.0
67.0,-166.0,3.2,6,15.166666666666666
67.0,-165.5,2.8,5,14.180000000000001
67.0,-165.0,2.6,7,7.261428571428572
67.0,-164.5,2.8,5,13.5
67.0,-164.0,3.5,8,8.1625
67.0,-163.5,2.6,12,13.208333333333334
67.0,-163.0,3.1,10,11.52
67.0,-162.5,2.9,6,10.6
67.0,-161.5,3.0,4,18.6
67.0,-161.0,3.0,3,12.0
67.0,-160.5,3.6,12,13.174999999999999
67.0,-160.0,3.1,9,10.155555555555557
67.0,-159.5,3.4,4,14.0
67.0,-159.0,2.0,4,10.375
67.0,-158.5,3.8,21,13.123809523809522
67.0,-158.0,4.2,55,11.972727272727273
67.0,-157.5,3.4,72,9.930555555555555
67.0,-157.0,4.3,53,11.709433962264152
67.0,-156.5,3.7,40,11.747499999999999
67.0,-156.0,4.4,32,11.5625
67.0,-155.5,3.1,42,8.15952380952381
67.0,-155.0,4.5,50,6.484
67.0,-154.5,3.5,90,6.953333333333333
67.0,-154.0,4.7,45,7.748888888888889
67.0,-153.5,2.3,54,7.766666666666667
67.0,-153.0,2.6,18,7.666666666666667
67.0,-152.5,2.0,3,8.200000000000001
67.0,-152.0,3.1,22,10.649999999999999
67.0,-151.5,1.6,9,10.4
67.0,-151.0,1.7,14,7.928571428571429
67.0,-150.5,3.0,12,8.175
67.0,-150.0,3.0,38,6.63421052631579
67.0,-149.5,2.1,24,8.308333333333334
67.0,-149.0,2.3,27,7.1037037037037045
67.0,-148.5,2.0,14,8.457142857142857
67.0,-148.0,2.8,20,10.045
67.0,-147.5,3.6,50,13.388
67.0,-147.0,4.0,109,15.455045871559632
67.0,-146.5,4.3,150,14.799333333333333
67.0,-146.0,3.2,101,15.56831683168317
67.0,-145.5,2.8,23,14.321739130434782
67.0,-145.0,3.6,24,12.229166666666666
67.0,-144.5,3.9,40,11.5975
67.0,-144.0,3.8,72,12.940277777777778
67.0,-143.5,3.8,56,9.648214285714285
67.0,-143.0,3.8,141,7.857404255319149
67.0,-142.5,4.5,28,11.875
67.0,-142.0,3.8,18,8.899999999999999
67.0,-141.5,2.9,12,5.191666666666667
67.0,-141.0,2.2,9,5.800000000000001
67.0,-140.5,2.5,12,10.608333333333333
67.0,-140.0,2.8,9,10.889999999999999
67.0,-139.5,1.8,4,9.7
67.0,-139.0,3.5,17,12.023529411764706
67.0,-137.0,1.4,1,23.9
67.0,-136.5,3.5,12,17.416666666666668
67.0,-136.0,4.2,138,14.723913043478262
67.0,-135.5,4.2,13,16.56923076923077
67.0,-134.0,3.0,1,10.0
67.0,-130.5,4.1,1,10.0
67.0,-93.0,4.2,1,18.0
67.0,-54.0,4.3,1,18.0
67.0,-19.0,4.2,3,10.22
67.0,-18.5,5.8,3,10.0
67.0,8.5,2.6,1,15.0
67.0,9.0,2.6,2,16.05
67.0,10.0,4.2,1,10.0
67.0,13.0,2.5,1,0.0
67.0,13.5,3.2,3,10.0
67.0,14.0,3.5,3,10.0
67.0,14.5,3.0,3,10.0
67.0,20.0,3.0,1,10.0
67.0,20.5,4.0,1,15.96
67.0,21.0,3.6,43,9.30232558139535
67.0,21.5,2.7,1,10.0
67.0,22.0,3.0,1,10.0
67.0,22.5,3.1,1,10.0
67.0,64.5,4.1,1,10.0
67.0,74.0,3.9,1,10.0
67.0,128.0,4.0,1,10.0
67.0,145.0,4.2,1,10.0
67.0,145.5,4.4,1,14.9
67.5,-175.0,2.8,1,10.0
67.5,-174.0,3.4,1,24.5
67.5,-173.5,4.1,1,10.0
67.5,-173.0,4.1,4,9.9
67.5,-172.0,3.3,5,13.126
67.5,-171.5,3.9,5,11.26
67.5,-171.0,3.5,3,16.3
67.5,-170.5,4.2,5,10.540000000000001
67.5,-170.0,4.1,5,17.28
67.5,-169.5,3.0,2,16.55
67.5,-169.0,3.6,1,7.2
67.5,-168.5,3.0,9,11.455555555555556
67.5,-168.0,3.8,7,17.1
67.5,-167.5,3.8,20,18.81
67.5,-167.0,5.1,65,16.446153846153845
67.5,-166.5,4.3,68,16.84264705882353
67.5,-166.0,4.6,21,10.585714285714285
67.5,-165.5,2.9,12,14.241666666666667
67.5,-165.0,3.4,29,12.755172413793103
67.5,-164.5,3.7,19,14.552631578947368
67.5,-164.0,3.5,50,10.368
67.5,-163.5,3.7,62,12.21983870967742
67.5,-163.0,4.3,42,16.261904761904763
67.5,-162.5,5.8,343,16.798542274052476
67.5,-162.0,4.9,210,11.178571428571429
67.5,-161.5,4.4,64,10.5890625
67.5,-161.0,4.4,36,10.483333333333333
67.5,-160.5,3.9,51,11.86862745098039
67.5,-160.0,4.5,20,11.105
67.5,-159.5,3.5,34,8.382352941176471
67.5,-159.0,4.3,28,10.192857142857141
67.5,-158.5,3.1,28,11.932142857142859
67.5,-158.0,3.0,38,8.031578947368422
67.5,-157.5,3.3,25,9.276
67.5,-157.0,3.6,102,8.229411764705882
67.5,-156.5,4.1,174,8.302873563218391
67.5,-156.0,3.5,594,7.886195286195286
67.5,-155.5,3.2,89,8.55056179775281
67.5,-155.0,2.8,8,13.049999999999999
67.5,-154.5,2.5,9,11.633333333333333
67.5,-154.0,2.9,31,6.800000000000001
67.5,-153.5,2.9,20,7.85
67.5,-153.0,3.0,5,8.08
67.5,-152.5,1.9,2,1.95
67.5,-152.0,1.5,3,3.466666666666667
67.5,-151.5,1.6,5,10.18
67.5,-151.0,2.7,13,7.892307692307692
67.5,-150.5,2.4,17,10.494117647058824
67.5,-150.0,3.1,61,8.991803278688524
67.5,-149.5,4.4,79,8.305063291139241
67.5,-149.0,3.3,42,9.121428571428572
67.5,-148.5,3.3,22,7.377272727272728
67.5,-148.0,3.5,39,7.671794871794871
67.5,-147.5,3.8,26,8.957692307692309
67.5,-147.0,4.9,52,8.892307692307693
67.5,-146.5,4.4,80,10.025
67.5,-146.0,4.7,92,11.15
67.5,-145.5,4.6,41,13.04390243902439
67.5,-145.0,3.6,27,13.47037037037037
67.5,-144.5,4.7,11,15.109090909090908
67.5,-144.0,3.3,46,11.432608695652174
67.5,-143.5,3.2,50,9.162
67.5,-143.0,3.0,8,10.1
67.5,-142.5,3.6,68,12.105882352941178
67.5,-142.0,3.0,42,9.264285714285714
67.5,-141.0,4.2,4,16.4
67.5,-140.5,3.4,7,8.595714285714285
67.5,-140.0,1.3,5,9.5
67.5,-139.5,1.6,1,15.2
67.5,-139.0,3.8,3,5.533333333333334
67.5,-137.5,1.6,1,6.2
67.5,-137.0,3.8,4,17.0
67.5,-136.5,1.9,13,12.223076923076924
67.5,-136.0,3.9,19,14.973684210526315
67.5,-135.5,4.4,13,15.646153846153847
67.5,-66.0,4.7,1,14.05
67.5,-54.5,3.7,1,18.0
67.5,-19.0,4.6,7,10.0
67.5,-18.5,4.6,9,10.0
67.5,-18.0,4.1,2,10.0
67.5,9.0,1.8,1,22.2
67.5,11.5,4.7,1,10.0
67.5,14.5,2.9,1,10.0
67.5,15.0,4.8,24,10.129166666666666
67.5,15.5,3.3,1,10.0
67.5,16.0,2.9,1,10.0
67.5,20.0,3.4,2,10.0
67.5,20.5,2.9,2,10.0
67.5,21.0,2.1,1,5.0
67.5,21.5,2.7,1,10.0
67.5,22.5,2.6,1,10.0
67.5,23.5,3.0,1,10.0
67.5,30.0,3.0,2,10.0
67.5,33.5,2.5,1,0.0
67.5,34.0,4.4,1,10.79
67.5,34.5,2.7,1,5.0
67.5,129.0,4.5,1,4.5
67.5,139.5,5.4,3,20.366666666666667
67.5,141.5,6.1,2,25.5
67.5,142.0,5.1,6,10.956666666666665
67.5,142.5,6.6,33,11.415757575757576
67.5,143.0,5.0,25,11.6708
68.0,-173.5,3.5,1,10.0
68.0,-171.5,3.3,1,24.1
68.0,-170.5,3.7,2,10.0
68.0,-170.0,2.8,1,10.583
68.0,-169.0,2.4,1,20.1
68.0,-168.5,2.8,3,20.099999999999998
68.0,-168.0,4.4,3,16.566666666666666
68.0,-167.5,5.2,7,15.4
68.0,-167.0,4.5,12,13.174999999999999
68.0,-166.5,3.7,17,14.147058823529411
68.0,-166.0,4.0,15,12.306666666666667
68.0,-165.5,2.4,3,7.366666666666667
68.0,-165.0,3.5,3,9.066666666666666
68.0,-164.5,4.1,20,10.375
68.0,-164.0,3.9,17,12.670588235294119
68.0,-163.5,4.8,26,11.330769230769231
68.0,-163.0,3.2,22,12.181818181818182
68.0,-162.5,3.8,39,22.973589743589745
68.0,-162.0,3.8,29,9.87241379310345
68.0,-161.5,4.6,26,11.084615384615384
68.0,-161.0,3.1,21,9.628571428571428
68.0,-160.5,3.7,30,11.04
68.0,-160.0,3.0,27,8.940740740740742
68.0,-159.5,3.7,20,13.35
68.0,-159.0,3.7,46,9.302173913043477
68.0,-158.5,4.0,36,9.547222222222222
68.0,-158.0,3.4,42,11.838095238095239
68.0,-157.5,4.1,88,9.136363636363637
68.0,-157.0,4.1,26,9.753846153846153
68.0,-156.5,5.0,62,8.429032258064517
68.0,-156.0,3.4,26,10.211538461538462
68.0,-155.5,2.8,13,11.430769230769231
68.0,-155.0,3.1,16,8.13125
68.0,-154.5,3.6,27,14.766666666666666
68.0,-154.0,3.1,8,16.525
68.0,-153.5,3.8,15,9.68
68.0,-153.0,4.3,19,11.763157894736842
68.0,-152.5,3.9,7,11.942857142857141
68.0,-152.0,1.7,3,5.5
68.0,-151.5,2.6,5,7.08
68.0,-151.0,2.3,6,6.416666666666667
68.0,-150.5,2.8,36,9.461111111111112
68.0,-150.0,2.7,14,9.385714285714286
68.0,-149.5,2.9,49,7.8591836734693885
68.0,-149.0,3.5,68,7.480882352941176
68.0,-148.5,3.2,41,8.258536585365855
68.0,-148.0,2.7,14,8.799999999999999
68.0,-147.5,4.5,39,11.41025641025641
68.0,-147.0,3.1,34,9.547058823529412
68.0,-146.5,4.0,49,10.79795918367347
68.0,-146.0,4.2,26,12.973076923076924
68.0,-145.5,3.9,23,10.043478260869565
68.0,-145.0,3.5,40,10.577499999999999
68.0,-144.5,3.6,23,11.052173913043477
68.0,-144.0,3.8,15,8.766666666666667
68.0,-143.5,3.5,10,10.93
68.0,-143.0,2.5,7,11.057142857142859
68.0,-142.5,1.2,1,12.8
68.0,-142.0,2.3,1,20.6
68.0,-141.0,3.6,8,9.725
68.0,-137.5,2.3,8,11.15
68.0,-137.0,3.8,14,9.785714285714286
68.0,-136.5,5.0,115,16.05373913043478
68.0,-136.0,3.8,17,15.664705882352942
68.0,-135.5,3.3,24,15.116666666666667
68.0,-135.0,3.0,2,16.85
68.0,-65.0,3.1,1,18.0
68.0,-59.0,4.9,2,10.0
68.0,-54.5,4.3,2,10.0
68.0,-30.0,4.6,1,10.0
68.0,-21.5,4.1,1,10.0
68.0,-19.5,4.4,1,10.0
68.0,-19.0,4.7,8,10.0
68.0,-18.5,5.2,16,10.0
68.0,-18.0,4.8,4,10.2325
68.0,9.5,3.4,3,10.0
68.0,10.0,4.4,4,9.6
68.0,10.5,4.1,8,13.5375
68.0,11.0,2.4,1,10.0
68.0,14.0,4.0,2,14.7
68.0,14.5,3.0,1,10.0
68.0,15.0,3.4,5,6.0200000000000005
68.0,15.5,3.0,1,10.0
68.0,16.5,2.7,1,10.0
68.0,20.0,2.6,3,10.0
68.0,20.5,3.2,7,9.285714285714286
68.0,24.0,3.0,1,10.0
68.0,34.5,4.6,1,10.0
68.0,123.5,4.5,1,10.0
68.0,127.5,4.0,1,10.0
68.0,129.5,4.2,1,10.0
68.0,132.5,4.3,1,10.0
68.0,140.0,4.7,1,33.0
68.0,141.0,4.3,1,10.0
68.0,141.5,5.3,2,21.5
68.0,142.0,4.1,2,12.45
68.0,142.5,4.1,1,10.0
68.5,-171.0,4.7,1,10.0
68.5,-169.0,3.0,1,10.0
68.5,-168.0,4.1,1,14.1
68.5,-167.0,2.7,1,30.5
68.5,-163.5,3.2,1,10.0
68.5,-160.5,3.7,7,11.37142857142857
68.5,-160.0,1.5,1,10.0
68.5,-159.0,2.3,1,13.5
68.5,-158.5,1.5,1,8.0
68.5,-158.0,3.4,12,10.558333333333334
68.5,-157.5,1.2,2,4.449999999999999
68.5,-155.5,3.4,1,17.5
68.5,-154.0,2.2,1,13.6
68.5,-149.0,3.6,23,7.957391304347826
68.5,-148.5,4.6,358,11.019832402234636
68.5,-148.0,5.4,156,11.155128205128205
68.5,-147.5,4.0,653,10.938897396630935
68.5,-147.0,3.6,518,11.214671814671814
68.5,-146.5,3.7,151,11.717880794701987
68.5,-146.0,4.0,76,10.186842105263159
68.5,-145.5,3.4,42,9.85
68.5,-145.0,3.4,37,9.856756756756756
68.5,-144.5,3.4,20,9.82
68.5,-144.0,2.3,13,12.600000000000001
68.5,-143.5,3.1,18,12.005555555555555
68.5,-143.0,3.2,5,19.14
68.5,-142.5,2.5,2,10.3
68.5,-141.5,1.8,1,19.2
68.5,-137.0,1.3,2,16.7
68.5,-136.5,4.0,7,19.7
68.5,-135.0,2.6,6,15.25
68.5,-124.5,4.1,1,1.0
68.5,-67.5,4.4,1,18.0
68.5,-19.0,4.5,2,10.0
68.5,-18.5,4.9,4,10.0
68.5,-18.0,4.6,10,10.0
68.5,-17.5,4.3,2,10.0
68.5,10.5,3.0,1,10.0
68.5,11.5,3.7,3,10.0
68.5,20.0,2.6,1,10.0
68.5,21.0,2.6,1,10.0
68.5,32.5,3.6,1,10.0
68.5,33.0,4.3,1,10.0
69.0,-168.5,2.7,1,20.0
69.0,-167.0,2.7,2,19.9
69.0,-166.5,2.5,1,32.6
69.0,-166.0,1.9,1,25.1
69.0,-149.5,2.3,1,23.1
69.0,-149.0,2.4,2,19.4
69.0,-148.5,2.9,20,12.455000000000002
69.0,-148.0,3.1,229,12.448471615720523
69.0,-147.5,3.5,693,11.656998556998557
69.0,-147.0,4.0,497,10.761770623742455
69.0,-146.5,4.2,1265,9.908842687747036
69.0,-146.0,5.1,242,10.461157024793389
69.0,-145.5,4.2,63,12.652380952380954
69.0,-145.0,4.3,159,10.164842767295598
69.0,-144.5,4.8,757,10.853210039630119
69.0,-144.0,3.4,37,14.502702702702702
69.0,-143.5,3.4,40,10.64
69.0,-143.0,3.0,55,11.945454545454545
69.0,-142.5,3.2,8,20.1125
69.0,-142.0,1.2,1,20.2
69.0,-140.0,3.1,2,20.9
69.0,-132.5,2.3,1,22.8
69.0,-97.0,4.3,1,18.0
69.0,-96.0,4.7,1,18.0
69.0,-53.5,4.7,6,11.318333333333333
69.0,-53.0,4.3,2,10.0
69.0,-50.5,4.2,1,14.57
69.0,-18.0,3.7,1,10.0
69.0,-17.5,4.7,7,10.0
69.0,-17.0,5.1,9,10.0
69.0,-16.5,5.6,10,10.0
69.0,8.5,3.2,1,10.0
69.0,16.5,2.6,5,9.24
69.0,17.5,2.4,1,0.1
69.0,18.0,2.5,1,5.0
69.0,29.5,2.5,1,10.0
69.0,30.0,3.1,11,8.181818181818182
69.5,-170.0,3.1,1,20.0
69.5,-167.5,3.1,1,20.0
69.5,-166.5,3.2,2,19.75
69.5,-150.0,2.0,1,29.9
69.5,-149.5,1.9,1,34.3
69.5,-149.0,3.2,1,10.0
69.5,-148.0,1.8,1,15.0
69.5,-147.5,4.4,12,13.075000000000001
69.5,-147.0,4.9,9,9.511111111111111
69.5,-146.5,2.9,27,9.722222222222221
69.5,-146.0,4.6,26,10.946153846153846
69.5,-145.5,6.4,188,11.76218085106383
69.5,-145.0,5.3,1180,9.350677118644068
69.5,-144.5,6.0,3710,7.326638814016173
69.5,-144.0,5.1,1873,7.143294180459156
69.5,-143.5,3.8,207,10.687439613526571
69.5,-143.0,2.6,17,12.847058823529412
69.5,-142.5,3.5,17,9.458823529411765
69.5,-142.0,3.4,12,8.424999999999999
69.5,-141.5,1.9,2,1.9
69.5,-132.0,3.4,1,5.0
69.5,-125.5,4.4,1,10.0
69.5,-53.5,4.1,4,16.0
69.5,-30.0,5.3,1,10.0
69.5,-16.5,3.8,1,10.0
69.5,-15.5,4.3,2,10.0
69.5,16.0,2.3,1,10.0
69.5,16.5,2.9,1,10.0
69.5,17.0,1.7,1,15.0
69.5,17.5,2.8,2,10.0
69.5,18.0,2.9,3,11.666666666666666
69.5,19.0,2.6,1,6.0
69.5,22.5,2.9,1,10.0
69.5,23.5,3.7,1,10.0
69.5,29.5,2.7,1,10.0
69.5,31.0,2.6,1,10.0
69.5,32.0,2.5,1,10.0
69.5,139.0,5.1,1,10.0
70.0,-168.5,3.7,1,10.0
70.0,-156.5,1.2,1,25.3
70.0,-156.0,3.2,1,33.0
70.0,-149.0,1.4,1,10.0
70.0,-148.5,2.0,1,10.0
70.0,-147.5,2.7,3,23.0
70.0,-147.0,3.6,4,13.575
70.0,-146.5,3.3,5,10.66
70.0,-146.0,3.0,2,16.35
70.0,-145.5,4.2,9,17.644444444444446
70.0,-145.0,4.7,25,12.632
70.0,-144.5,3.6,32,14.2625
70.0,-144.0,4.0,29,17.944827586206895
70.0,-143.5,4.1,21,14.676190476190476
70.0,-143.0,3.4,50,12.138
70.0,-142.5,4.3,35,13.09142857142857
70.0,-141.5,3.3,1,40.5
70.0,-135.5,2.5,2,36.8
70.0,-135.0,3.0,1,53.9
70.0,-131.5,4.7,1,10.0
70.0,-131.0,4.8,1,10.0
70.0,-130.5,3.2,1,18.0
70.0,-21.5,4.4,1,10.0
70.0,-16.0,4.9,9,10.0
70.0,-15.5,5.0,19,9.878947368421052
70.0,-15.0,4.7,4,10.0
70.0,6.5,4.4,1,10.0
70.0,13.0,4.2,1,10.0
70.0,16.0,2.6,1,10.0
70.0,17.5,2.4,2,13.55
70.0,22.0,2.4,1,10.0
70.0,30.0,2.9,1,6.4
70.0,128.5,4.6,1,21.58
70.0,129.5,4.7,1,10.0
70.0,138.5,4.3,1,10.0
70.0,140.5,4.6,1,10.0
70.0,169.5,4.1,1,10.0
70.5,-156.0,2.2,1,30.2
70.5,-151.0,1.7,1,17.5
70.5,-144.5,3.7,2,52.25
70.5,-144.0,4.2,8,19.975
70.5,-143.5,2.5,5,19.64
70.5,-143.0,2.3,2,25.85
70.5,-142.5,3.3,2,26.65
70.5,-137.5,3.0,2,23.275
70.5,-137.0,3.2,1,10.0
70.5,-136.5,2.6,1,40.0
70.5,-134.5,4.8,1,10.0
70.5,-133.5,4.5,2,13.5
70.5,-132.5,4.6,1,10.0
70.5,-96.0,4.5,1,18.0
70.5,-72.0,2.5,1,18.0
70.5,-71.5,3.0,1,18.0
70.5,-68.0,4.4,1,18.0
70.5,-16.5,4.4,1,10.0
70.5,-15.5,5.7,17,10.0
70.5,-15.0,5.5,16,10.43875
70.5,-14.5,5.7,7,10.425714285714287
70.5,-14.0,4.4,6,10.0
70.5,-13.5,4.3,3,10.0
70.5,-7.5,3.7,1,10.0
70.5,-7.0,3.3,2,6.6
70.5,-6.5,4.3,1,10.0
70.5,7.5,3.5,1,10.0
70.5,9.0,4.0,2,10.0
70.5,12.5,2.6,1,0.4
70.5,14.0,2.4,2,5.0
70.5,16.0,3.2,1,10.0
70.5,16.5,2.6,2,10.0
70.5,17.5,2.9,1,10.0
70.5,31.5,3.0,1,10.0
70.5,129.5,4.3,1,18.04
71.0,-160.5,3.4,3,15.433333333333332
71.0,-160.0,2.6,1,10.0
71.0,-157.0,3.5,1,8.5
71.0,-148.5,2.3,1,10.0
71.0,-146.0,2.6,3,27.066666666666666
71.0,-145.0,2.7,1,21.9
71.0,-144.5,2.5,1,10.0
71.0,-137.0,2.9,4,45.05
71.0,-136.5,4.1,5,41.9
71.0,-136.0,3.2,3,17.666666666666668
71.0,-135.5,3.5,3,33.73333333333333
71.0,-135.0,4.4,5,22.5022
71.0,-64.5,4.5,1,18.0
71.0,-15.0,4.3,1,10.0
71.0,-14.5,5.0,8,10.0
71.0,-14.0,5.0,7,8.571428571428571
71.0,-13.5,5.2,18,10.0
71.0,-13.0,5.0,26,10.0
71.0,-12.5,4.5,2,10.0
71.0,-11.0,3.9,1,10.0
71.0,-9.0,5.3,2,10.0
71.0,-8.5,6.0,6,14.6
71.0,-8.0,5.2,5,10.0
71.0,-7.5,6.0,23,10.386956521739132
71.0,-7.0,5.1,22,9.231818181818182
71.0,-6.5,6.2,26,11.196153846153846
71.0,-6.0,5.3,18,10.508333333333333
71.0,-5.0,4.0,1,10.0
71.0,-3.5,4.0,2,10.0
71.0,-3.0,4.2,1,10.0
71.0,1.5,4.4,2,10.0
71.0,9.0,4.8,1,10.0
71.0,9.5,3.1,2,10.0
71.0,129.0,4.7,1,10.0
71.0,140.0,4.8,1,10.0
71.5,-161.5,2.8,1,0.9
71.5,-158.0,3.0,1,16.5
71.5,-157.0,2.8,1,4.7
71.5,-151.0,1.7,1,12.8
71.5,-149.5,4.4,2,10.0
71.5,-148.5,3.1,1,20.0
71.5,-138.5,2.1,1,24.2
71.5,-137.5,2.2,1,24.1
71.5,-137.0,2.9,2,29.55
71.5,-136.5,3.9,2,35.0
71.5,-135.0,4.2,3,26.333333333333332
71.5,-134.5,4.6,5,24.2802
71.5,-134.0,3.8,2,22.5
71.5,-128.5,2.8,1,24.3
71.5,-75.0,4.1,1,18.0
71.5,-72.5,4.3,1,18.0
71.5,-72.0,4.7,1,10.0
71.5,-71.5,4.2,1,10.0
71.5,-70.5,4.0,1,18.0
71.5,-70.0,4.5,1,18.0
71.5,-63.0,4.4,1,10.0
71.5,-54.0,4.5,1,10.0
71.5,-33.0,4.0,1,10.4
71.5,-29.5,4.3,1,10.0
71.5,-13.0,4.5,1,10.0
71.5,-12.5,5.0,11,9.791818181818181
71.5,-12.0,5.1,19,10.452631578947368
71.5,-11.5,5.7,3,10.0
71.5,-11.0,6.7,9,9.588888888888889
71.5,-10.5,6.8,3,11.333333333333334
71.5,-10.0,3.5,1,15.0
71.5,-9.5,5.4,9,9.744444444444445
71.5,-9.0,4.8,10,10.0
71.5,-8.5,5.6,5,10.0
71.5,-8.0,4.3,8,7.125
71.5,-7.5,4.1,1,10.0
71.5,-7.0,3.0,2,12.45
71.5,-6.5,3.7,3,10.966666666666667
71.5,-6.0,3.4,3,14.299999999999999
71.5,-5.5,4.5,3,6.666666666666667
71.5,-5.0,4.4,3,10.733333333333334
71.5,-4.5,5.3,16,7.50625
71.5,-4.0,5.5,31,10.264516129032257
71.5,-3.5,5.6,15,10.007466666666666
71.5,-3.0,5.3,16,10.0
71.5,-2.5,5.2,18,10.0
71.5,-2.0,4.8,12,10.0
71.5,-1.5,4.8,8,10.0
71.5,-1.0,4.5,3,10.0
71.5,-0.5,4.4,1,10.0
71.5,5.5,3.9,1,10.0
71.5,6.0,4.2,1,10.0
71.5,11.0,4.3,1,10.0
71.5,13.0,2.9,1,20.4
71.5,13.5,4.6,1,10.0
71.5,127.0,4.3,1,10.0
71.5,129.0,4.6,1,20.6
71.5,130.5,4.8,1,10.0
71.5,138.5,4.3,1,10.0
72.0,-160.5,3.5,1,10.0
72.0,-152.5,1.8,1,13.2
72.0,-151.0,2.7,2,15.0
72.0,-149.5,3.0,2,15.0
72.0,-148.5,2.7,1,10.0
72.0,-137.5,3.3,1,25.0
72.0,-137.0,3.0,2,19.2265
72.0,-136.5,2.9,1,10.601
72.0,-136.0,2.4,1,39.6
72.0,-135.5,4.2,3,38.4
72.0,-134.5,4.6,1,10.0
72.0,-133.0,4.0,2,10.0
72.0,-131.0,4.3,1,35.0
72.0,-130.0,4.8,1,10.0
72.0,-129.0,4.2,1,17.4
72.0,-127.0,4.2,1,10.0
72.0,-75.5,4.1,2,14.0
72.0,-75.0,4.6,4,18.0
72.0,-74.5,3.9,1,10.0
72.0,-74.0,3.8,1,18.0
72.0,-25.0,4.1,1,10.0
72.0,-12.0,4.4,3,10.0
72.0,-11.5,4.6,3,10.0
72.0,-11.0,4.0,1,10.0
72.0,-10.0,3.3,1,5.0
72.0,-6.5,4.6,2,15.8
72.0,-5.5,4.3,1,10.0
72.0,-5.0,4.6,1,10.0
72.0,-3.5,4.5,1,10.0
72.0,-2.5,5.2,2,10.0
72.0,-2.0,5.0,11,10.0
72.0,-1.5,5.4,17,10.0
72.0,-1.0,5.0,11,12.272727272727273
72.0,-0.5,4.4,5,10.0
72.0,-0.0,4.7,8,10.0725
72.0,0.5,5.8,12,10.0
72.0,1.0,6.0,16,9.125
72.0,1.5,4.6,4,10.0
72.0,2.0,4.1,1,10.0
72.0,2.5,4.5,1,10.0
72.0,5.0,4.3,1,10.0
72.0,15.5,4.5,1,10.0
72.0,125.0,4.3,2,10.0
72.0,126.5,4.8,1,10.0
72.0,127.0,5.2,3,15.866666666666667
72.0,127.5,4.4,3,13.04
72.0,130.0,4.7,1,18.95
72.0,134.0,4.1,1,13.71
72.0,134.5,4.4,1,15.07
72.5,-162.5,3.5,1,10.0
72.5,-161.5,2.4,1,25.3
72.5,-160.0,2.4,1,23.0
72.5,-153.5,4.1,1,10.0
72.5,-150.0,2.6,1,20.0
72.5,-137.5,3.4,1,40.0
72.5,-135.5,3.4,1,35.0
72.5,-133.0,5.2,2,10.0
72.5,-131.5,4.6,2,22.5
72.5,-96.0,4.2,1,10.0
72.5,-76.0,4.1,1,18.0
72.5,-75.0,4.0,1,18.0
72.5,-74.5,4.5,1,9.04
72.5,-71.5,4.6,1,18.0
72.5,-70.5,4.4,1,10.0
72.5,-53.5,4.1,1,15.63
72.5,0.5,5.4,5,10.0
72.5,1.0,4.9,5,10.0
72.5,1.5,4.7,8,10.0
72.5,2.0,4.9,6,10.0
72.5,2.5,4.8,10,10.0
72.5,3.0,4.9,14,9.65
72.5,3.5,5.5,16,10.0
72.5,4.0,4.7,18,11.208888888888888
72.5,4.5,4.7,12,10.0
72.5,5.0,4.5,6,10.0
72.5,5.5,4.6,3,10.0
72.5,6.0,4.0,1,10.0
72.5,6.5,3.0,1,10.0
72.5,8.0,4.1,1,10.0
72.5,12.0,4.2,1,14.97
72.5,124.0,4.7,1,61.5
72.5,125.0,4.4,5,16.3
72.5,125.5,4.4,5,10.0
73.0,-152.0,4.6,1,10.0
73.0,-96.0,4.9,1,10.0
73.0,-89.5,4.2,1,10.0
73.0,-73.5,4.3,1,18.0
73.0,-73.0,4.3,1,15.97
73.0,-71.5,4.5,1,10.0
73.0,3.5,4.3,1,10.0
73.0,4.5,5.0,4,10.0
73.0,5.0,5.5,13,10.0
73.0,5.5,6.1,17,10.0
73.0,6.0,4.9,42,10.235714285714286
73.0,6.5,5.4,25,10.0
73.0,7.0,5.4,13,10.0
73.0,7.5,4.9,5,10.0
73.0,8.0,3.6,2,10.0
73.0,9.5,3.9,1,10.0
73.0,10.0,4.2,1,10.0
73.0,11.0,4.2,1,10.0
73.0,12.5,5.2,1,10.0
73.0,13.0,4.6,2,10.0
73.0,57.0,3.2,1,10.0
73.0,120.5,4.1,1,10.0
73.0,121.5,4.8,1,47.2
73.0,123.5,4.9,1,29.1
73.0,124.5,4.0,1,10.0
73.0,129.5,4.5,1,10.0
73.5,-70.5,4.0,1,18.0
73.5,-6.5,4.3,1,10.0
73.5,5.5,4.6,1,10.0
73.5,6.0,4.7,5,10.0
73.5,6.5,5.4,11,10.0
73.5,7.0,4.9,12,10.0
73.5,7.5,5.1,22,10.0
73.5,8.0,5.1,34,10.413823529411765
73.5,8.5,4.9,19,10.0
73.5,9.0,4.7,5,10.0
73.5,9.5,4.3,2,10.0
73.5,10.5,4.3,1,10.0
73.5,11.0,3.3,1,10.0
73.5,12.5,3.6,1,10.0
73.5,15.0,3.0,1,10.0
73.5,124.5,4.5,1,14.98
73.5,134.5,4.5,1,71.2
73.5,135.0,5.3,1,17.8
73.5,137.0,4.2,1,10.0
74.0,-95.0,3.8,1,10.0
74.0,-91.0,4.6,1,10.0
74.0,-80.0,4.0,1,10.0
74.0,-74.0,4.6,2,14.0
74.0,-73.5,4.3,1,10.0
74.0,-73.0,4.4,1,18.0
74.0,-72.5,3.6,1,18.0
74.0,-72.0,4.5,1,18.0
74.0,7.0,4.7,1,10.0
74.0,8.0,4.6,1,10.0
74.0,8.5,5.3,12,10.0
74.0,9.0,5.8,14,11.364285714285714
74.0,9.5,4.6,5,10.0
74.0,10.0,5.2,3,10.0
74.0,13.5,5.0,2,12.52
74.0,14.0,4.3,1,10.0
74.0,114.0,4.0,1,10.0
74.0,114.5,4.5,2,10.0
74.0,130.5,4.4,1,10.0
74.0,134.0,4.7,1,10.0
74.0,134.5,4.8,2,10.0
74.0,135.0,5.1,2,10.0
74.0,143.0,3.9,1,10.0
74.5,-94.5,4.6,1,18.0
74.5,-94.0,4.3,1,18.0
74.5,-93.5,4.2,1,18.0
74.5,-92.5,6.0,2,23.34
74.5,-92.0,5.2,2,18.0
74.5,-83.5,3.8,1,18.0
74.5,-72.5,4.7,1,10.0
74.5,-69.5,4.5,1,10.0
74.5,-61.0,3.8,1,10.0
74.5,7.5,4.1,1,10.0
74.5,8.0,5.3,2,10.0
74.5,8.5,5.7,6,9.555
74.5,9.0,4.8,7,10.0
74.5,9.5,4.4,2,10.0
74.5,10.0,4.6,6,6.666666666666667
74.5,10.5,4.5,1,10.0
74.5,11.0,4.5,1,10.0
74.5,12.0,3.8,1,10.0
74.5,14.5,2.8,1,19.3
74.5,15.5,4.4,1,10.0
74.5,114.0,4.3,1,10.0
74.5,115.0,4.2,2,10.0
74.5,130.0,4.5,2,10.0
74.5,133.0,4.9,1,10.0
74.5,133.5,3.9,1,10.0
74.5,134.5,4.4,1,10.0
74.5,147.0,4.6,3,10.0
75.0,-96.5,3.0,1,18.0
75.0,-73.0,4.6,1,10.0
75.0,-72.5,4.4,2,14.0
75.0,-4.0,4.7,1,10.0
75.0,-2.0,4.4,1,0.8
75.0,5.0,3.7,1,10.0
75.0,8.0,5.1,2,10.0
75.0,8.5,4.5,4,10.0
75.0,9.0,4.6,5,10.0
75.0,10.0,4.6,1,10.0
75.0,16.5,4.8,2,10.0
75.0,113.0,5.1,2,21.535
75.0,128.5,3.8,1,10.0
75.0,131.5,4.1,1,10.0
75.0,133.0,4.4,1,10.0
75.0,133.5,4.9,4,13.0
75.0,134.0,4.3,3,11.753333333333332
75.0,134.5,4.0,1,14.53
75.0,135.5,4.1,1,10.0
75.0,136.5,4.7,3,10.0
75.5,-121.0,4.3,1,18.0
75.5,-120.5,5.0,1,18.0
75.5,-108.0,4.0,1,17.93
75.5,-98.0,4.0,1,10.0
75.5,-72.5,6.1,1,19.0
75.5,-69.0,4.3,1,3.0
75.5,-61.5,4.6,1,10.0
75.5,7.0,4.5,2,10.0
75.5,7.5,4.7,5,10.0
75.5,8.0,4.9,5,10.0
75.5,9.0,4.3,1,10.0
75.5,10.0,5.5,1,10.0
75.5,11.0,3.5,1,15.0
75.5,12.5,4.5,1,10.0
75.5,13.0,4.2,2,10.0
75.5,14.5,4.2,1,10.0
75.5,17.0,4.3,1,10.0
75.5,34.5,2.8,1,10.0
75.5,110.0,4.8,1,10.0
75.5,112.0,4.2,1,14.98
75.5,113.0,4.4,1,10.0
75.5,121.5,4.5,1,10.0
75.5,134.0,5.0,1,10.0
75.5,143.5,4.8,1,10.0
75.5,157.5,4.2,1,10.0
76.0,-122.0,4.2,1,10.0
76.0,-121.0,4.2,1,10.0
76.0,-120.5,3.8,1,18.0
76.0,-119.5,3.4,1,18.0
76.0,-119.0,4.0,1,10.0
76.0,-105.5,4.0,1,10.0
76.0,-95.0,4.3,1,18.0
76.0,-67.0,4.2,1,11.47
76.0,-60.0,4.3,2,10.0
76.0,-59.0,4.1,1,4.0
76.0,-0.0,4.6,1,10.0
76.0,4.5,4.4,1,10.0
76.0,6.5,4.8,1,10.0
76.0,7.0,5.4,10,10.387
76.0,7.5,6.1,11,11.73
76.0,8.0,4.4,3,10.0
76.0,8.5,4.6,4,11.615
76.0,9.0,4.4,2,10.0
76.0,9.5,4.0,3,10.0
76.0,10.0,4.4,1,10.0
76.0,10.5,4.5,1,10.0
76.0,11.0,2.6,1,5.0
76.0,12.5,2.5,1,33.0
76.0,23.5,3.9,1,10.0
76.0,25.0,3.0,1,10.0
76.0,26.0,3.2,1,6.6
76.0,64.5,4.8,1,10.0
76.0,125.0,5.1,2,13.65
76.0,132.0,4.0,1,10.0
76.0,132.5,4.5,2,10.0
76.0,133.5,4.6,1,14.47
76.0,134.0,4.4,3,10.0
76.0,134.5,5.7,1,10.0
76.5,-109.0,4.0,1,18.0
76.5,-107.5,5.2,1,10.0
76.5,-107.0,4.4,8,13.0
76.5,-106.5,3.8,1,18.0
76.5,-97.5,4.7,1,10.0
76.5,-97.0,4.2,1,18.0
76.5,-2.0,5.3,1,10.0
76.5,4.0,4.6,1,10.0
76.5,6.5,4.9,2,10.0
76.5,7.0,5.4,8,10.0
76.5,7.5,5.3,10,13.2
76.5,8.0,4.3,1,10.0
76.5,8.5,4.3,3,10.0
76.5,9.0,4.7,2,10.0
76.5,10.5,4.0,1,10.0
76.5,11.0,4.1,1,10.0
76.5,11.5,3.9,1,10.0
76.5,22.5,4.3,1,10.0
76.5,23.5,5.5,2,10.0
76.5,24.0,2.9,1,11.7
76.5,130.5,4.5,1,10.0
76.5,146.0,4.6,1,10.0
77.0,-120.0,4.4,1,18.0
77.0,-107.5,4.1,1,18.0
77.0,-107.0,4.2,2,10.0
77.0,4.0,4.4,1,10.0
77.0,7.0,4.1,1,10.0
77.0,7.5,5.2,4,10.0
77.0,8.0,4.9,1,10.0
77.0,8.5,4.4,1,10.0
77.0,9.0,4.2,2,10.0
77.0,10.0,4.1,1,10.0
77.0,15.5,4.5,1,10.0
77.0,16.5,4.7,1,10.0
77.0,17.0,4.1,1,5.1
77.0,17.5,4.2,2,8.0
77.0,18.0,4.8,10,10.0004
77.0,18.5,6.1,8,11.8625
77.0,19.0,4.5,4,8.935
77.0,19.5,4.2,2,10.0
77.0,20.0,4.3,3,12.666666666666666
77.0,20.5,4.5,1,10.0
77.0,23.0,3.7,1,10.0
77.0,24.5,4.0,1,10.0
77.0,125.0,4.5,1,10.0
77.0,125.5,3.6,1,30.0
77.0,129.5,4.6,1,10.06
77.0,131.0,4.3,1,10.0
77.0,131.5,4.7,1,10.0
77.5,-127.5,4.7,1,10.0
77.5,-116.0,4.2,1,18.0
77.5,-115.5,4.0,1,18.0
77.5,-113.0,4.2,2,14.0
77.5,-85.5,4.1,1,15.55
77.5,7.0,3.5,1,10.0
77.5,7.5,4.7,4,10.0
77.5,8.0,5.4,7,10.0
77.5,8.5,4.3,2,10.0
77.5,14.5,3.3,2,5.0
77.5,17.0,4.1,1,6.55
77.5,19.0,3.0,1,10.0
77.5,19.5,4.2,3,13.333333333333334
77.5,20.0,3.8,2,8.35
77.5,24.5,3.8,1,10.0
77.5,25.0,2.3,1,19.8
77.5,29.0,3.6,2,10.0
77.5,30.0,2.6,1,2.1
77.5,123.5,4.0,1,10.0
77.5,125.5,3.9,1,10.0
77.5,126.5,5.2,2,21.65
78.0,-114.5,4.8,1,10.0
78.0,-106.0,3.6,1,10.0
78.0,-105.0,4.4,1,10.0
78.0,-24.5,4.4,1,10.0
78.0,-20.0,3.9,1,10.0
78.0,-19.5,3.6,1,10.0
78.0,1.5,4.6,1,10.0
78.0,7.0,4.6,1,10.0
78.0,7.5,5.2,5,8.0
78.0,8.0,4.6,6,10.185
78.0,8.5,4.3,3,7.633333333333333
78.0,9.5,4.0,1,10.0
78.0,10.0,4.4,1,10.0
78.0,12.5,2.5,1,21.3
78.0,14.0,4.2,1,10.0
78.0,14.5,4.3,3,10.0
78.0,19.0,3.1,1,10.0
78.0,19.5,3.1,2,10.0
78.0,20.5,5.1,1,10.0
78.0,126.0,4.8,2,10.0
78.0,126.5,4.9,4,10.0
78.0,127.0,4.3,1,10.0
78.5,-138.0,4.6,1,10.0
78.5,-110.5,3.8,1,15.73
78.5,-107.5,4.5,1,10.0
78.5,-93.5,4.0,1,10.0
78.5,-20.5,4.1,1,10.0
78.5,-20.0,4.4,3,14.866666666666667
78.5,-19.5,4.6,2,10.0
78.5,-19.0,4.4,4,15.75
78.5,-18.0,4.1,1,10.0
78.5,-3.0,4.9,1,10.0
78.5,-1.5,4.2,1,10.0
78.5,1.0,3.7,1,10.0
78.5,2.0,4.0,1,10.0
78.5,2.5,5.1,1,10.0
78.5,5.0,4.6,1,10.0
78.5,5.5,6.7,2,10.0
78.5,6.0,6.1,4,7.725
78.5,6.5,4.7,3,10.0
78.5,7.0,5.2,14,10.0
78.5,7.5,4.9,14,10.084285714285715
78.5,8.0,5.1,7,10.04142857142857
78.5,8.5,4.4,2,7.015000000000001
78.5,9.5,4.3,1,10.0
78.5,22.0,4.0,1,10.0
78.5,125.5,4.8,1,10.0
78.5,126.0,5.5,2,10.0
78.5,131.5,4.3,1,10.0
79.0,-144.0,4.1,1,10.0
79.0,-116.0,4.7,2,13.95
79.0,-115.5,4.0,1,10.0
79.0,-92.5,4.0,1,18.0
79.0,-20.0,4.5,1,10.0
79.0,-19.5,3.7,1,10.0
79.0,-19.0,4.4,2,10.0
79.0,-18.5,3.8,1,10.0
79.0,-17.5,4.0,1,10.0
79.0,2.0,4.7,2,10.0
79.0,2.5,5.1,6,10.0
79.0,3.0,4.6,6,10.0
79.0,3.5,5.6,12,9.990833333333333
79.0,4.0,4.5,4,10.0
79.0,4.5,4.6,3,14.9
79.0,5.0,4.1,2,10.0
79.0,10.5,4.9,1,10.0
79.0,38.5,3.9,1,10.0
79.0,124.0,4.5,3,10.0
79.0,124.5,6.0,5,10.0
79.0,125.0,4.3,2,10.0
79.0,125.5,5.5,2,19.3
79.0,126.0,4.1,1,10.0
79.0,126.5,4.3,1,10.0
79.5,-116.0,5.7,1,7.0
79.5,-115.5,5.4,8,10.0
79.5,-115.0,4.9,7,13.428571428571429
79.5,-114.5,4.4,3,15.333333333333334
79.5,-96.5,4.1,1,10.0
79.5,-19.0,4.0,1,10.0
79.5,-18.0,3.6,1,10.0
79.5,0.5,4.3,2,10.73
79.5,1.5,4.3,1,10.0
79.5,2.5,4.5,3,10.0
79.5,3.0,4.7,16,11.4375
79.5,3.5,5.5,20,10.0
79.5,4.0,5.2,18,10.277777777777779
79.5,4.5,5.0,7,10.0
79.5,5.0,4.5,4,7.5
79.5,5.5,4.7,3,6.8
79.5,6.0,4.4,1,10.0
79.5,19.5,3.8,1,10.0
79.5,20.0,3.5,1,10.0
79.5,21.5,3.7,1,10.0
79.5,123.0,4.4,2,10.0
79.5,124.0,5.4,4,10.0
80.0,-116.0,5.1,1,10.0
80.0,-115.5,5.7,2,10.0
80.0,-115.0,4.7,1,10.0
80.0,-114.5,4.4,1,10.0
80.0,-112.0,4.6,1,10.0
80.0,-111.5,5.1,1,10.0
80.0,-90.5,4.8,1,10.0
80.0,-16.5,4.6,2,10.0
80.0,-3.0,4.4,1,10.0
80.0,-2.0,4.5,1,10.0
80.0,-1.5,4.5,5,10.0
80.0,-1.0,5.5,9,10.855555555555556
80.0,-0.5,5.2,5,10.0
80.0,-0.0,5.2,7,10.0
80.0,0.5,5.3,6,10.0
80.0,1.0,4.9,4,14.175
80.0,2.0,6.2,2,10.0
80.0,2.5,5.4,1,10.0
80.0,3.0,5.7,2,10.0
80.0,3.5,4.3,2,10.0
80.0,5.0,2.9,1,0.1
80.0,19.5,4.2,1,9.53
80.0,20.5,3.5,1,10.0
80.0,24.5,4.1,2,12.5
80.0,95.0,4.6,1,10.0
80.0,122.5,4.5,2,10.0
80.0,123.0,4.5,2,10.0
80.0,124.0,4.7,3,10.0
80.5,-116.5,4.4,1,10.0
80.5,-113.0,4.4,1,10.0
80.5,-110.5,4.2,1,10.0
80.5,-108.0,5.0,1,10.0
80.5,-4.5,4.1,1,25.0
80.5,-3.5,4.9,3,10.0
80.5,-3.0,5.3,3,8.333333333333334
80.5,-2.5,5.7,8,12.3875
80.5,-2.0,6.5,8,9.875
80.5,-1.5,4.5,2,10.0
80.5,-1.0,4.6,4,10.0
80.5,0.5,3.0,1,24.5
80.5,1.0,3.9,1,10.0
80.5,2.0,4.0,2,10.0
80.5,119.0,4.1,1,10.0
80.5,120.0,4.5,1,10.0
80.5,120.5,4.4,2,10.0
80.5,122.0,4.7,4,10.0
80.5,122.5,4.7,1,10.0
81.0,-116.5,5.1,2,10.0
81.0,-114.0,3.7,1,10.0
81.0,-90.0,4.3,1,10.0
81.0,-5.0,4.5,1,10.0
81.0,-4.5,4.5,1,10.0
81.0,-4.0,5.0,6,10.0
81.0,-3.5,4.6,10,11.6
81.0,-3.0,4.8,4,10.0
81.0,-2.5,4.7,3,15.299999999999999
81.0,-2.0,4.6,1,10.0
81.0,-1.5,4.7,1,10.0
81.0,-1.0,4.3,1,10.0
81.0,1.0,5.3,1,10.0
81.0,15.5,4.2,1,10.0
81.0,120.0,4.0,1,10.0
81.0,120.5,4.5,3,10.0
81.0,121.0,4.3,2,10.0
81.0,121.5,5.5,7,17.9
81.5,-118.0,4.2,1,10.0
81.5,-115.5,4.7,1,10.0
81.5,-115.0,3.9,1,10.0
81.5,-114.5,4.2,1,10.0
81.5,-112.0,4.0,1,10.0
81.5,-111.5,3.8,1,18.0
81.5,-51.0,4.0,1,10.0
81.5,-18.5,4.3,1,10.0
81.5,-16.0,4.1,1,10.0
81.5,-15.5,4.3,1,10.0
81.5,-8.0,4.1,1,10.0
81.5,-6.0,4.0,1,10.0
81.5,-5.5,4.2,2,18.785
81.5,-5.0,4.6,5,10.0
81.5,-4.5,5.0,11,10.0
81.5,-4.0,5.0,11,10.0
81.5,-3.5,5.1,8,9.7125
81.5,-3.0,4.6,3,10.0
81.5,-2.0,4.7,1,10.0
81.5,-1.5,3.6,1,10.0
81.5,118.5,4.3,1,10.0
81.5,119.0,4.5,2,10.0
81.5,119.5,5.8,4,9.5
81.5,120.0,5.3,5,10.0
81.5,121.0,4.6,2,10.0
82.0,-83.5,3.9,1,18.0
82.0,-80.0,4.3,1,10.0
82.0,-19.0,4.6,2,10.0
82.0,-17.5,5.4,2,10.0
82.0,-8.5,4.1,1,10.0
82.0,-7.5,4.2,2,10.0
82.0,-7.0,4.1,1,10.0
82.0,-6.5,4.4,1,10.0
82.0,-6.0,4.7,4,13.6
82.0,-5.5,5.1,3,10.0
82.0,-5.0,4.6,1,10.0
82.0,-4.5,4.4,2,10.0
82.0,-4.0,3.8,1,28.3
82.0,-3.5,3.9,1,10.0
82.0,-1.5,3.0,1,10.0
82.0,-0.0,3.5,1,10.0
82.0,117.5,4.8,1,10.0
82.0,118.0,4.1,1,10.0
82.0,118.5,4.2,1,10.0
82.0,119.0,5.3,6,12.700000000000001
82.0,119.5,4.4,3,15.200000000000001
82.0,121.5,4.1,1,10.0
82.0,126.0,4.4,1,10.0
82.5,-72.5,4.3,1,10.0
82.5,-72.0,4.7,1,10.0
82.5,-30.5,4.3,1,10.0
82.5,-29.0,4.0,1,10.0
82.5,-20.0,4.5,1,10.0
82.5,-17.5,4.2,1,10.0
82.5,-9.0,4.4,2,10.0
82.5,-8.5,5.5,2,8.0
82.5,-6.5,4.4,2,10.0
82.5,-6.0,4.7,4,10.0
82.5,-5.5,5.1,3,10.0
82.5,19.5,4.9,2,10.0
82.5,25.0,4.3,1,10.0
82.5,29.0,3.7,1,10.0
82.5,40.0,3.2,1,10.0
82.5,116.5,4.3,1,10.0
82.5,117.5,4.7,2,10.0
82.5,119.0,4.4,1,10.0
83.0,-43.5,4.8,1,10.0
83.0,-29.0,3.9,1,10.0
83.0,-28.5,4.4,2,10.0
83.0,-28.0,5.1,1,10.0
83.0,-27.5,5.6,1,10.0
83.0,-26.5,4.6,1,10.0
83.0,-25.5,4.4,1,10.0
83.0,-24.0,4.2,1,15.1
83.0,-9.5,4.7,1,10.0
83.0,-8.0,4.4,1,9.76
83.0,-7.5,4.5,4,9.9525
83.0,-7.0,5.2,1,10.0
83.0,-6.5,5.5,13,10.0
83.0,-6.0,5.5,10,10.0
83.0,-5.5,4.4,1,10.0
83.0,-5.0,4.2,2,10.0
83.0,-4.5,4.5,1,10.0
83.0,72.5,4.3,1,10.0
83.0,115.0,5.1,1,10.0
83.0,116.0,4.1,1,10.0
83.0,117.0,5.1,3,10.0
83.0,117.5,4.7,1,10.0
83.0,119.5,4.0,1,10.0
83.5,-49.0,4.6,1,10.0
83.5,-35.0,4.4,1,10.0
83.5,-6.0,4.5,1,10.0
83.5,-4.0,4.8,1,10.0
83.5,-3.5,4.4,2,10.0
83.5,-2.5,5.2,2,10.0
83.5,-1.0,4.2,1,10.0
83.5,22.0,4.3,1,10.0
83.5,113.5,4.7,7,10.0
83.5,114.0,4.5,6,10.0
83.5,114.5,5.7,12,10.833333333333334
83.5,115.0,5.4,2,10.0
83.5,115.5,4.6,4,10.0
83.5,116.0,4.6,2,10.0
83.5,116.5,4.4,1,10.0
83.5,117.0,3.7,1,10.0
84.0,-3.5,4.4,1,10.0
84.0,-3.0,4.7,4,12.5325
84.0,-2.5,4.7,4,10.0
84.0,-2.0,4.6,3,10.0
84.0,-1.5,5.0,4,10.0
84.0,-1.0,5.1,9,10.0
84.0,-0.5,4.6,6,11.303333333333333
84.0,-0.0,4.8,3,10.0
84.0,0.5,5.8,4,10.0
84.0,1.0,4.5,5,10.0
84.0,4.0,4.1,1,10.0
84.0,107.0,4.4,1,10.0
84.0,108.0,4.5,1,10.0
84.0,109.0,4.2,1,10.0
84.0,109.5,4.5,1,10.0
84.0,110.0,4.5,1,10.0
84.0,110.5,4.5,1,10.0
84.0,111.0,4.7,2,10.0
84.0,112.0,4.3,2,10.0
84.0,112.5,4.5,3,10.0
84.0,113.0,4.5,4,10.0
84.5,-4.5,4.5,1,10.0
84.5,-3.0,3.8,1,10.0
84.5,-1.0,4.5,1,10.0
84.5,-0.5,4.3,1,10.0
84.5,-0.0,5.2,4,10.0
84.5,0.5,5.4,2,10.0
84.5,1.0,4.7,3,10.0
84.5,1.5,4.3,3,10.0
84.5,2.5,4.2,1,10.0
84.5,3.5,4.5,2,9.844999999999999
84.5,4.0,4.3,4,10.0
84.5,4.5,4.1,2,10.0
84.5,5.0,4.2,1,10.0
84.5,5.5,4.1,1,10.0
84.5,6.0,4.3,1,10.0
84.5,8.0,4.0,1,10.0
84.5,12.5,3.7,1,10.0
84.5,21.0,4.0,1,10.0
84.5,28.5,4.6,1,10.0
84.5,96.5,4.1,1,10.01
84.5,101.0,4.1,1,10.0
84.5,102.5,4.7,1,10.0
84.5,103.5,4.9,1,10.0
84.5,104.0,4.1,1,10.0
84.5,105.0,5.6,1,10.0
84.5,105.5,5.0,1,10.0
84.5,106.0,4.2,1,10.0
84.5,106.5,4.6,1,10.0
84.5,107.0,4.7,3,10.0
84.5,107.5,5.4,3,10.0
84.5,108.0,5.5,2,18.6
84.5,109.0,4.5,2,10.0
85.0,-3.0,3.3,1,10.0
85.0,-2.5,4.5,1,10.0
85.0,3.0,4.3,3,10.0
85.0,4.0,4.6,1,10.0
85.0,4.5,3.4,1,10.0
85.0,5.0,3.7,1,10.0
85.0,6.0,4.5,1,10.0
85.0,6.5,4.9,5,10.02
85.0,7.5,4.3,1,10.0
85.0,8.0,4.4,2,10.0
85.0,8.5,4.5,2,10.0
85.0,9.0,4.6,2,10.0
85.0,10.0,4.3,1,10.0
85.0,11.5,4.8,6,10.0
85.0,12.0,4.5,1,10.0
85.0,12.5,4.6,3,10.0
85.0,13.0,5.2,4,10.0
85.0,13.5,4.7,4,10.0
85.0,14.0,4.7,1,10.0
85.0,17.5,4.5,1,10.0
85.0,23.0,3.2,1,10.0
85.0,83.5,4.1,1,10.0
85.0,85.0,4.7,2,10.0
85.0,85.5,4.1,1,10.0
85.0,86.0,4.6,1,10.0
85.0,91.0,5.0,1,10.0
85.0,91.5,4.8,2,10.0
85.0,92.0,4.1,1,10.0
85.0,92.5,5.0,1,10.0
85.0,93.0,5.5,3,10.0
85.0,93.5,4.5,1,10.0
85.0,94.0,4.8,7,10.0
85.0,94.5,4.6,1,10.0
85.0,95.0,4.5,2,10.0
85.0,95.5,4.6,3,10.0
85.0,96.0,5.1,3,15.966666666666667
85.0,96.5,4.9,3,10.0
85.0,97.0,4.6,4,10.0
85.0,98.0,5.1,3,9.74
85.0,98.5,4.6,6,10.456666666666667
85.0,99.0,5.3,4,10.0
85.0,99.5,6.3,5,10.0
85.0,100.0,4.7,3,10.0
85.0,100.5,4.6,1,10.0
85.0,101.0,4.8,4,10.0
85.0,102.0,4.6,1,9.74
85.0,115.5,4.8,1,10.0
85.5,-6.5,4.5,1,10.0
85.5,8.5,4.0,1,10.0
85.5,10.0,4.8,1,10.0
85.5,12.0,4.6,2,10.0
85.5,13.0,4.6,1,10.0
85.5,13.5,4.9,1,10.0
85.5,14.0,4.7,3,10.0
85.5,14.5,5.0,3,10.0
85.5,15.0,4.1,2,10.0
85.5,17.0,3.6,1,10.0
85.5,18.5,4.3,1,10.0
85.5,19.0,4.0,1,10.0
85.5,21.5,4.8,1,10.0
85.5,22.5,5.5,1,10.0
85.5,23.5,4.2,1,10.0
85.5,33.5,3.8,1,10.0
85.5,40.5,4.0,1,10.0
85.5,47.0,4.3,1,10.0
85.5,78.5,3.9,1,10.0
85.5,79.0,3.7,2,10.0
85.5,80.0,3.8,1,10.0
85.5,81.0,4.2,4,10.0
85.5,81.5,4.2,3,10.0
85.5,82.0,4.5,4,10.0
85.5,82.5,4.5,3,10.0
85.5,83.0,4.7,5,10.0
85.5,83.5,5.3,15,10.0
85.5,84.0,4.9,11,10.0
85.5,84.5,5.6,15,10.0
85.5,85.0,5.5,27,10.0
85.5,85.5,5.2,23,10.0
85.5,86.0,5.5,18,10.0
85.5,86.5,5.8,15,9.979999999999999
85.5,87.0,5.7,8,10.0
85.5,87.5,4.4,5,10.0
85.5,88.0,4.3,2,10.0
85.5,88.5,5.0,5,9.988
85.5,89.0,4.4,7,10.0
85.5,89.5,5.0,6,10.0
85.5,90.0,4.5,3,9.493333333333334
85.5,90.5,4.8,2,10.0
85.5,91.0,5.3,6,10.0
85.5,91.5,5.0,4,10.0
85.5,92.0,4.4,1,10.0
85.5,92.5,4.5,1,10.0
85.5,93.0,4.5,1,10.0
85.5,93.5,4.8,1,10.0
85.5,95.0,4.3,1,10.0
85.5,97.0,5.5,1,10.0
86.0,19.0,4.2,1,10.0
86.0,21.0,4.2,2,10.0
86.0,22.5,4.0,2,10.0
86.0,23.5,4.3,2,10.0
86.0,24.0,4.1,1,10.0
86.0,24.5,4.0,2,10.0
86.0,25.0,4.0,1,10.0
86.0,25.5,4.5,2,11.76
86.0,26.5,4.3,1,10.0
86.0,27.0,4.3,2,10.0
86.0,27.5,4.7,3,10.0
86.0,28.0,4.1,4,15.75
86.0,28.5,4.6,4,10.0
86.0,29.0,3.2,1,10.0
86.0,29.5,4.7,3,10.0
86.0,30.0,4.4,1,10.0
86.0,30.5,4.7,2,10.0
86.0,31.0,5.4,5,10.0
86.0,31.5,5.6,2,10.0
86.0,32.0,5.1,1,10.0
86.0,33.0,5.1,1,10.0
86.0,34.0,4.4,2,10.0
86.0,35.0,3.6,1,10.0
86.0,35.5,4.8,2,10.0
86.0,37.5,4.3,1,10.0
86.0,39.5,4.2,1,10.0
86.0,69.0,4.5,1,10.0
86.0,70.0,4.0,1,10.0
86.0,71.5,4.1,1,10.0
86.0,74.0,3.9,1,10.0
86.0,74.5,5.0,1,10.0
86.0,75.5,4.4,2,10.0
86.0,76.5,4.6,1,10.0
86.0,77.0,3.8,1,10.0
86.0,77.5,3.7,1,10.0
86.0,78.0,3.6,1,10.0
86.0,78.5,4.4,3,10.0
86.0,79.0,4.3,3,10.0
86.0,79.5,4.6,3,10.0
86.0,80.5,4.0,1,10.0
86.0,81.0,4.5,1,10.0
86.0,82.0,5.2,2,10.0
86.0,82.5,3.8,2,10.0
86.0,83.0,4.4,2,10.0
86.0,83.5,4.6,4,10.0
86.0,84.5,4.8,3,10.0
86.0,85.0,4.4,1,10.0
86.0,85.5,4.2,1,10.0
86.0,86.0,4.3,1,10.0
86.0,87.0,4.4,1,10.0
86.5,33.5,3.5,1,10.0
86.5,34.0,4.7,1,10.0
86.5,34.5,4.6,1,10.0
86.5,35.5,4.1,1,10.0
86.5,36.0,4.5,1,10.0
86.5,37.0,5.1,1,10.0
86.5,38.5,4.2,1,10.0
86.5,41.0,5.0,2,10.0
86.5,42.0,4.0,1,10.0
86.5,44.5,4.2,1,10.0
86.5,46.0,4.2,1,10.0
86.5,46.5,4.6,1,10.0
86.5,63.0,3.8,1,10.0
86.5,64.0,4.2,1,10.0
86.5,65.5,4.0,1,10.0
86.5,68.0,4.8,2,10.0
86.5,71.5,4.6,1,10.0
86.5,72.0,4.6,4,10.0
86.5,72.5,4.6,1,10.0
86.5,73.5,5.2,2,10.0
86.5,74.0,4.4,1,10.0
86.5,74.5,4.8,2,10.0
86.5,75.5,5.0,1,10.0
86.5,76.0,3.6,1,10.0
86.5,82.5,4.6,1,10.0
87.0,45.0,4.2,1,14.01
87.0,47.5,4.0,1,14.93
87.0,48.0,4.5,1,10.0
87.0,50.5,4.2,1,10.0
87.0,52.0,4.8,3,10.0
87.0,53.0,5.8,5,11.01
87.0,53.5,4.6,2,17.75
87.0,54.0,5.8,1,10.0
87.0,55.0,5.9,3,10.0
87.0,56.0,5.1,2,10.0
87.0,56.5,4.6,2,10.0
87.0,57.5,4.6,2,10.0
87.0,58.0,4.2,1,10.0
87.0,59.5,3.6,1,10.0
87.0,62.0,4.9,1,10.0
87.0,63.0,5.3,1,10.0
87.5,-72.5,5.0,1,10.0
87.5,7.0,5.3,1,10.0
